Data values,Data values_sort,Data description,Data description_reference,Data description_sort,Data description_hierarchy,Local authority,Local authority_reference,Local authority_sort,Local authority_hierarchy,Period,Period_reference,Period_sort,Period_hierarchy,Tenure,Tenure_reference,Tenure_sort,Tenure_hierarchy,Notes
88900,88900,Dwelling stock estimates,1,1,,Wales,W92000004,1,,31/03/2024,31/03/2024,1711929599000,,Local Authority (Number),1,1,,
149800,149800,Dwelling stock estimates,1,1,,Wales,W92000004,1,,31/03/2024,31/03/2024,1711929599000,,Registered Social Landlord (Number),2,3,,
1243900,1243900,Dwelling stock estimates,1,1,,Wales,W92000004,1,,31/03/2024,31/03/2024,1711929599000,,Owner occupied/Privately rented (Number),3,5,,
1043200,1043200,Dwelling stock estimates,1,1,,Wales,W92000004,1,,31/03/2024,31/03/2024,1711929599000,,Owner occupied (Number),4,6,,Provisional
200700,200700,Dwelling stock estimates,1,1,,Wales,W92000004,1,,31/03/2024,31/03/2024,1711929599000,,Privately rented (Number),5,8,,Provisional
1482600,1482600,Dwelling stock estimates,1,1,,Wales,W92000004,1,,31/03/2024,31/03/2024,1711929599000,,All tenures (Number),6,10,,
88300,88300,Dwelling stock estimates,1,1,,Wales,W92000004,1,,31/03/2023,31/03/2023,1680307199000,,Local Authority (Number),1,1,,
147900,147900,Dwelling stock estimates,1,1,,Wales,W92000004,1,,31/03/2023,31/03/2023,1680307199000,,Registered Social Landlord (Number),2,3,,
1241800,1241800,Dwelling stock estimates,1,1,,Wales,W92000004,1,,31/03/2023,31/03/2023,1680307199000,,Owner occupied/Privately rented (Number),3,5,,
1041400,1041400,Dwelling stock estimates,1,1,,Wales,W92000004,1,,31/03/2023,31/03/2023,1680307199000,,Owner occupied (Number),4,6,,
200400,200400,Dwelling stock estimates,1,1,,Wales,W92000004,1,,31/03/2023,31/03/2023,1680307199000,,Privately rented (Number),5,8,,
1478000,1478000,Dwelling stock estimates,1,1,,Wales,W92000004,1,,31/03/2023,31/03/2023,1680307199000,,All tenures (Number),6,10,,
87700,87700,Dwelling stock estimates,1,1,,Wales,W92000004,1,,31/03/2022,31/03/2022,1648771199000,,Local Authority (Number),1,1,,
146600,146600,Dwelling stock estimates,1,1,,Wales,W92000004,1,,31/03/2022,31/03/2022,1648771199000,,Registered Social Landlord (Number),2,3,,
1238000,1238000,Dwelling stock estimates,1,1,,Wales,W92000004,1,,31/03/2022,31/03/2022,1648771199000,,Owner occupied/Privately rented (Number),3,5,,
1039100,1039100,Dwelling stock estimates,1,1,,Wales,W92000004,1,,31/03/2022,31/03/2022,1648771199000,,Owner occupied (Number),4,6,,
198900,198900,Dwelling stock estimates,1,1,,Wales,W92000004,1,,31/03/2022,31/03/2022,1648771199000,,Privately rented (Number),5,8,,
1472400,1472400,Dwelling stock estimates,1,1,,Wales,W92000004,1,,31/03/2022,31/03/2022,1648771199000,,All tenures (Number),6,10,,
87500,87500,Dwelling stock estimates,1,1,,Wales,W92000004,1,,31/03/2021,31/03/2021,1617235199000,,Local Authority (Number),1,1,,
145300,145300,Dwelling stock estimates,1,1,,Wales,W92000004,1,,31/03/2021,31/03/2021,1617235199000,,Registered Social Landlord (Number),2,3,,
1234400,1234400,Dwelling stock estimates,1,1,,Wales,W92000004,1,,31/03/2021,31/03/2021,1617235199000,,Owner occupied/Privately rented (Number),3,5,,
1038000,1038000,Dwelling stock estimates,1,1,,Wales,W92000004,1,,31/03/2021,31/03/2021,1617235199000,,Owner occupied (Number),4,6,,
196400,196400,Dwelling stock estimates,1,1,,Wales,W92000004,1,,31/03/2021,31/03/2021,1617235199000,,Privately rented (Number),5,8,,
1467200,1467200,Dwelling stock estimates,1,1,,Wales,W92000004,1,,31/03/2021,31/03/2021,1617235199000,,All tenures (Number),6,10,,
87300,87300,Dwelling stock estimates,1,1,,Wales,W92000004,1,,31/03/2020,31/03/2020,1585699199000,,Local Authority (Number),1,1,,
142600,142600,Dwelling stock estimates,1,1,,Wales,W92000004,1,,31/03/2020,31/03/2020,1585699199000,,Registered Social Landlord (Number),2,3,,
1230400,1230400,Dwelling stock estimates,1,1,,Wales,W92000004,1,,31/03/2020,31/03/2020,1585699199000,,Owner occupied/Privately rented (Number),3,5,,
1031100,1031100,Dwelling stock estimates,1,1,,Wales,W92000004,1,,31/03/2020,31/03/2020,1585699199000,,Owner occupied (Number),4,6,,
199200,199200,Dwelling stock estimates,1,1,,Wales,W92000004,1,,31/03/2020,31/03/2020,1585699199000,,Privately rented (Number),5,8,,
1460200,1460200,Dwelling stock estimates,1,1,,Wales,W92000004,1,,31/03/2020,31/03/2020,1585699199000,,All tenures (Number),6,10,,
87300,87300,Dwelling stock estimates,1,1,,Wales,W92000004,1,,31/03/2019,31/03/2019,1554076799000,,Local Authority (Number),1,1,,
141200,141200,Dwelling stock estimates,1,1,,Wales,W92000004,1,,31/03/2019,31/03/2019,1554076799000,,Registered Social Landlord (Number),2,3,,
1223200,1223200,Dwelling stock estimates,1,1,,Wales,W92000004,1,,31/03/2019,31/03/2019,1554076799000,,Owner occupied/Privately rented (Number),3,5,,
1017700,1017700,Dwelling stock estimates,1,1,,Wales,W92000004,1,,31/03/2019,31/03/2019,1554076799000,,Owner occupied (Number),4,6,,
205500,205500,Dwelling stock estimates,1,1,,Wales,W92000004,1,,31/03/2019,31/03/2019,1554076799000,,Privately rented (Number),5,8,,
1451700,1451700,Dwelling stock estimates,1,1,,Wales,W92000004,1,,31/03/2019,31/03/2019,1554076799000,,All tenures (Number),6,10,,
87300,87300,Dwelling stock estimates,1,1,,Wales,W92000004,1,,31/03/2018,31/03/2018,1522540799000,,Local Authority (Number),1,1,,
139900,139900,Dwelling stock estimates,1,1,,Wales,W92000004,1,,31/03/2018,31/03/2018,1522540799000,,Registered Social Landlord (Number),2,3,,
1216300,1216300,Dwelling stock estimates,1,1,,Wales,W92000004,1,,31/03/2018,31/03/2018,1522540799000,,Owner occupied/Privately rented (Number),3,5,,
1008000,1008000,Dwelling stock estimates,1,1,,Wales,W92000004,1,,31/03/2018,31/03/2018,1522540799000,,Owner occupied (Number),4,6,,
208300,208300,Dwelling stock estimates,1,1,,Wales,W92000004,1,,31/03/2018,31/03/2018,1522540799000,,Privately rented (Number),5,8,,
1443500,1443500,Dwelling stock estimates,1,1,,Wales,W92000004,1,,31/03/2018,31/03/2018,1522540799000,,All tenures (Number),6,10,,
87200,87200,Dwelling stock estimates,1,1,,Wales,W92000004,1,,31/03/2017,31/03/2017,1491004799000,,Local Authority (Number),1,1,,
138600,138600,Dwelling stock estimates,1,1,,Wales,W92000004,1,,31/03/2017,31/03/2017,1491004799000,,Registered Social Landlord (Number),2,3,,
1208600,1208600,Dwelling stock estimates,1,1,,Wales,W92000004,1,,31/03/2017,31/03/2017,1491004799000,,Owner occupied/Privately rented (Number),3,5,,
1002500,1002500,Dwelling stock estimates,1,1,,Wales,W92000004,1,,31/03/2017,31/03/2017,1491004799000,,Owner occupied (Number),4,6,,
206100,206100,Dwelling stock estimates,1,1,,Wales,W92000004,1,,31/03/2017,31/03/2017,1491004799000,,Privately rented (Number),5,8,,
1434500,1434500,Dwelling stock estimates,1,1,,Wales,W92000004,1,,31/03/2017,31/03/2017,1491004799000,,All tenures (Number),6,10,,
87300,87300,Dwelling stock estimates,1,1,,Wales,W92000004,1,,31/03/2016,31/03/2016,1459468799000,,Local Authority (Number),1,1,,
137200,137200,Dwelling stock estimates,1,1,,Wales,W92000004,1,,31/03/2016,31/03/2016,1459468799000,,Registered Social Landlord (Number),2,3,,
1200700,1200700,Dwelling stock estimates,1,1,,Wales,W92000004,1,,31/03/2016,31/03/2016,1459468799000,,Owner occupied/Privately rented (Number),3,5,,
994200,994200,Dwelling stock estimates,1,1,,Wales,W92000004,1,,31/03/2016,31/03/2016,1459468799000,,Owner occupied (Number),4,6,,
206500,206500,Dwelling stock estimates,1,1,,Wales,W92000004,1,,31/03/2016,31/03/2016,1459468799000,,Privately rented (Number),5,8,,
1425200,1425200,Dwelling stock estimates,1,1,,Wales,W92000004,1,,31/03/2016,31/03/2016,1459468799000,,All tenures (Number),6,10,,
87800,87800,Dwelling stock estimates,1,1,,Wales,W92000004,1,,31/03/2015,31/03/2015,1427846399000,,Local Authority (Number),1,1,,
136300,136300,Dwelling stock estimates,1,1,,Wales,W92000004,1,,31/03/2015,31/03/2015,1427846399000,,Registered Social Landlord (Number),2,3,,
1191900,1191900,Dwelling stock estimates,1,1,,Wales,W92000004,1,,31/03/2015,31/03/2015,1427846399000,,Owner occupied/Privately rented (Number),3,5,,
985000,985000,Dwelling stock estimates,1,1,,Wales,W92000004,1,,31/03/2015,31/03/2015,1427846399000,,Owner occupied (Number),4,6,,
206900,206900,Dwelling stock estimates,1,1,,Wales,W92000004,1,,31/03/2015,31/03/2015,1427846399000,,Privately rented (Number),5,8,,
1416000,1416000,Dwelling stock estimates,1,1,,Wales,W92000004,1,,31/03/2015,31/03/2015,1427846399000,,All tenures (Number),6,10,,
88100,88100,Dwelling stock estimates,1,1,,Wales,W92000004,1,,31/03/2014,31/03/2014,1396310399000,,Local Authority (Number),1,1,,
135400,135400,Dwelling stock estimates,1,1,,Wales,W92000004,1,,31/03/2014,31/03/2014,1396310399000,,Registered Social Landlord (Number),2,3,,
1184100,1184100,Dwelling stock estimates,1,1,,Wales,W92000004,1,,31/03/2014,31/03/2014,1396310399000,,Owner occupied/Privately rented (Number),3,5,,
983100,983100,Dwelling stock estimates,1,1,,Wales,W92000004,1,,31/03/2014,31/03/2014,1396310399000,,Owner occupied (Number),4,6,,
201000,201000,Dwelling stock estimates,1,1,,Wales,W92000004,1,,31/03/2014,31/03/2014,1396310399000,,Privately rented (Number),5,8,,
1407600,1407600,Dwelling stock estimates,1,1,,Wales,W92000004,1,,31/03/2014,31/03/2014,1396310399000,,All tenures (Number),6,10,,
88200,88200,Dwelling stock estimates,1,1,,Wales,W92000004,1,,31/03/2013,31/03/2013,1364774399000,,Local Authority (Number),1,1,,
134800,134800,Dwelling stock estimates,1,1,,Wales,W92000004,1,,31/03/2013,31/03/2013,1364774399000,,Registered Social Landlord (Number),2,3,,
1176400,1176400,Dwelling stock estimates,1,1,,Wales,W92000004,1,,31/03/2013,31/03/2013,1364774399000,,Owner occupied/Privately rented (Number),3,5,,
981600,981600,Dwelling stock estimates,1,1,,Wales,W92000004,1,,31/03/2013,31/03/2013,1364774399000,,Owner occupied (Number),4,6,,
194800,194800,Dwelling stock estimates,1,1,,Wales,W92000004,1,,31/03/2013,31/03/2013,1364774399000,,Privately rented (Number),5,8,,
1399500,1399500,Dwelling stock estimates,1,1,,Wales,W92000004,1,,31/03/2013,31/03/2013,1364774399000,,All tenures (Number),6,10,,
88400,88400,Dwelling stock estimates,1,1,,Wales,W92000004,1,,31/03/2012,31/03/2012,1333238399000,,Local Authority (Number),1,1,,
134700,134700,Dwelling stock estimates,1,1,,Wales,W92000004,1,,31/03/2012,31/03/2012,1333238399000,,Registered Social Landlord (Number),2,3,,
1168600,1168600,Dwelling stock estimates,1,1,,Wales,W92000004,1,,31/03/2012,31/03/2012,1333238399000,,Owner occupied/Privately rented (Number),3,5,,
976900,976900,Dwelling stock estimates,1,1,,Wales,W92000004,1,,31/03/2012,31/03/2012,1333238399000,,Owner occupied (Number),4,6,,
191600,191600,Dwelling stock estimates,1,1,,Wales,W92000004,1,,31/03/2012,31/03/2012,1333238399000,,Privately rented (Number),5,8,,
1391600,1391600,Dwelling stock estimates,1,1,,Wales,W92000004,1,,31/03/2012,31/03/2012,1333238399000,,All tenures (Number),6,10,,
88700,88700,Dwelling stock estimates,1,1,,Wales,W92000004,1,,31/03/2011,31/03/2011,1301615999000,,Local Authority (Number),1,1,,
133600,133600,Dwelling stock estimates,1,1,,Wales,W92000004,1,,31/03/2011,31/03/2011,1301615999000,,Registered Social Landlord (Number),2,3,,
1161500,1161500,Dwelling stock estimates,1,1,,Wales,W92000004,1,,31/03/2011,31/03/2011,1301615999000,,Owner occupied/Privately rented (Number),3,5,,
981400,981400,Dwelling stock estimates,1,1,,Wales,W92000004,1,,31/03/2011,31/03/2011,1301615999000,,Owner occupied (Number),4,6,,
180100,180100,Dwelling stock estimates,1,1,,Wales,W92000004,1,,31/03/2011,31/03/2011,1301615999000,,Privately rented (Number),5,8,,
1383800,1383800,Dwelling stock estimates,1,1,,Wales,W92000004,1,,31/03/2011,31/03/2011,1301615999000,,All tenures (Number),6,10,,
110600,110600,Dwelling stock estimates,1,1,,Wales,W92000004,1,,31/03/2010,31/03/2010,1270079999000,,Local Authority (Number),1,1,,
110500,110500,Dwelling stock estimates,1,1,,Wales,W92000004,1,,31/03/2010,31/03/2010,1270079999000,,Registered Social Landlord (Number),2,3,,
1154200,1154200,Dwelling stock estimates,1,1,,Wales,W92000004,1,,31/03/2010,31/03/2010,1270079999000,,Owner occupied/Privately rented (Number),3,5,,
983700,983700,Dwelling stock estimates,1,1,,Wales,W92000004,1,,31/03/2010,31/03/2010,1270079999000,,Owner occupied (Number),4,6,,
170500,170500,Dwelling stock estimates,1,1,,Wales,W92000004,1,,31/03/2010,31/03/2010,1270079999000,,Privately rented (Number),5,8,,
1375200,1375200,Dwelling stock estimates,1,1,,Wales,W92000004,1,,31/03/2010,31/03/2010,1270079999000,,All tenures (Number),6,10,,
113000,113000,Dwelling stock estimates,1,1,,Wales,W92000004,1,,31/03/2009,31/03/2009,1238543999000,,Local Authority (Number),1,1,,
106900,106900,Dwelling stock estimates,1,1,,Wales,W92000004,1,,31/03/2009,31/03/2009,1238543999000,,Registered Social Landlord (Number),2,3,,
1145900,1145900,Dwelling stock estimates,1,1,,Wales,W92000004,1,,31/03/2009,31/03/2009,1238543999000,,Owner occupied/Privately rented (Number),3,5,,
989200,989200,Dwelling stock estimates,1,1,,Wales,W92000004,1,,31/03/2009,31/03/2009,1238543999000,,Owner occupied (Number),4,6,,
156700,156700,Dwelling stock estimates,1,1,,Wales,W92000004,1,,31/03/2009,31/03/2009,1238543999000,,Privately rented (Number),5,8,,
1365800,1365800,Dwelling stock estimates,1,1,,Wales,W92000004,1,,31/03/2009,31/03/2009,1238543999000,,All tenures (Number),6,10,,
129900,129900,Dwelling stock estimates,1,1,,Wales,W92000004,1,,31/03/2008,31/03/2008,1207007999000,,Local Authority (Number),1,1,,
89400,89400,Dwelling stock estimates,1,1,,Wales,W92000004,1,,31/03/2008,31/03/2008,1207007999000,,Registered Social Landlord (Number),2,3,,
1135900,1135900,Dwelling stock estimates,1,1,,Wales,W92000004,1,,31/03/2008,31/03/2008,1207007999000,,Owner occupied/Privately rented (Number),3,5,,
1001200,1001200,Dwelling stock estimates,1,1,,Wales,W92000004,1,,31/03/2008,31/03/2008,1207007999000,,Owner occupied (Number),4,6,,
134800,134800,Dwelling stock estimates,1,1,,Wales,W92000004,1,,31/03/2008,31/03/2008,1207007999000,,Privately rented (Number),5,8,,
1355300,1355300,Dwelling stock estimates,1,1,,Wales,W92000004,1,,31/03/2008,31/03/2008,1207007999000,,All tenures (Number),6,10,,
152800,152800,Dwelling stock estimates,1,1,,Wales,W92000004,1,,31/03/2007,31/03/2007,1175385599000,,Local Authority (Number),1,1,,
66600,66600,Dwelling stock estimates,1,1,,Wales,W92000004,1,,31/03/2007,31/03/2007,1175385599000,,Registered Social Landlord (Number),2,3,,
1123800,1123800,Dwelling stock estimates,1,1,,Wales,W92000004,1,,31/03/2007,31/03/2007,1175385599000,,Owner occupied/Privately rented (Number),3,5,,
1001600,1001600,Dwelling stock estimates,1,1,,Wales,W92000004,1,,31/03/2007,31/03/2007,1175385599000,,Owner occupied (Number),4,6,,
122200,122200,Dwelling stock estimates,1,1,,Wales,W92000004,1,,31/03/2007,31/03/2007,1175385599000,,Privately rented (Number),5,8,,
1343300,1343300,Dwelling stock estimates,1,1,,Wales,W92000004,1,,31/03/2007,31/03/2007,1175385599000,,All tenures (Number),6,10,,
154300,154300,Dwelling stock estimates,1,1,,Wales,W92000004,1,,31/03/2006,31/03/2006,1143849599000,,Local Authority (Number),1,1,,
65700,65700,Dwelling stock estimates,1,1,,Wales,W92000004,1,,31/03/2006,31/03/2006,1143849599000,,Registered Social Landlord (Number),2,3,,
1110600,1110600,Dwelling stock estimates,1,1,,Wales,W92000004,1,,31/03/2006,31/03/2006,1143849599000,,Owner occupied/Privately rented (Number),3,5,,
997500,997500,Dwelling stock estimates,1,1,,Wales,W92000004,1,,31/03/2006,31/03/2006,1143849599000,,Owner occupied (Number),4,6,,
113100,113100,Dwelling stock estimates,1,1,,Wales,W92000004,1,,31/03/2006,31/03/2006,1143849599000,,Privately rented (Number),5,8,,
1330600,1330600,Dwelling stock estimates,1,1,,Wales,W92000004,1,,31/03/2006,31/03/2006,1143849599000,,All tenures (Number),6,10,,
156000,156000,Dwelling stock estimates,1,1,,Wales,W92000004,1,,31/03/2005,31/03/2005,1112313599000,,Local Authority (Number),1,1,,
65100,65100,Dwelling stock estimates,1,1,,Wales,W92000004,1,,31/03/2005,31/03/2005,1112313599000,,Registered Social Landlord (Number),2,3,,
1098000,1098000,Dwelling stock estimates,1,1,,Wales,W92000004,1,,31/03/2005,31/03/2005,1112313599000,,Owner occupied/Privately rented (Number),3,5,,
989100,989100,Dwelling stock estimates,1,1,,Wales,W92000004,1,,31/03/2005,31/03/2005,1112313599000,,Owner occupied (Number),4,6,,
109000,109000,Dwelling stock estimates,1,1,,Wales,W92000004,1,,31/03/2005,31/03/2005,1112313599000,,Privately rented (Number),5,8,,
1319100,1319100,Dwelling stock estimates,1,1,,Wales,W92000004,1,,31/03/2005,31/03/2005,1112313599000,,All tenures (Number),6,10,,
159700,159700,Dwelling stock estimates,1,1,,Wales,W92000004,1,,31/03/2004,31/03/2004,1080777599000,,Local Authority (Number),1,1,,
64500,64500,Dwelling stock estimates,1,1,,Wales,W92000004,1,,31/03/2004,31/03/2004,1080777599000,,Registered Social Landlord (Number),2,3,,
1083000,1083000,Dwelling stock estimates,1,1,,Wales,W92000004,1,,31/03/2004,31/03/2004,1080777599000,,Owner occupied/Privately rented (Number),3,5,,
979300,979300,Dwelling stock estimates,1,1,,Wales,W92000004,1,,31/03/2004,31/03/2004,1080777599000,,Owner occupied (Number),4,6,,
103700,103700,Dwelling stock estimates,1,1,,Wales,W92000004,1,,31/03/2004,31/03/2004,1080777599000,,Privately rented (Number),5,8,,
1307200,1307200,Dwelling stock estimates,1,1,,Wales,W92000004,1,,31/03/2004,31/03/2004,1080777599000,,All tenures (Number),6,10,,
175600,175600,Dwelling stock estimates,1,1,,Wales,W92000004,1,,31/03/2003,31/03/2003,1049155199000,,Local Authority (Number),1,1,,
57200,57200,Dwelling stock estimates,1,1,,Wales,W92000004,1,,31/03/2003,31/03/2003,1049155199000,,Registered Social Landlord (Number),2,3,,
1063300,1063300,Dwelling stock estimates,1,1,,Wales,W92000004,1,,31/03/2003,31/03/2003,1049155199000,,Owner occupied/Privately rented (Number),3,5,,
966000,966000,Dwelling stock estimates,1,1,,Wales,W92000004,1,,31/03/2003,31/03/2003,1049155199000,,Owner occupied (Number),4,6,,
97400,97400,Dwelling stock estimates,1,1,,Wales,W92000004,1,,31/03/2003,31/03/2003,1049155199000,,Privately rented (Number),5,8,,
1296100,1296100,Dwelling stock estimates,1,1,,Wales,W92000004,1,,31/03/2003,31/03/2003,1049155199000,,All tenures (Number),6,10,,
183000,183000,Dwelling stock estimates,1,1,,Wales,W92000004,1,,31/03/2002,31/03/2002,1017619199000,,Local Authority (Number),1,1,,
56700,56700,Dwelling stock estimates,1,1,,Wales,W92000004,1,,31/03/2002,31/03/2002,1017619199000,,Registered Social Landlord (Number),2,3,,
1045500,1045500,Dwelling stock estimates,1,1,,Wales,W92000004,1,,31/03/2002,31/03/2002,1017619199000,,Owner occupied/Privately rented (Number),3,5,,
957000,957000,Dwelling stock estimates,1,1,,Wales,W92000004,1,,31/03/2002,31/03/2002,1017619199000,,Owner occupied (Number),4,6,,
88500,88500,Dwelling stock estimates,1,1,,Wales,W92000004,1,,31/03/2002,31/03/2002,1017619199000,,Privately rented (Number),5,8,,
1285200,1285200,Dwelling stock estimates,1,1,,Wales,W92000004,1,,31/03/2002,31/03/2002,1017619199000,,All tenures (Number),6,10,,
187900,187900,Dwelling stock estimates,1,1,,Wales,W92000004,1,,31/03/2001,31/03/2001,986083199000,,Local Authority (Number),1,1,,
55000,55000,Dwelling stock estimates,1,1,,Wales,W92000004,1,,31/03/2001,31/03/2001,986083199000,,Registered Social Landlord (Number),2,3,,
1031600,1031600,Dwelling stock estimates,1,1,,Wales,W92000004,1,,31/03/2001,31/03/2001,986083199000,,Owner occupied/Privately rented (Number),3,5,,
941200,941200,Dwelling stock estimates,1,1,,Wales,W92000004,1,,31/03/2001,31/03/2001,986083199000,,Owner occupied (Number),4,6,,
90400,90400,Dwelling stock estimates,1,1,,Wales,W92000004,1,,31/03/2001,31/03/2001,986083199000,,Privately rented (Number),5,8,,
1274500,1274500,Dwelling stock estimates,1,1,,Wales,W92000004,1,,31/03/2001,31/03/2001,986083199000,,All tenures (Number),6,10,,
4000,4000,Dwelling stock estimates,1,1,,Isle of Anglesey,W06000001,2,WXX000001,31/03/2024,31/03/2024,1711929599000,,Local Authority (Number),1,1,,
1200,1200,Dwelling stock estimates,1,1,,Isle of Anglesey,W06000001,2,WXX000001,31/03/2024,31/03/2024,1711929599000,,Registered Social Landlord (Number),2,3,,
31500,31500,Dwelling stock estimates,1,1,,Isle of Anglesey,W06000001,2,WXX000001,31/03/2024,31/03/2024,1711929599000,,Owner occupied/Privately rented (Number),3,5,,
27200,27200,Dwelling stock estimates,1,1,,Isle of Anglesey,W06000001,2,WXX000001,31/03/2024,31/03/2024,1711929599000,,Owner occupied (Number),4,6,,Provisional
4300,4300,Dwelling stock estimates,1,1,,Isle of Anglesey,W06000001,2,WXX000001,31/03/2024,31/03/2024,1711929599000,,Privately rented (Number),5,8,,Provisional
36700,36700,Dwelling stock estimates,1,1,,Isle of Anglesey,W06000001,2,WXX000001,31/03/2024,31/03/2024,1711929599000,,All tenures (Number),6,10,,
3900,3900,Dwelling stock estimates,1,1,,Isle of Anglesey,W06000001,2,WXX000001,31/03/2023,31/03/2023,1680307199000,,Local Authority (Number),1,1,,
1100,1100,Dwelling stock estimates,1,1,,Isle of Anglesey,W06000001,2,WXX000001,31/03/2023,31/03/2023,1680307199000,,Registered Social Landlord (Number),2,3,,
31500,31500,Dwelling stock estimates,1,1,,Isle of Anglesey,W06000001,2,WXX000001,31/03/2023,31/03/2023,1680307199000,,Owner occupied/Privately rented (Number),3,5,,
27100,27100,Dwelling stock estimates,1,1,,Isle of Anglesey,W06000001,2,WXX000001,31/03/2023,31/03/2023,1680307199000,,Owner occupied (Number),4,6,,
4300,4300,Dwelling stock estimates,1,1,,Isle of Anglesey,W06000001,2,WXX000001,31/03/2023,31/03/2023,1680307199000,,Privately rented (Number),5,8,,
36600,36600,Dwelling stock estimates,1,1,,Isle of Anglesey,W06000001,2,WXX000001,31/03/2023,31/03/2023,1680307199000,,All tenures (Number),6,10,,
3900,3900,Dwelling stock estimates,1,1,,Isle of Anglesey,W06000001,2,WXX000001,31/03/2022,31/03/2022,1648771199000,,Local Authority (Number),1,1,,
1100,1100,Dwelling stock estimates,1,1,,Isle of Anglesey,W06000001,2,WXX000001,31/03/2022,31/03/2022,1648771199000,,Registered Social Landlord (Number),2,3,,
31400,31400,Dwelling stock estimates,1,1,,Isle of Anglesey,W06000001,2,WXX000001,31/03/2022,31/03/2022,1648771199000,,Owner occupied/Privately rented (Number),3,5,,
27500,27500,Dwelling stock estimates,1,1,,Isle of Anglesey,W06000001,2,WXX000001,31/03/2022,31/03/2022,1648771199000,,Owner occupied (Number),4,6,,
3800,3800,Dwelling stock estimates,1,1,,Isle of Anglesey,W06000001,2,WXX000001,31/03/2022,31/03/2022,1648771199000,,Privately rented (Number),5,8,,
36300,36300,Dwelling stock estimates,1,1,,Isle of Anglesey,W06000001,2,WXX000001,31/03/2022,31/03/2022,1648771199000,,All tenures (Number),6,10,,
3900,3900,Dwelling stock estimates,1,1,,Isle of Anglesey,W06000001,2,WXX000001,31/03/2021,31/03/2021,1617235199000,,Local Authority (Number),1,1,,
1100,1100,Dwelling stock estimates,1,1,,Isle of Anglesey,W06000001,2,WXX000001,31/03/2021,31/03/2021,1617235199000,,Registered Social Landlord (Number),2,3,,
31300,31300,Dwelling stock estimates,1,1,,Isle of Anglesey,W06000001,2,WXX000001,31/03/2021,31/03/2021,1617235199000,,Owner occupied/Privately rented (Number),3,5,,
27500,27500,Dwelling stock estimates,1,1,,Isle of Anglesey,W06000001,2,WXX000001,31/03/2021,31/03/2021,1617235199000,,Owner occupied (Number),4,6,,
3800,3800,Dwelling stock estimates,1,1,,Isle of Anglesey,W06000001,2,WXX000001,31/03/2021,31/03/2021,1617235199000,,Privately rented (Number),5,8,,
36200,36200,Dwelling stock estimates,1,1,,Isle of Anglesey,W06000001,2,WXX000001,31/03/2021,31/03/2021,1617235199000,,All tenures (Number),6,10,,
3900,3900,Dwelling stock estimates,1,1,,Isle of Anglesey,W06000001,2,WXX000001,31/03/2020,31/03/2020,1585699199000,,Local Authority (Number),1,1,,
1100,1100,Dwelling stock estimates,1,1,,Isle of Anglesey,W06000001,2,WXX000001,31/03/2020,31/03/2020,1585699199000,,Registered Social Landlord (Number),2,3,,
31000,31000,Dwelling stock estimates,1,1,,Isle of Anglesey,W06000001,2,WXX000001,31/03/2020,31/03/2020,1585699199000,,Owner occupied/Privately rented (Number),3,5,,
27000,27000,Dwelling stock estimates,1,1,,Isle of Anglesey,W06000001,2,WXX000001,31/03/2020,31/03/2020,1585699199000,,Owner occupied (Number),4,6,,
4000,4000,Dwelling stock estimates,1,1,,Isle of Anglesey,W06000001,2,WXX000001,31/03/2020,31/03/2020,1585699199000,,Privately rented (Number),5,8,,
35900,35900,Dwelling stock estimates,1,1,,Isle of Anglesey,W06000001,2,WXX000001,31/03/2020,31/03/2020,1585699199000,,All tenures (Number),6,10,,
3800,3800,Dwelling stock estimates,1,1,,Isle of Anglesey,W06000001,2,WXX000001,31/03/2019,31/03/2019,1554076799000,,Local Authority (Number),1,1,,
1000,1000,Dwelling stock estimates,1,1,,Isle of Anglesey,W06000001,2,WXX000001,31/03/2019,31/03/2019,1554076799000,,Registered Social Landlord (Number),2,3,,
30900,30900,Dwelling stock estimates,1,1,,Isle of Anglesey,W06000001,2,WXX000001,31/03/2019,31/03/2019,1554076799000,,Owner occupied/Privately rented (Number),3,5,,
26800,26800,Dwelling stock estimates,1,1,,Isle of Anglesey,W06000001,2,WXX000001,31/03/2019,31/03/2019,1554076799000,,Owner occupied (Number),4,6,,
4100,4100,Dwelling stock estimates,1,1,,Isle of Anglesey,W06000001,2,WXX000001,31/03/2019,31/03/2019,1554076799000,,Privately rented (Number),5,8,,
35700,35700,Dwelling stock estimates,1,1,,Isle of Anglesey,W06000001,2,WXX000001,31/03/2019,31/03/2019,1554076799000,,All tenures (Number),6,10,,
3800,3800,Dwelling stock estimates,1,1,,Isle of Anglesey,W06000001,2,WXX000001,31/03/2018,31/03/2018,1522540799000,,Local Authority (Number),1,1,,
900,900,Dwelling stock estimates,1,1,,Isle of Anglesey,W06000001,2,WXX000001,31/03/2018,31/03/2018,1522540799000,,Registered Social Landlord (Number),2,3,,
30800,30800,Dwelling stock estimates,1,1,,Isle of Anglesey,W06000001,2,WXX000001,31/03/2018,31/03/2018,1522540799000,,Owner occupied/Privately rented (Number),3,5,,
26400,26400,Dwelling stock estimates,1,1,,Isle of Anglesey,W06000001,2,WXX000001,31/03/2018,31/03/2018,1522540799000,,Owner occupied (Number),4,6,,
4400,4400,Dwelling stock estimates,1,1,,Isle of Anglesey,W06000001,2,WXX000001,31/03/2018,31/03/2018,1522540799000,,Privately rented (Number),5,8,,
35500,35500,Dwelling stock estimates,1,1,,Isle of Anglesey,W06000001,2,WXX000001,31/03/2018,31/03/2018,1522540799000,,All tenures (Number),6,10,,
3800,3800,Dwelling stock estimates,1,1,,Isle of Anglesey,W06000001,2,WXX000001,31/03/2017,31/03/2017,1491004799000,,Local Authority (Number),1,1,,
900,900,Dwelling stock estimates,1,1,,Isle of Anglesey,W06000001,2,WXX000001,31/03/2017,31/03/2017,1491004799000,,Registered Social Landlord (Number),2,3,,
30600,30600,Dwelling stock estimates,1,1,,Isle of Anglesey,W06000001,2,WXX000001,31/03/2017,31/03/2017,1491004799000,,Owner occupied/Privately rented (Number),3,5,,
25900,25900,Dwelling stock estimates,1,1,,Isle of Anglesey,W06000001,2,WXX000001,31/03/2017,31/03/2017,1491004799000,,Owner occupied (Number),4,6,,
4700,4700,Dwelling stock estimates,1,1,,Isle of Anglesey,W06000001,2,WXX000001,31/03/2017,31/03/2017,1491004799000,,Privately rented (Number),5,8,,
35300,35300,Dwelling stock estimates,1,1,,Isle of Anglesey,W06000001,2,WXX000001,31/03/2017,31/03/2017,1491004799000,,All tenures (Number),6,10,,
3800,3800,Dwelling stock estimates,1,1,,Isle of Anglesey,W06000001,2,WXX000001,31/03/2016,31/03/2016,1459468799000,,Local Authority (Number),1,1,,
900,900,Dwelling stock estimates,1,1,,Isle of Anglesey,W06000001,2,WXX000001,31/03/2016,31/03/2016,1459468799000,,Registered Social Landlord (Number),2,3,,
30400,30400,Dwelling stock estimates,1,1,,Isle of Anglesey,W06000001,2,WXX000001,31/03/2016,31/03/2016,1459468799000,,Owner occupied/Privately rented (Number),3,5,,
25700,25700,Dwelling stock estimates,1,1,,Isle of Anglesey,W06000001,2,WXX000001,31/03/2016,31/03/2016,1459468799000,,Owner occupied (Number),4,6,,
4800,4800,Dwelling stock estimates,1,1,,Isle of Anglesey,W06000001,2,WXX000001,31/03/2016,31/03/2016,1459468799000,,Privately rented (Number),5,8,,
35100,35100,Dwelling stock estimates,1,1,,Isle of Anglesey,W06000001,2,WXX000001,31/03/2016,31/03/2016,1459468799000,,All tenures (Number),6,10,,
3800,3800,Dwelling stock estimates,1,1,,Isle of Anglesey,W06000001,2,WXX000001,31/03/2015,31/03/2015,1427846399000,,Local Authority (Number),1,1,,
800,800,Dwelling stock estimates,1,1,,Isle of Anglesey,W06000001,2,WXX000001,31/03/2015,31/03/2015,1427846399000,,Registered Social Landlord (Number),2,3,,
30300,30300,Dwelling stock estimates,1,1,,Isle of Anglesey,W06000001,2,WXX000001,31/03/2015,31/03/2015,1427846399000,,Owner occupied/Privately rented (Number),3,5,,
25700,25700,Dwelling stock estimates,1,1,,Isle of Anglesey,W06000001,2,WXX000001,31/03/2015,31/03/2015,1427846399000,,Owner occupied (Number),4,6,,
4600,4600,Dwelling stock estimates,1,1,,Isle of Anglesey,W06000001,2,WXX000001,31/03/2015,31/03/2015,1427846399000,,Privately rented (Number),5,8,,
34900,34900,Dwelling stock estimates,1,1,,Isle of Anglesey,W06000001,2,WXX000001,31/03/2015,31/03/2015,1427846399000,,All tenures (Number),6,10,,
3800,3800,Dwelling stock estimates,1,1,,Isle of Anglesey,W06000001,2,WXX000001,31/03/2014,31/03/2014,1396310399000,,Local Authority (Number),1,1,,
800,800,Dwelling stock estimates,1,1,,Isle of Anglesey,W06000001,2,WXX000001,31/03/2014,31/03/2014,1396310399000,,Registered Social Landlord (Number),2,3,,
30100,30100,Dwelling stock estimates,1,1,,Isle of Anglesey,W06000001,2,WXX000001,31/03/2014,31/03/2014,1396310399000,,Owner occupied/Privately rented (Number),3,5,,
25300,25300,Dwelling stock estimates,1,1,,Isle of Anglesey,W06000001,2,WXX000001,31/03/2014,31/03/2014,1396310399000,,Owner occupied (Number),4,6,,
4800,4800,Dwelling stock estimates,1,1,,Isle of Anglesey,W06000001,2,WXX000001,31/03/2014,31/03/2014,1396310399000,,Privately rented (Number),5,8,,
34700,34700,Dwelling stock estimates,1,1,,Isle of Anglesey,W06000001,2,WXX000001,31/03/2014,31/03/2014,1396310399000,,All tenures (Number),6,10,,
3800,3800,Dwelling stock estimates,1,1,,Isle of Anglesey,W06000001,2,WXX000001,31/03/2013,31/03/2013,1364774399000,,Local Authority (Number),1,1,,
800,800,Dwelling stock estimates,1,1,,Isle of Anglesey,W06000001,2,WXX000001,31/03/2013,31/03/2013,1364774399000,,Registered Social Landlord (Number),2,3,,
30000,30000,Dwelling stock estimates,1,1,,Isle of Anglesey,W06000001,2,WXX000001,31/03/2013,31/03/2013,1364774399000,,Owner occupied/Privately rented (Number),3,5,,
25000,25000,Dwelling stock estimates,1,1,,Isle of Anglesey,W06000001,2,WXX000001,31/03/2013,31/03/2013,1364774399000,,Owner occupied (Number),4,6,,
5000,5000,Dwelling stock estimates,1,1,,Isle of Anglesey,W06000001,2,WXX000001,31/03/2013,31/03/2013,1364774399000,,Privately rented (Number),5,8,,
34600,34600,Dwelling stock estimates,1,1,,Isle of Anglesey,W06000001,2,WXX000001,31/03/2013,31/03/2013,1364774399000,,All tenures (Number),6,10,,
3800,3800,Dwelling stock estimates,1,1,,Isle of Anglesey,W06000001,2,WXX000001,31/03/2012,31/03/2012,1333238399000,,Local Authority (Number),1,1,,
700,700,Dwelling stock estimates,1,1,,Isle of Anglesey,W06000001,2,WXX000001,31/03/2012,31/03/2012,1333238399000,,Registered Social Landlord (Number),2,3,,
29800,29800,Dwelling stock estimates,1,1,,Isle of Anglesey,W06000001,2,WXX000001,31/03/2012,31/03/2012,1333238399000,,Owner occupied/Privately rented (Number),3,5,,
25000,25000,Dwelling stock estimates,1,1,,Isle of Anglesey,W06000001,2,WXX000001,31/03/2012,31/03/2012,1333238399000,,Owner occupied (Number),4,6,,
4800,4800,Dwelling stock estimates,1,1,,Isle of Anglesey,W06000001,2,WXX000001,31/03/2012,31/03/2012,1333238399000,,Privately rented (Number),5,8,,
34300,34300,Dwelling stock estimates,1,1,,Isle of Anglesey,W06000001,2,WXX000001,31/03/2012,31/03/2012,1333238399000,,All tenures (Number),6,10,,
3800,3800,Dwelling stock estimates,1,1,,Isle of Anglesey,W06000001,2,WXX000001,31/03/2011,31/03/2011,1301615999000,,Local Authority (Number),1,1,,
700,700,Dwelling stock estimates,1,1,,Isle of Anglesey,W06000001,2,WXX000001,31/03/2011,31/03/2011,1301615999000,,Registered Social Landlord (Number),2,3,,
29700,29700,Dwelling stock estimates,1,1,,Isle of Anglesey,W06000001,2,WXX000001,31/03/2011,31/03/2011,1301615999000,,Owner occupied/Privately rented (Number),3,5,,
34200,34200,Dwelling stock estimates,1,1,,Isle of Anglesey,W06000001,2,WXX000001,31/03/2011,31/03/2011,1301615999000,,All tenures (Number),6,10,,
3800,3800,Dwelling stock estimates,1,1,,Isle of Anglesey,W06000001,2,WXX000001,31/03/2010,31/03/2010,1270079999000,,Local Authority (Number),1,1,,
700,700,Dwelling stock estimates,1,1,,Isle of Anglesey,W06000001,2,WXX000001,31/03/2010,31/03/2010,1270079999000,,Registered Social Landlord (Number),2,3,,
29400,29400,Dwelling stock estimates,1,1,,Isle of Anglesey,W06000001,2,WXX000001,31/03/2010,31/03/2010,1270079999000,,Owner occupied/Privately rented (Number),3,5,,
33900,33900,Dwelling stock estimates,1,1,,Isle of Anglesey,W06000001,2,WXX000001,31/03/2010,31/03/2010,1270079999000,,All tenures (Number),6,10,,
3800,3800,Dwelling stock estimates,1,1,,Isle of Anglesey,W06000001,2,WXX000001,31/03/2009,31/03/2009,1238543999000,,Local Authority (Number),1,1,,
600,600,Dwelling stock estimates,1,1,,Isle of Anglesey,W06000001,2,WXX000001,31/03/2009,31/03/2009,1238543999000,,Registered Social Landlord (Number),2,3,,
29100,29100,Dwelling stock estimates,1,1,,Isle of Anglesey,W06000001,2,WXX000001,31/03/2009,31/03/2009,1238543999000,,Owner occupied/Privately rented (Number),3,5,,
33500,33500,Dwelling stock estimates,1,1,,Isle of Anglesey,W06000001,2,WXX000001,31/03/2009,31/03/2009,1238543999000,,All tenures (Number),6,10,,
3800,3800,Dwelling stock estimates,1,1,,Isle of Anglesey,W06000001,2,WXX000001,31/03/2008,31/03/2008,1207007999000,,Local Authority (Number),1,1,,
600,600,Dwelling stock estimates,1,1,,Isle of Anglesey,W06000001,2,WXX000001,31/03/2008,31/03/2008,1207007999000,,Registered Social Landlord (Number),2,3,,
28800,28800,Dwelling stock estimates,1,1,,Isle of Anglesey,W06000001,2,WXX000001,31/03/2008,31/03/2008,1207007999000,,Owner occupied/Privately rented (Number),3,5,,
33200,33200,Dwelling stock estimates,1,1,,Isle of Anglesey,W06000001,2,WXX000001,31/03/2008,31/03/2008,1207007999000,,All tenures (Number),6,10,,
3800,3800,Dwelling stock estimates,1,1,,Isle of Anglesey,W06000001,2,WXX000001,31/03/2007,31/03/2007,1175385599000,,Local Authority (Number),1,1,,
500,500,Dwelling stock estimates,1,1,,Isle of Anglesey,W06000001,2,WXX000001,31/03/2007,31/03/2007,1175385599000,,Registered Social Landlord (Number),2,3,,
28500,28500,Dwelling stock estimates,1,1,,Isle of Anglesey,W06000001,2,WXX000001,31/03/2007,31/03/2007,1175385599000,,Owner occupied/Privately rented (Number),3,5,,
32900,32900,Dwelling stock estimates,1,1,,Isle of Anglesey,W06000001,2,WXX000001,31/03/2007,31/03/2007,1175385599000,,All tenures (Number),6,10,,
3900,3900,Dwelling stock estimates,1,1,,Isle of Anglesey,W06000001,2,WXX000001,31/03/2006,31/03/2006,1143849599000,,Local Authority (Number),1,1,,
500,500,Dwelling stock estimates,1,1,,Isle of Anglesey,W06000001,2,WXX000001,31/03/2006,31/03/2006,1143849599000,,Registered Social Landlord (Number),2,3,,
28200,28200,Dwelling stock estimates,1,1,,Isle of Anglesey,W06000001,2,WXX000001,31/03/2006,31/03/2006,1143849599000,,Owner occupied/Privately rented (Number),3,5,,
32600,32600,Dwelling stock estimates,1,1,,Isle of Anglesey,W06000001,2,WXX000001,31/03/2006,31/03/2006,1143849599000,,All tenures (Number),6,10,,
4000,4000,Dwelling stock estimates,1,1,,Isle of Anglesey,W06000001,2,WXX000001,31/03/2005,31/03/2005,1112313599000,,Local Authority (Number),1,1,,
500,500,Dwelling stock estimates,1,1,,Isle of Anglesey,W06000001,2,WXX000001,31/03/2005,31/03/2005,1112313599000,,Registered Social Landlord (Number),2,3,,
27800,27800,Dwelling stock estimates,1,1,,Isle of Anglesey,W06000001,2,WXX000001,31/03/2005,31/03/2005,1112313599000,,Owner occupied/Privately rented (Number),3,5,,
32300,32300,Dwelling stock estimates,1,1,,Isle of Anglesey,W06000001,2,WXX000001,31/03/2005,31/03/2005,1112313599000,,All tenures (Number),6,10,,
4100,4100,Dwelling stock estimates,1,1,,Isle of Anglesey,W06000001,2,WXX000001,31/03/2004,31/03/2004,1080777599000,,Local Authority (Number),1,1,,
500,500,Dwelling stock estimates,1,1,,Isle of Anglesey,W06000001,2,WXX000001,31/03/2004,31/03/2004,1080777599000,,Registered Social Landlord (Number),2,3,,
27400,27400,Dwelling stock estimates,1,1,,Isle of Anglesey,W06000001,2,WXX000001,31/03/2004,31/03/2004,1080777599000,,Owner occupied/Privately rented (Number),3,5,,
32000,32000,Dwelling stock estimates,1,1,,Isle of Anglesey,W06000001,2,WXX000001,31/03/2004,31/03/2004,1080777599000,,All tenures (Number),6,10,,
4400,4400,Dwelling stock estimates,1,1,,Isle of Anglesey,W06000001,2,WXX000001,31/03/2003,31/03/2003,1049155199000,,Local Authority (Number),1,1,,
500,500,Dwelling stock estimates,1,1,,Isle of Anglesey,W06000001,2,WXX000001,31/03/2003,31/03/2003,1049155199000,,Registered Social Landlord (Number),2,3,,
26800,26800,Dwelling stock estimates,1,1,,Isle of Anglesey,W06000001,2,WXX000001,31/03/2003,31/03/2003,1049155199000,,Owner occupied/Privately rented (Number),3,5,,
31600,31600,Dwelling stock estimates,1,1,,Isle of Anglesey,W06000001,2,WXX000001,31/03/2003,31/03/2003,1049155199000,,All tenures (Number),6,10,,
4600,4600,Dwelling stock estimates,1,1,,Isle of Anglesey,W06000001,2,WXX000001,31/03/2002,31/03/2002,1017619199000,,Local Authority (Number),1,1,,
500,500,Dwelling stock estimates,1,1,,Isle of Anglesey,W06000001,2,WXX000001,31/03/2002,31/03/2002,1017619199000,,Registered Social Landlord (Number),2,3,,
26300,26300,Dwelling stock estimates,1,1,,Isle of Anglesey,W06000001,2,WXX000001,31/03/2002,31/03/2002,1017619199000,,Owner occupied/Privately rented (Number),3,5,,
31300,31300,Dwelling stock estimates,1,1,,Isle of Anglesey,W06000001,2,WXX000001,31/03/2002,31/03/2002,1017619199000,,All tenures (Number),6,10,,
4700,4700,Dwelling stock estimates,1,1,,Isle of Anglesey,W06000001,2,WXX000001,31/03/2001,31/03/2001,986083199000,,Local Authority (Number),1,1,,
500,500,Dwelling stock estimates,1,1,,Isle of Anglesey,W06000001,2,WXX000001,31/03/2001,31/03/2001,986083199000,,Registered Social Landlord (Number),2,3,,
25900,25900,Dwelling stock estimates,1,1,,Isle of Anglesey,W06000001,2,WXX000001,31/03/2001,31/03/2001,986083199000,,Owner occupied/Privately rented (Number),3,5,,
31000,31000,Dwelling stock estimates,1,1,,Isle of Anglesey,W06000001,2,WXX000001,31/03/2001,31/03/2001,986083199000,,All tenures (Number),6,10,,
8900,8900,Dwelling stock estimates,1,1,,Gwynedd,W06000002,3,WXX000001,31/03/2024,31/03/2024,1711929599000,,Registered Social Landlord (Number),2,3,,
54600,54600,Dwelling stock estimates,1,1,,Gwynedd,W06000002,3,WXX000001,31/03/2024,31/03/2024,1711929599000,,Owner occupied/Privately rented (Number),3,5,,
43900,43900,Dwelling stock estimates,1,1,,Gwynedd,W06000002,3,WXX000001,31/03/2024,31/03/2024,1711929599000,,Owner occupied (Number),4,6,,Provisional
10700,10700,Dwelling stock estimates,1,1,,Gwynedd,W06000002,3,WXX000001,31/03/2024,31/03/2024,1711929599000,,Privately rented (Number),5,8,,Provisional
63500,63500,Dwelling stock estimates,1,1,,Gwynedd,W06000002,3,WXX000001,31/03/2024,31/03/2024,1711929599000,,All tenures (Number),6,10,,
8800,8800,Dwelling stock estimates,1,1,,Gwynedd,W06000002,3,WXX000001,31/03/2023,31/03/2023,1680307199000,,Registered Social Landlord (Number),2,3,,
54600,54600,Dwelling stock estimates,1,1,,Gwynedd,W06000002,3,WXX000001,31/03/2023,31/03/2023,1680307199000,,Owner occupied/Privately rented (Number),3,5,,
43900,43900,Dwelling stock estimates,1,1,,Gwynedd,W06000002,3,WXX000001,31/03/2023,31/03/2023,1680307199000,,Owner occupied (Number),4,6,,
10700,10700,Dwelling stock estimates,1,1,,Gwynedd,W06000002,3,WXX000001,31/03/2023,31/03/2023,1680307199000,,Privately rented (Number),5,8,,
63400,63400,Dwelling stock estimates,1,1,,Gwynedd,W06000002,3,WXX000001,31/03/2023,31/03/2023,1680307199000,,All tenures (Number),6,10,,
9000,9000,Dwelling stock estimates,1,1,,Gwynedd,W06000002,3,WXX000001,31/03/2022,31/03/2022,1648771199000,,Registered Social Landlord (Number),2,3,,
54300,54300,Dwelling stock estimates,1,1,,Gwynedd,W06000002,3,WXX000001,31/03/2022,31/03/2022,1648771199000,,Owner occupied/Privately rented (Number),3,5,,
44100,44100,Dwelling stock estimates,1,1,,Gwynedd,W06000002,3,WXX000001,31/03/2022,31/03/2022,1648771199000,,Owner occupied (Number),4,6,,
10300,10300,Dwelling stock estimates,1,1,,Gwynedd,W06000002,3,WXX000001,31/03/2022,31/03/2022,1648771199000,,Privately rented (Number),5,8,,
63400,63400,Dwelling stock estimates,1,1,,Gwynedd,W06000002,3,WXX000001,31/03/2022,31/03/2022,1648771199000,,All tenures (Number),6,10,,
9000,9000,Dwelling stock estimates,1,1,,Gwynedd,W06000002,3,WXX000001,31/03/2021,31/03/2021,1617235199000,,Registered Social Landlord (Number),2,3,,
54200,54200,Dwelling stock estimates,1,1,,Gwynedd,W06000002,3,WXX000001,31/03/2021,31/03/2021,1617235199000,,Owner occupied/Privately rented (Number),3,5,,
45100,45100,Dwelling stock estimates,1,1,,Gwynedd,W06000002,3,WXX000001,31/03/2021,31/03/2021,1617235199000,,Owner occupied (Number),4,6,,
9100,9100,Dwelling stock estimates,1,1,,Gwynedd,W06000002,3,WXX000001,31/03/2021,31/03/2021,1617235199000,,Privately rented (Number),5,8,,
63200,63200,Dwelling stock estimates,1,1,,Gwynedd,W06000002,3,WXX000001,31/03/2021,31/03/2021,1617235199000,,All tenures (Number),6,10,,
8700,8700,Dwelling stock estimates,1,1,,Gwynedd,W06000002,3,WXX000001,31/03/2020,31/03/2020,1585699199000,,Registered Social Landlord (Number),2,3,,
54400,54400,Dwelling stock estimates,1,1,,Gwynedd,W06000002,3,WXX000001,31/03/2020,31/03/2020,1585699199000,,Owner occupied/Privately rented (Number),3,5,,
45600,45600,Dwelling stock estimates,1,1,,Gwynedd,W06000002,3,WXX000001,31/03/2020,31/03/2020,1585699199000,,Owner occupied (Number),4,6,,
8800,8800,Dwelling stock estimates,1,1,,Gwynedd,W06000002,3,WXX000001,31/03/2020,31/03/2020,1585699199000,,Privately rented (Number),5,8,,
63100,63100,Dwelling stock estimates,1,1,,Gwynedd,W06000002,3,WXX000001,31/03/2020,31/03/2020,1585699199000,,All tenures (Number),6,10,,
8700,8700,Dwelling stock estimates,1,1,,Gwynedd,W06000002,3,WXX000001,31/03/2019,31/03/2019,1554076799000,,Registered Social Landlord (Number),2,3,,
54200,54200,Dwelling stock estimates,1,1,,Gwynedd,W06000002,3,WXX000001,31/03/2019,31/03/2019,1554076799000,,Owner occupied/Privately rented (Number),3,5,,
45000,45000,Dwelling stock estimates,1,1,,Gwynedd,W06000002,3,WXX000001,31/03/2019,31/03/2019,1554076799000,,Owner occupied (Number),4,6,,
9200,9200,Dwelling stock estimates,1,1,,Gwynedd,W06000002,3,WXX000001,31/03/2019,31/03/2019,1554076799000,,Privately rented (Number),5,8,,
62800,62800,Dwelling stock estimates,1,1,,Gwynedd,W06000002,3,WXX000001,31/03/2019,31/03/2019,1554076799000,,All tenures (Number),6,10,,
8600,8600,Dwelling stock estimates,1,1,,Gwynedd,W06000002,3,WXX000001,31/03/2018,31/03/2018,1522540799000,,Registered Social Landlord (Number),2,3,,
53900,53900,Dwelling stock estimates,1,1,,Gwynedd,W06000002,3,WXX000001,31/03/2018,31/03/2018,1522540799000,,Owner occupied/Privately rented (Number),3,5,,
44700,44700,Dwelling stock estimates,1,1,,Gwynedd,W06000002,3,WXX000001,31/03/2018,31/03/2018,1522540799000,,Owner occupied (Number),4,6,,
9200,9200,Dwelling stock estimates,1,1,,Gwynedd,W06000002,3,WXX000001,31/03/2018,31/03/2018,1522540799000,,Privately rented (Number),5,8,,
62500,62500,Dwelling stock estimates,1,1,,Gwynedd,W06000002,3,WXX000001,31/03/2018,31/03/2018,1522540799000,,All tenures (Number),6,10,,
8600,8600,Dwelling stock estimates,1,1,,Gwynedd,W06000002,3,WXX000001,31/03/2017,31/03/2017,1491004799000,,Registered Social Landlord (Number),2,3,,
53600,53600,Dwelling stock estimates,1,1,,Gwynedd,W06000002,3,WXX000001,31/03/2017,31/03/2017,1491004799000,,Owner occupied/Privately rented (Number),3,5,,
44400,44400,Dwelling stock estimates,1,1,,Gwynedd,W06000002,3,WXX000001,31/03/2017,31/03/2017,1491004799000,,Owner occupied (Number),4,6,,
9200,9200,Dwelling stock estimates,1,1,,Gwynedd,W06000002,3,WXX000001,31/03/2017,31/03/2017,1491004799000,,Privately rented (Number),5,8,,
62200,62200,Dwelling stock estimates,1,1,,Gwynedd,W06000002,3,WXX000001,31/03/2017,31/03/2017,1491004799000,,All tenures (Number),6,10,,
8600,8600,Dwelling stock estimates,1,1,,Gwynedd,W06000002,3,WXX000001,31/03/2016,31/03/2016,1459468799000,,Registered Social Landlord (Number),2,3,,
53400,53400,Dwelling stock estimates,1,1,,Gwynedd,W06000002,3,WXX000001,31/03/2016,31/03/2016,1459468799000,,Owner occupied/Privately rented (Number),3,5,,
44000,44000,Dwelling stock estimates,1,1,,Gwynedd,W06000002,3,WXX000001,31/03/2016,31/03/2016,1459468799000,,Owner occupied (Number),4,6,,
9300,9300,Dwelling stock estimates,1,1,,Gwynedd,W06000002,3,WXX000001,31/03/2016,31/03/2016,1459468799000,,Privately rented (Number),5,8,,
62000,62000,Dwelling stock estimates,1,1,,Gwynedd,W06000002,3,WXX000001,31/03/2016,31/03/2016,1459468799000,,All tenures (Number),6,10,,
8600,8600,Dwelling stock estimates,1,1,,Gwynedd,W06000002,3,WXX000001,31/03/2015,31/03/2015,1427846399000,,Registered Social Landlord (Number),2,3,,
53200,53200,Dwelling stock estimates,1,1,,Gwynedd,W06000002,3,WXX000001,31/03/2015,31/03/2015,1427846399000,,Owner occupied/Privately rented (Number),3,5,,
44100,44100,Dwelling stock estimates,1,1,,Gwynedd,W06000002,3,WXX000001,31/03/2015,31/03/2015,1427846399000,,Owner occupied (Number),4,6,,
9000,9000,Dwelling stock estimates,1,1,,Gwynedd,W06000002,3,WXX000001,31/03/2015,31/03/2015,1427846399000,,Privately rented (Number),5,8,,
61800,61800,Dwelling stock estimates,1,1,,Gwynedd,W06000002,3,WXX000001,31/03/2015,31/03/2015,1427846399000,,All tenures (Number),6,10,,
8500,8500,Dwelling stock estimates,1,1,,Gwynedd,W06000002,3,WXX000001,31/03/2014,31/03/2014,1396310399000,,Registered Social Landlord (Number),2,3,,
53000,53000,Dwelling stock estimates,1,1,,Gwynedd,W06000002,3,WXX000001,31/03/2014,31/03/2014,1396310399000,,Owner occupied/Privately rented (Number),3,5,,
44500,44500,Dwelling stock estimates,1,1,,Gwynedd,W06000002,3,WXX000001,31/03/2014,31/03/2014,1396310399000,,Owner occupied (Number),4,6,,
8500,8500,Dwelling stock estimates,1,1,,Gwynedd,W06000002,3,WXX000001,31/03/2014,31/03/2014,1396310399000,,Privately rented (Number),5,8,,
61600,61600,Dwelling stock estimates,1,1,,Gwynedd,W06000002,3,WXX000001,31/03/2014,31/03/2014,1396310399000,,All tenures (Number),6,10,,
8500,8500,Dwelling stock estimates,1,1,,Gwynedd,W06000002,3,WXX000001,31/03/2013,31/03/2013,1364774399000,,Registered Social Landlord (Number),2,3,,
52800,52800,Dwelling stock estimates,1,1,,Gwynedd,W06000002,3,WXX000001,31/03/2013,31/03/2013,1364774399000,,Owner occupied/Privately rented (Number),3,5,,
44900,44900,Dwelling stock estimates,1,1,,Gwynedd,W06000002,3,WXX000001,31/03/2013,31/03/2013,1364774399000,,Owner occupied (Number),4,6,,
7900,7900,Dwelling stock estimates,1,1,,Gwynedd,W06000002,3,WXX000001,31/03/2013,31/03/2013,1364774399000,,Privately rented (Number),5,8,,
61400,61400,Dwelling stock estimates,1,1,,Gwynedd,W06000002,3,WXX000001,31/03/2013,31/03/2013,1364774399000,,All tenures (Number),6,10,,
8500,8500,Dwelling stock estimates,1,1,,Gwynedd,W06000002,3,WXX000001,31/03/2012,31/03/2012,1333238399000,,Registered Social Landlord (Number),2,3,,
52700,52700,Dwelling stock estimates,1,1,,Gwynedd,W06000002,3,WXX000001,31/03/2012,31/03/2012,1333238399000,,Owner occupied/Privately rented (Number),3,5,,
45400,45400,Dwelling stock estimates,1,1,,Gwynedd,W06000002,3,WXX000001,31/03/2012,31/03/2012,1333238399000,,Owner occupied (Number),4,6,,
7200,7200,Dwelling stock estimates,1,1,,Gwynedd,W06000002,3,WXX000001,31/03/2012,31/03/2012,1333238399000,,Privately rented (Number),5,8,,
61200,61200,Dwelling stock estimates,1,1,,Gwynedd,W06000002,3,WXX000001,31/03/2012,31/03/2012,1333238399000,,All tenures (Number),6,10,,
8500,8500,Dwelling stock estimates,1,1,,Gwynedd,W06000002,3,WXX000001,31/03/2011,31/03/2011,1301615999000,,Registered Social Landlord (Number),2,3,,
52500,52500,Dwelling stock estimates,1,1,,Gwynedd,W06000002,3,WXX000001,31/03/2011,31/03/2011,1301615999000,,Owner occupied/Privately rented (Number),3,5,,
61000,61000,Dwelling stock estimates,1,1,,Gwynedd,W06000002,3,WXX000001,31/03/2011,31/03/2011,1301615999000,,All tenures (Number),6,10,,
6300,6300,Dwelling stock estimates,1,1,,Gwynedd,W06000002,3,WXX000001,31/03/2010,31/03/2010,1270079999000,,Local Authority (Number),1,1,,
2100,2100,Dwelling stock estimates,1,1,,Gwynedd,W06000002,3,WXX000001,31/03/2010,31/03/2010,1270079999000,,Registered Social Landlord (Number),2,3,,
52100,52100,Dwelling stock estimates,1,1,,Gwynedd,W06000002,3,WXX000001,31/03/2010,31/03/2010,1270079999000,,Owner occupied/Privately rented (Number),3,5,,
60600,60600,Dwelling stock estimates,1,1,,Gwynedd,W06000002,3,WXX000001,31/03/2010,31/03/2010,1270079999000,,All tenures (Number),6,10,,
6300,6300,Dwelling stock estimates,1,1,,Gwynedd,W06000002,3,WXX000001,31/03/2009,31/03/2009,1238543999000,,Local Authority (Number),1,1,,
2100,2100,Dwelling stock estimates,1,1,,Gwynedd,W06000002,3,WXX000001,31/03/2009,31/03/2009,1238543999000,,Registered Social Landlord (Number),2,3,,
51700,51700,Dwelling stock estimates,1,1,,Gwynedd,W06000002,3,WXX000001,31/03/2009,31/03/2009,1238543999000,,Owner occupied/Privately rented (Number),3,5,,
60200,60200,Dwelling stock estimates,1,1,,Gwynedd,W06000002,3,WXX000001,31/03/2009,31/03/2009,1238543999000,,All tenures (Number),6,10,,
6300,6300,Dwelling stock estimates,1,1,,Gwynedd,W06000002,3,WXX000001,31/03/2008,31/03/2008,1207007999000,,Local Authority (Number),1,1,,
2100,2100,Dwelling stock estimates,1,1,,Gwynedd,W06000002,3,WXX000001,31/03/2008,31/03/2008,1207007999000,,Registered Social Landlord (Number),2,3,,
51300,51300,Dwelling stock estimates,1,1,,Gwynedd,W06000002,3,WXX000001,31/03/2008,31/03/2008,1207007999000,,Owner occupied/Privately rented (Number),3,5,,
59700,59700,Dwelling stock estimates,1,1,,Gwynedd,W06000002,3,WXX000001,31/03/2008,31/03/2008,1207007999000,,All tenures (Number),6,10,,
6400,6400,Dwelling stock estimates,1,1,,Gwynedd,W06000002,3,WXX000001,31/03/2007,31/03/2007,1175385599000,,Local Authority (Number),1,1,,
2000,2000,Dwelling stock estimates,1,1,,Gwynedd,W06000002,3,WXX000001,31/03/2007,31/03/2007,1175385599000,,Registered Social Landlord (Number),2,3,,
50800,50800,Dwelling stock estimates,1,1,,Gwynedd,W06000002,3,WXX000001,31/03/2007,31/03/2007,1175385599000,,Owner occupied/Privately rented (Number),3,5,,
59200,59200,Dwelling stock estimates,1,1,,Gwynedd,W06000002,3,WXX000001,31/03/2007,31/03/2007,1175385599000,,All tenures (Number),6,10,,
6400,6400,Dwelling stock estimates,1,1,,Gwynedd,W06000002,3,WXX000001,31/03/2006,31/03/2006,1143849599000,,Local Authority (Number),1,1,,
2000,2000,Dwelling stock estimates,1,1,,Gwynedd,W06000002,3,WXX000001,31/03/2006,31/03/2006,1143849599000,,Registered Social Landlord (Number),2,3,,
50300,50300,Dwelling stock estimates,1,1,,Gwynedd,W06000002,3,WXX000001,31/03/2006,31/03/2006,1143849599000,,Owner occupied/Privately rented (Number),3,5,,
58700,58700,Dwelling stock estimates,1,1,,Gwynedd,W06000002,3,WXX000001,31/03/2006,31/03/2006,1143849599000,,All tenures (Number),6,10,,
6500,6500,Dwelling stock estimates,1,1,,Gwynedd,W06000002,3,WXX000001,31/03/2005,31/03/2005,1112313599000,,Local Authority (Number),1,1,,
2000,2000,Dwelling stock estimates,1,1,,Gwynedd,W06000002,3,WXX000001,31/03/2005,31/03/2005,1112313599000,,Registered Social Landlord (Number),2,3,,
49800,49800,Dwelling stock estimates,1,1,,Gwynedd,W06000002,3,WXX000001,31/03/2005,31/03/2005,1112313599000,,Owner occupied/Privately rented (Number),3,5,,
58300,58300,Dwelling stock estimates,1,1,,Gwynedd,W06000002,3,WXX000001,31/03/2005,31/03/2005,1112313599000,,All tenures (Number),6,10,,
6200,6200,Dwelling stock estimates,1,1,,Gwynedd,W06000002,3,WXX000001,31/03/2004,31/03/2004,1080777599000,,Local Authority (Number),1,1,,
2000,2000,Dwelling stock estimates,1,1,,Gwynedd,W06000002,3,WXX000001,31/03/2004,31/03/2004,1080777599000,,Registered Social Landlord (Number),2,3,,
49700,49700,Dwelling stock estimates,1,1,,Gwynedd,W06000002,3,WXX000001,31/03/2004,31/03/2004,1080777599000,,Owner occupied/Privately rented (Number),3,5,,
57900,57900,Dwelling stock estimates,1,1,,Gwynedd,W06000002,3,WXX000001,31/03/2004,31/03/2004,1080777599000,,All tenures (Number),6,10,,
6900,6900,Dwelling stock estimates,1,1,,Gwynedd,W06000002,3,WXX000001,31/03/2003,31/03/2003,1049155199000,,Local Authority (Number),1,1,,
2000,2000,Dwelling stock estimates,1,1,,Gwynedd,W06000002,3,WXX000001,31/03/2003,31/03/2003,1049155199000,,Registered Social Landlord (Number),2,3,,
48600,48600,Dwelling stock estimates,1,1,,Gwynedd,W06000002,3,WXX000001,31/03/2003,31/03/2003,1049155199000,,Owner occupied/Privately rented (Number),3,5,,
57500,57500,Dwelling stock estimates,1,1,,Gwynedd,W06000002,3,WXX000001,31/03/2003,31/03/2003,1049155199000,,All tenures (Number),6,10,,
7100,7100,Dwelling stock estimates,1,1,,Gwynedd,W06000002,3,WXX000001,31/03/2002,31/03/2002,1017619199000,,Local Authority (Number),1,1,,
2000,2000,Dwelling stock estimates,1,1,,Gwynedd,W06000002,3,WXX000001,31/03/2002,31/03/2002,1017619199000,,Registered Social Landlord (Number),2,3,,
48000,48000,Dwelling stock estimates,1,1,,Gwynedd,W06000002,3,WXX000001,31/03/2002,31/03/2002,1017619199000,,Owner occupied/Privately rented (Number),3,5,,
57100,57100,Dwelling stock estimates,1,1,,Gwynedd,W06000002,3,WXX000001,31/03/2002,31/03/2002,1017619199000,,All tenures (Number),6,10,,
7300,7300,Dwelling stock estimates,1,1,,Gwynedd,W06000002,3,WXX000001,31/03/2001,31/03/2001,986083199000,,Local Authority (Number),1,1,,
1800,1800,Dwelling stock estimates,1,1,,Gwynedd,W06000002,3,WXX000001,31/03/2001,31/03/2001,986083199000,,Registered Social Landlord (Number),2,3,,
47600,47600,Dwelling stock estimates,1,1,,Gwynedd,W06000002,3,WXX000001,31/03/2001,31/03/2001,986083199000,,Owner occupied/Privately rented (Number),3,5,,
56700,56700,Dwelling stock estimates,1,1,,Gwynedd,W06000002,3,WXX000001,31/03/2001,31/03/2001,986083199000,,All tenures (Number),6,10,,
6400,6400,Dwelling stock estimates,1,1,,Conwy,W06000003,4,WXX000001,31/03/2024,31/03/2024,1711929599000,,Registered Social Landlord (Number),2,3,,
52200,52200,Dwelling stock estimates,1,1,,Conwy,W06000003,4,WXX000001,31/03/2024,31/03/2024,1711929599000,,Owner occupied/Privately rented (Number),3,5,,
44000,44000,Dwelling stock estimates,1,1,,Conwy,W06000003,4,WXX000001,31/03/2024,31/03/2024,1711929599000,,Owner occupied (Number),4,6,,Provisional
8200,8200,Dwelling stock estimates,1,1,,Conwy,W06000003,4,WXX000001,31/03/2024,31/03/2024,1711929599000,,Privately rented (Number),5,8,,Provisional
58600,58600,Dwelling stock estimates,1,1,,Conwy,W06000003,4,WXX000001,31/03/2024,31/03/2024,1711929599000,,All tenures (Number),6,10,,
6300,6300,Dwelling stock estimates,1,1,,Conwy,W06000003,4,WXX000001,31/03/2023,31/03/2023,1680307199000,,Registered Social Landlord (Number),2,3,,
52200,52200,Dwelling stock estimates,1,1,,Conwy,W06000003,4,WXX000001,31/03/2023,31/03/2023,1680307199000,,Owner occupied/Privately rented (Number),3,5,,
44000,44000,Dwelling stock estimates,1,1,,Conwy,W06000003,4,WXX000001,31/03/2023,31/03/2023,1680307199000,,Owner occupied (Number),4,6,,
8200,8200,Dwelling stock estimates,1,1,,Conwy,W06000003,4,WXX000001,31/03/2023,31/03/2023,1680307199000,,Privately rented (Number),5,8,,
58500,58500,Dwelling stock estimates,1,1,,Conwy,W06000003,4,WXX000001,31/03/2023,31/03/2023,1680307199000,,All tenures (Number),6,10,,
6300,6300,Dwelling stock estimates,1,1,,Conwy,W06000003,4,WXX000001,31/03/2022,31/03/2022,1648771199000,,Registered Social Landlord (Number),2,3,,
52000,52000,Dwelling stock estimates,1,1,,Conwy,W06000003,4,WXX000001,31/03/2022,31/03/2022,1648771199000,,Owner occupied/Privately rented (Number),3,5,,
43000,43000,Dwelling stock estimates,1,1,,Conwy,W06000003,4,WXX000001,31/03/2022,31/03/2022,1648771199000,,Owner occupied (Number),4,6,,
9000,9000,Dwelling stock estimates,1,1,,Conwy,W06000003,4,WXX000001,31/03/2022,31/03/2022,1648771199000,,Privately rented (Number),5,8,,
58300,58300,Dwelling stock estimates,1,1,,Conwy,W06000003,4,WXX000001,31/03/2022,31/03/2022,1648771199000,,All tenures (Number),6,10,,
6300,6300,Dwelling stock estimates,1,1,,Conwy,W06000003,4,WXX000001,31/03/2021,31/03/2021,1617235199000,,Registered Social Landlord (Number),2,3,,
51700,51700,Dwelling stock estimates,1,1,,Conwy,W06000003,4,WXX000001,31/03/2021,31/03/2021,1617235199000,,Owner occupied/Privately rented (Number),3,5,,
42200,42200,Dwelling stock estimates,1,1,,Conwy,W06000003,4,WXX000001,31/03/2021,31/03/2021,1617235199000,,Owner occupied (Number),4,6,,
9500,9500,Dwelling stock estimates,1,1,,Conwy,W06000003,4,WXX000001,31/03/2021,31/03/2021,1617235199000,,Privately rented (Number),5,8,,
58000,58000,Dwelling stock estimates,1,1,,Conwy,W06000003,4,WXX000001,31/03/2021,31/03/2021,1617235199000,,All tenures (Number),6,10,,
6200,6200,Dwelling stock estimates,1,1,,Conwy,W06000003,4,WXX000001,31/03/2020,31/03/2020,1585699199000,,Registered Social Landlord (Number),2,3,,
51600,51600,Dwelling stock estimates,1,1,,Conwy,W06000003,4,WXX000001,31/03/2020,31/03/2020,1585699199000,,Owner occupied/Privately rented (Number),3,5,,
42800,42800,Dwelling stock estimates,1,1,,Conwy,W06000003,4,WXX000001,31/03/2020,31/03/2020,1585699199000,,Owner occupied (Number),4,6,,
8800,8800,Dwelling stock estimates,1,1,,Conwy,W06000003,4,WXX000001,31/03/2020,31/03/2020,1585699199000,,Privately rented (Number),5,8,,
57800,57800,Dwelling stock estimates,1,1,,Conwy,W06000003,4,WXX000001,31/03/2020,31/03/2020,1585699199000,,All tenures (Number),6,10,,
6200,6200,Dwelling stock estimates,1,1,,Conwy,W06000003,4,WXX000001,31/03/2019,31/03/2019,1554076799000,,Registered Social Landlord (Number),2,3,,
51400,51400,Dwelling stock estimates,1,1,,Conwy,W06000003,4,WXX000001,31/03/2019,31/03/2019,1554076799000,,Owner occupied/Privately rented (Number),3,5,,
43400,43400,Dwelling stock estimates,1,1,,Conwy,W06000003,4,WXX000001,31/03/2019,31/03/2019,1554076799000,,Owner occupied (Number),4,6,,
8000,8000,Dwelling stock estimates,1,1,,Conwy,W06000003,4,WXX000001,31/03/2019,31/03/2019,1554076799000,,Privately rented (Number),5,8,,
57600,57600,Dwelling stock estimates,1,1,,Conwy,W06000003,4,WXX000001,31/03/2019,31/03/2019,1554076799000,,All tenures (Number),6,10,,
6200,6200,Dwelling stock estimates,1,1,,Conwy,W06000003,4,WXX000001,31/03/2018,31/03/2018,1522540799000,,Registered Social Landlord (Number),2,3,,
51200,51200,Dwelling stock estimates,1,1,,Conwy,W06000003,4,WXX000001,31/03/2018,31/03/2018,1522540799000,,Owner occupied/Privately rented (Number),3,5,,
43100,43100,Dwelling stock estimates,1,1,,Conwy,W06000003,4,WXX000001,31/03/2018,31/03/2018,1522540799000,,Owner occupied (Number),4,6,,
8100,8100,Dwelling stock estimates,1,1,,Conwy,W06000003,4,WXX000001,31/03/2018,31/03/2018,1522540799000,,Privately rented (Number),5,8,,
57400,57400,Dwelling stock estimates,1,1,,Conwy,W06000003,4,WXX000001,31/03/2018,31/03/2018,1522540799000,,All tenures (Number),6,10,,
6200,6200,Dwelling stock estimates,1,1,,Conwy,W06000003,4,WXX000001,31/03/2017,31/03/2017,1491004799000,,Registered Social Landlord (Number),2,3,,
51000,51000,Dwelling stock estimates,1,1,,Conwy,W06000003,4,WXX000001,31/03/2017,31/03/2017,1491004799000,,Owner occupied/Privately rented (Number),3,5,,
42200,42200,Dwelling stock estimates,1,1,,Conwy,W06000003,4,WXX000001,31/03/2017,31/03/2017,1491004799000,,Owner occupied (Number),4,6,,
8700,8700,Dwelling stock estimates,1,1,,Conwy,W06000003,4,WXX000001,31/03/2017,31/03/2017,1491004799000,,Privately rented (Number),5,8,,
57200,57200,Dwelling stock estimates,1,1,,Conwy,W06000003,4,WXX000001,31/03/2017,31/03/2017,1491004799000,,All tenures (Number),6,10,,
6100,6100,Dwelling stock estimates,1,1,,Conwy,W06000003,4,WXX000001,31/03/2016,31/03/2016,1459468799000,,Registered Social Landlord (Number),2,3,,
50900,50900,Dwelling stock estimates,1,1,,Conwy,W06000003,4,WXX000001,31/03/2016,31/03/2016,1459468799000,,Owner occupied/Privately rented (Number),3,5,,
41200,41200,Dwelling stock estimates,1,1,,Conwy,W06000003,4,WXX000001,31/03/2016,31/03/2016,1459468799000,,Owner occupied (Number),4,6,,
9600,9600,Dwelling stock estimates,1,1,,Conwy,W06000003,4,WXX000001,31/03/2016,31/03/2016,1459468799000,,Privately rented (Number),5,8,,
57000,57000,Dwelling stock estimates,1,1,,Conwy,W06000003,4,WXX000001,31/03/2016,31/03/2016,1459468799000,,All tenures (Number),6,10,,
6100,6100,Dwelling stock estimates,1,1,,Conwy,W06000003,4,WXX000001,31/03/2015,31/03/2015,1427846399000,,Registered Social Landlord (Number),2,3,,
50700,50700,Dwelling stock estimates,1,1,,Conwy,W06000003,4,WXX000001,31/03/2015,31/03/2015,1427846399000,,Owner occupied/Privately rented (Number),3,5,,
40600,40600,Dwelling stock estimates,1,1,,Conwy,W06000003,4,WXX000001,31/03/2015,31/03/2015,1427846399000,,Owner occupied (Number),4,6,,
10100,10100,Dwelling stock estimates,1,1,,Conwy,W06000003,4,WXX000001,31/03/2015,31/03/2015,1427846399000,,Privately rented (Number),5,8,,
56800,56800,Dwelling stock estimates,1,1,,Conwy,W06000003,4,WXX000001,31/03/2015,31/03/2015,1427846399000,,All tenures (Number),6,10,,
6000,6000,Dwelling stock estimates,1,1,,Conwy,W06000003,4,WXX000001,31/03/2014,31/03/2014,1396310399000,,Registered Social Landlord (Number),2,3,,
50600,50600,Dwelling stock estimates,1,1,,Conwy,W06000003,4,WXX000001,31/03/2014,31/03/2014,1396310399000,,Owner occupied/Privately rented (Number),3,5,,
41300,41300,Dwelling stock estimates,1,1,,Conwy,W06000003,4,WXX000001,31/03/2014,31/03/2014,1396310399000,,Owner occupied (Number),4,6,,
9200,9200,Dwelling stock estimates,1,1,,Conwy,W06000003,4,WXX000001,31/03/2014,31/03/2014,1396310399000,,Privately rented (Number),5,8,,
56600,56600,Dwelling stock estimates,1,1,,Conwy,W06000003,4,WXX000001,31/03/2014,31/03/2014,1396310399000,,All tenures (Number),6,10,,
6000,6000,Dwelling stock estimates,1,1,,Conwy,W06000003,4,WXX000001,31/03/2013,31/03/2013,1364774399000,,Registered Social Landlord (Number),2,3,,
50400,50400,Dwelling stock estimates,1,1,,Conwy,W06000003,4,WXX000001,31/03/2013,31/03/2013,1364774399000,,Owner occupied/Privately rented (Number),3,5,,
41900,41900,Dwelling stock estimates,1,1,,Conwy,W06000003,4,WXX000001,31/03/2013,31/03/2013,1364774399000,,Owner occupied (Number),4,6,,
8500,8500,Dwelling stock estimates,1,1,,Conwy,W06000003,4,WXX000001,31/03/2013,31/03/2013,1364774399000,,Privately rented (Number),5,8,,
56400,56400,Dwelling stock estimates,1,1,,Conwy,W06000003,4,WXX000001,31/03/2013,31/03/2013,1364774399000,,All tenures (Number),6,10,,
6000,6000,Dwelling stock estimates,1,1,,Conwy,W06000003,4,WXX000001,31/03/2012,31/03/2012,1333238399000,,Registered Social Landlord (Number),2,3,,
50200,50200,Dwelling stock estimates,1,1,,Conwy,W06000003,4,WXX000001,31/03/2012,31/03/2012,1333238399000,,Owner occupied/Privately rented (Number),3,5,,
41600,41600,Dwelling stock estimates,1,1,,Conwy,W06000003,4,WXX000001,31/03/2012,31/03/2012,1333238399000,,Owner occupied (Number),4,6,,
8600,8600,Dwelling stock estimates,1,1,,Conwy,W06000003,4,WXX000001,31/03/2012,31/03/2012,1333238399000,,Privately rented (Number),5,8,,
56200,56200,Dwelling stock estimates,1,1,,Conwy,W06000003,4,WXX000001,31/03/2012,31/03/2012,1333238399000,,All tenures (Number),6,10,,
5900,5900,Dwelling stock estimates,1,1,,Conwy,W06000003,4,WXX000001,31/03/2011,31/03/2011,1301615999000,,Registered Social Landlord (Number),2,3,,
50200,50200,Dwelling stock estimates,1,1,,Conwy,W06000003,4,WXX000001,31/03/2011,31/03/2011,1301615999000,,Owner occupied/Privately rented (Number),3,5,,
56100,56100,Dwelling stock estimates,1,1,,Conwy,W06000003,4,WXX000001,31/03/2011,31/03/2011,1301615999000,,All tenures (Number),6,10,,
5900,5900,Dwelling stock estimates,1,1,,Conwy,W06000003,4,WXX000001,31/03/2010,31/03/2010,1270079999000,,Registered Social Landlord (Number),2,3,,
49800,49800,Dwelling stock estimates,1,1,,Conwy,W06000003,4,WXX000001,31/03/2010,31/03/2010,1270079999000,,Owner occupied/Privately rented (Number),3,5,,
55700,55700,Dwelling stock estimates,1,1,,Conwy,W06000003,4,WXX000001,31/03/2010,31/03/2010,1270079999000,,All tenures (Number),6,10,,
6000,6000,Dwelling stock estimates,1,1,,Conwy,W06000003,4,WXX000001,31/03/2009,31/03/2009,1238543999000,,Registered Social Landlord (Number),2,3,,
49200,49200,Dwelling stock estimates,1,1,,Conwy,W06000003,4,WXX000001,31/03/2009,31/03/2009,1238543999000,,Owner occupied/Privately rented (Number),3,5,,
55200,55200,Dwelling stock estimates,1,1,,Conwy,W06000003,4,WXX000001,31/03/2009,31/03/2009,1238543999000,,All tenures (Number),6,10,,
3800,3800,Dwelling stock estimates,1,1,,Conwy,W06000003,4,WXX000001,31/03/2008,31/03/2008,1207007999000,,Local Authority (Number),1,1,,
2200,2200,Dwelling stock estimates,1,1,,Conwy,W06000003,4,WXX000001,31/03/2008,31/03/2008,1207007999000,,Registered Social Landlord (Number),2,3,,
48800,48800,Dwelling stock estimates,1,1,,Conwy,W06000003,4,WXX000001,31/03/2008,31/03/2008,1207007999000,,Owner occupied/Privately rented (Number),3,5,,
54800,54800,Dwelling stock estimates,1,1,,Conwy,W06000003,4,WXX000001,31/03/2008,31/03/2008,1207007999000,,All tenures (Number),6,10,,
3800,3800,Dwelling stock estimates,1,1,,Conwy,W06000003,4,WXX000001,31/03/2007,31/03/2007,1175385599000,,Local Authority (Number),1,1,,
2100,2100,Dwelling stock estimates,1,1,,Conwy,W06000003,4,WXX000001,31/03/2007,31/03/2007,1175385599000,,Registered Social Landlord (Number),2,3,,
48400,48400,Dwelling stock estimates,1,1,,Conwy,W06000003,4,WXX000001,31/03/2007,31/03/2007,1175385599000,,Owner occupied/Privately rented (Number),3,5,,
54300,54300,Dwelling stock estimates,1,1,,Conwy,W06000003,4,WXX000001,31/03/2007,31/03/2007,1175385599000,,All tenures (Number),6,10,,
3800,3800,Dwelling stock estimates,1,1,,Conwy,W06000003,4,WXX000001,31/03/2006,31/03/2006,1143849599000,,Local Authority (Number),1,1,,
2100,2100,Dwelling stock estimates,1,1,,Conwy,W06000003,4,WXX000001,31/03/2006,31/03/2006,1143849599000,,Registered Social Landlord (Number),2,3,,
47900,47900,Dwelling stock estimates,1,1,,Conwy,W06000003,4,WXX000001,31/03/2006,31/03/2006,1143849599000,,Owner occupied/Privately rented (Number),3,5,,
53900,53900,Dwelling stock estimates,1,1,,Conwy,W06000003,4,WXX000001,31/03/2006,31/03/2006,1143849599000,,All tenures (Number),6,10,,
3800,3800,Dwelling stock estimates,1,1,,Conwy,W06000003,4,WXX000001,31/03/2005,31/03/2005,1112313599000,,Local Authority (Number),1,1,,
2100,2100,Dwelling stock estimates,1,1,,Conwy,W06000003,4,WXX000001,31/03/2005,31/03/2005,1112313599000,,Registered Social Landlord (Number),2,3,,
47500,47500,Dwelling stock estimates,1,1,,Conwy,W06000003,4,WXX000001,31/03/2005,31/03/2005,1112313599000,,Owner occupied/Privately rented (Number),3,5,,
53500,53500,Dwelling stock estimates,1,1,,Conwy,W06000003,4,WXX000001,31/03/2005,31/03/2005,1112313599000,,All tenures (Number),6,10,,
3900,3900,Dwelling stock estimates,1,1,,Conwy,W06000003,4,WXX000001,31/03/2004,31/03/2004,1080777599000,,Local Authority (Number),1,1,,
2100,2100,Dwelling stock estimates,1,1,,Conwy,W06000003,4,WXX000001,31/03/2004,31/03/2004,1080777599000,,Registered Social Landlord (Number),2,3,,
46800,46800,Dwelling stock estimates,1,1,,Conwy,W06000003,4,WXX000001,31/03/2004,31/03/2004,1080777599000,,Owner occupied/Privately rented (Number),3,5,,
52900,52900,Dwelling stock estimates,1,1,,Conwy,W06000003,4,WXX000001,31/03/2004,31/03/2004,1080777599000,,All tenures (Number),6,10,,
4000,4000,Dwelling stock estimates,1,1,,Conwy,W06000003,4,WXX000001,31/03/2003,31/03/2003,1049155199000,,Local Authority (Number),1,1,,
2100,2100,Dwelling stock estimates,1,1,,Conwy,W06000003,4,WXX000001,31/03/2003,31/03/2003,1049155199000,,Registered Social Landlord (Number),2,3,,
46200,46200,Dwelling stock estimates,1,1,,Conwy,W06000003,4,WXX000001,31/03/2003,31/03/2003,1049155199000,,Owner occupied/Privately rented (Number),3,5,,
52300,52300,Dwelling stock estimates,1,1,,Conwy,W06000003,4,WXX000001,31/03/2003,31/03/2003,1049155199000,,All tenures (Number),6,10,,
4200,4200,Dwelling stock estimates,1,1,,Conwy,W06000003,4,WXX000001,31/03/2002,31/03/2002,1017619199000,,Local Authority (Number),1,1,,
1900,1900,Dwelling stock estimates,1,1,,Conwy,W06000003,4,WXX000001,31/03/2002,31/03/2002,1017619199000,,Registered Social Landlord (Number),2,3,,
45800,45800,Dwelling stock estimates,1,1,,Conwy,W06000003,4,WXX000001,31/03/2002,31/03/2002,1017619199000,,Owner occupied/Privately rented (Number),3,5,,
51800,51800,Dwelling stock estimates,1,1,,Conwy,W06000003,4,WXX000001,31/03/2002,31/03/2002,1017619199000,,All tenures (Number),6,10,,
4300,4300,Dwelling stock estimates,1,1,,Conwy,W06000003,4,WXX000001,31/03/2001,31/03/2001,986083199000,,Local Authority (Number),1,1,,
2000,2000,Dwelling stock estimates,1,1,,Conwy,W06000003,4,WXX000001,31/03/2001,31/03/2001,986083199000,,Registered Social Landlord (Number),2,3,,
45100,45100,Dwelling stock estimates,1,1,,Conwy,W06000003,4,WXX000001,31/03/2001,31/03/2001,986083199000,,Owner occupied/Privately rented (Number),3,5,,
51400,51400,Dwelling stock estimates,1,1,,Conwy,W06000003,4,WXX000001,31/03/2001,31/03/2001,986083199000,,All tenures (Number),6,10,,
3300,3300,Dwelling stock estimates,1,1,,Denbighshire,W06000004,5,WXX000001,31/03/2024,31/03/2024,1711929599000,,Local Authority (Number),1,1,,
2500,2500,Dwelling stock estimates,1,1,,Denbighshire,W06000004,5,WXX000001,31/03/2024,31/03/2024,1711929599000,,Registered Social Landlord (Number),2,3,,
45100,45100,Dwelling stock estimates,1,1,,Denbighshire,W06000004,5,WXX000001,31/03/2024,31/03/2024,1711929599000,,Owner occupied/Privately rented (Number),3,5,,
36900,36900,Dwelling stock estimates,1,1,,Denbighshire,W06000004,5,WXX000001,31/03/2024,31/03/2024,1711929599000,,Owner occupied (Number),4,6,,Provisional
8200,8200,Dwelling stock estimates,1,1,,Denbighshire,W06000004,5,WXX000001,31/03/2024,31/03/2024,1711929599000,,Privately rented (Number),5,8,,Provisional
51000,51000,Dwelling stock estimates,1,1,,Denbighshire,W06000004,5,WXX000001,31/03/2024,31/03/2024,1711929599000,,All tenures (Number),6,10,,
3300,3300,Dwelling stock estimates,1,1,,Denbighshire,W06000004,5,WXX000001,31/03/2023,31/03/2023,1680307199000,,Local Authority (Number),1,1,,
2500,2500,Dwelling stock estimates,1,1,,Denbighshire,W06000004,5,WXX000001,31/03/2023,31/03/2023,1680307199000,,Registered Social Landlord (Number),2,3,,
45000,45000,Dwelling stock estimates,1,1,,Denbighshire,W06000004,5,WXX000001,31/03/2023,31/03/2023,1680307199000,,Owner occupied/Privately rented (Number),3,5,,
36800,36800,Dwelling stock estimates,1,1,,Denbighshire,W06000004,5,WXX000001,31/03/2023,31/03/2023,1680307199000,,Owner occupied (Number),4,6,,
8200,8200,Dwelling stock estimates,1,1,,Denbighshire,W06000004,5,WXX000001,31/03/2023,31/03/2023,1680307199000,,Privately rented (Number),5,8,,
50800,50800,Dwelling stock estimates,1,1,,Denbighshire,W06000004,5,WXX000001,31/03/2023,31/03/2023,1680307199000,,All tenures (Number),6,10,,
3300,3300,Dwelling stock estimates,1,1,,Denbighshire,W06000004,5,WXX000001,31/03/2022,31/03/2022,1648771199000,,Local Authority (Number),1,1,,
2400,2400,Dwelling stock estimates,1,1,,Denbighshire,W06000004,5,WXX000001,31/03/2022,31/03/2022,1648771199000,,Registered Social Landlord (Number),2,3,,
44900,44900,Dwelling stock estimates,1,1,,Denbighshire,W06000004,5,WXX000001,31/03/2022,31/03/2022,1648771199000,,Owner occupied/Privately rented (Number),3,5,,
37200,37200,Dwelling stock estimates,1,1,,Denbighshire,W06000004,5,WXX000001,31/03/2022,31/03/2022,1648771199000,,Owner occupied (Number),4,6,,
7700,7700,Dwelling stock estimates,1,1,,Denbighshire,W06000004,5,WXX000001,31/03/2022,31/03/2022,1648771199000,,Privately rented (Number),5,8,,
50600,50600,Dwelling stock estimates,1,1,,Denbighshire,W06000004,5,WXX000001,31/03/2022,31/03/2022,1648771199000,,All tenures (Number),6,10,,
3400,3400,Dwelling stock estimates,1,1,,Denbighshire,W06000004,5,WXX000001,31/03/2021,31/03/2021,1617235199000,,Local Authority (Number),1,1,,
2300,2300,Dwelling stock estimates,1,1,,Denbighshire,W06000004,5,WXX000001,31/03/2021,31/03/2021,1617235199000,,Registered Social Landlord (Number),2,3,,
44700,44700,Dwelling stock estimates,1,1,,Denbighshire,W06000004,5,WXX000001,31/03/2021,31/03/2021,1617235199000,,Owner occupied/Privately rented (Number),3,5,,
37200,37200,Dwelling stock estimates,1,1,,Denbighshire,W06000004,5,WXX000001,31/03/2021,31/03/2021,1617235199000,,Owner occupied (Number),4,6,,
7500,7500,Dwelling stock estimates,1,1,,Denbighshire,W06000004,5,WXX000001,31/03/2021,31/03/2021,1617235199000,,Privately rented (Number),5,8,,
50300,50300,Dwelling stock estimates,1,1,,Denbighshire,W06000004,5,WXX000001,31/03/2021,31/03/2021,1617235199000,,All tenures (Number),6,10,,
3400,3400,Dwelling stock estimates,1,1,,Denbighshire,W06000004,5,WXX000001,31/03/2020,31/03/2020,1585699199000,,Local Authority (Number),1,1,,
2300,2300,Dwelling stock estimates,1,1,,Denbighshire,W06000004,5,WXX000001,31/03/2020,31/03/2020,1585699199000,,Registered Social Landlord (Number),2,3,,
43900,43900,Dwelling stock estimates,1,1,,Denbighshire,W06000004,5,WXX000001,31/03/2020,31/03/2020,1585699199000,,Owner occupied/Privately rented (Number),3,5,,
36200,36200,Dwelling stock estimates,1,1,,Denbighshire,W06000004,5,WXX000001,31/03/2020,31/03/2020,1585699199000,,Owner occupied (Number),4,6,,
7600,7600,Dwelling stock estimates,1,1,,Denbighshire,W06000004,5,WXX000001,31/03/2020,31/03/2020,1585699199000,,Privately rented (Number),5,8,,
49500,49500,Dwelling stock estimates,1,1,,Denbighshire,W06000004,5,WXX000001,31/03/2020,31/03/2020,1585699199000,,All tenures (Number),6,10,,
3400,3400,Dwelling stock estimates,1,1,,Denbighshire,W06000004,5,WXX000001,31/03/2019,31/03/2019,1554076799000,,Local Authority (Number),1,1,,
2300,2300,Dwelling stock estimates,1,1,,Denbighshire,W06000004,5,WXX000001,31/03/2019,31/03/2019,1554076799000,,Registered Social Landlord (Number),2,3,,
43100,43100,Dwelling stock estimates,1,1,,Denbighshire,W06000004,5,WXX000001,31/03/2019,31/03/2019,1554076799000,,Owner occupied/Privately rented (Number),3,5,,
35100,35100,Dwelling stock estimates,1,1,,Denbighshire,W06000004,5,WXX000001,31/03/2019,31/03/2019,1554076799000,,Owner occupied (Number),4,6,,
8000,8000,Dwelling stock estimates,1,1,,Denbighshire,W06000004,5,WXX000001,31/03/2019,31/03/2019,1554076799000,,Privately rented (Number),5,8,,
48700,48700,Dwelling stock estimates,1,1,,Denbighshire,W06000004,5,WXX000001,31/03/2019,31/03/2019,1554076799000,,All tenures (Number),6,10,,
3400,3400,Dwelling stock estimates,1,1,,Denbighshire,W06000004,5,WXX000001,31/03/2018,31/03/2018,1522540799000,,Local Authority (Number),1,1,,
2300,2300,Dwelling stock estimates,1,1,,Denbighshire,W06000004,5,WXX000001,31/03/2018,31/03/2018,1522540799000,,Registered Social Landlord (Number),2,3,,
42300,42300,Dwelling stock estimates,1,1,,Denbighshire,W06000004,5,WXX000001,31/03/2018,31/03/2018,1522540799000,,Owner occupied/Privately rented (Number),3,5,,
34400,34400,Dwelling stock estimates,1,1,,Denbighshire,W06000004,5,WXX000001,31/03/2018,31/03/2018,1522540799000,,Owner occupied (Number),4,6,,
8000,8000,Dwelling stock estimates,1,1,,Denbighshire,W06000004,5,WXX000001,31/03/2018,31/03/2018,1522540799000,,Privately rented (Number),5,8,,
48000,48000,Dwelling stock estimates,1,1,,Denbighshire,W06000004,5,WXX000001,31/03/2018,31/03/2018,1522540799000,,All tenures (Number),6,10,,
3400,3400,Dwelling stock estimates,1,1,,Denbighshire,W06000004,5,WXX000001,31/03/2017,31/03/2017,1491004799000,,Local Authority (Number),1,1,,
2200,2200,Dwelling stock estimates,1,1,,Denbighshire,W06000004,5,WXX000001,31/03/2017,31/03/2017,1491004799000,,Registered Social Landlord (Number),2,3,,
41600,41600,Dwelling stock estimates,1,1,,Denbighshire,W06000004,5,WXX000001,31/03/2017,31/03/2017,1491004799000,,Owner occupied/Privately rented (Number),3,5,,
34100,34100,Dwelling stock estimates,1,1,,Denbighshire,W06000004,5,WXX000001,31/03/2017,31/03/2017,1491004799000,,Owner occupied (Number),4,6,,
7500,7500,Dwelling stock estimates,1,1,,Denbighshire,W06000004,5,WXX000001,31/03/2017,31/03/2017,1491004799000,,Privately rented (Number),5,8,,
47200,47200,Dwelling stock estimates,1,1,,Denbighshire,W06000004,5,WXX000001,31/03/2017,31/03/2017,1491004799000,,All tenures (Number),6,10,,
3400,3400,Dwelling stock estimates,1,1,,Denbighshire,W06000004,5,WXX000001,31/03/2016,31/03/2016,1459468799000,,Local Authority (Number),1,1,,
2200,2200,Dwelling stock estimates,1,1,,Denbighshire,W06000004,5,WXX000001,31/03/2016,31/03/2016,1459468799000,,Registered Social Landlord (Number),2,3,,
40800,40800,Dwelling stock estimates,1,1,,Denbighshire,W06000004,5,WXX000001,31/03/2016,31/03/2016,1459468799000,,Owner occupied/Privately rented (Number),3,5,,
33800,33800,Dwelling stock estimates,1,1,,Denbighshire,W06000004,5,WXX000001,31/03/2016,31/03/2016,1459468799000,,Owner occupied (Number),4,6,,
7100,7100,Dwelling stock estimates,1,1,,Denbighshire,W06000004,5,WXX000001,31/03/2016,31/03/2016,1459468799000,,Privately rented (Number),5,8,,
46500,46500,Dwelling stock estimates,1,1,,Denbighshire,W06000004,5,WXX000001,31/03/2016,31/03/2016,1459468799000,,All tenures (Number),6,10,,
3400,3400,Dwelling stock estimates,1,1,,Denbighshire,W06000004,5,WXX000001,31/03/2015,31/03/2015,1427846399000,,Local Authority (Number),1,1,,
2200,2200,Dwelling stock estimates,1,1,,Denbighshire,W06000004,5,WXX000001,31/03/2015,31/03/2015,1427846399000,,Registered Social Landlord (Number),2,3,,
40100,40100,Dwelling stock estimates,1,1,,Denbighshire,W06000004,5,WXX000001,31/03/2015,31/03/2015,1427846399000,,Owner occupied/Privately rented (Number),3,5,,
33300,33300,Dwelling stock estimates,1,1,,Denbighshire,W06000004,5,WXX000001,31/03/2015,31/03/2015,1427846399000,,Owner occupied (Number),4,6,,
6800,6800,Dwelling stock estimates,1,1,,Denbighshire,W06000004,5,WXX000001,31/03/2015,31/03/2015,1427846399000,,Privately rented (Number),5,8,,
45700,45700,Dwelling stock estimates,1,1,,Denbighshire,W06000004,5,WXX000001,31/03/2015,31/03/2015,1427846399000,,All tenures (Number),6,10,,
3500,3500,Dwelling stock estimates,1,1,,Denbighshire,W06000004,5,WXX000001,31/03/2014,31/03/2014,1396310399000,,Local Authority (Number),1,1,,
2100,2100,Dwelling stock estimates,1,1,,Denbighshire,W06000004,5,WXX000001,31/03/2014,31/03/2014,1396310399000,,Registered Social Landlord (Number),2,3,,
39300,39300,Dwelling stock estimates,1,1,,Denbighshire,W06000004,5,WXX000001,31/03/2014,31/03/2014,1396310399000,,Owner occupied/Privately rented (Number),3,5,,
32600,32600,Dwelling stock estimates,1,1,,Denbighshire,W06000004,5,WXX000001,31/03/2014,31/03/2014,1396310399000,,Owner occupied (Number),4,6,,
6800,6800,Dwelling stock estimates,1,1,,Denbighshire,W06000004,5,WXX000001,31/03/2014,31/03/2014,1396310399000,,Privately rented (Number),5,8,,
44900,44900,Dwelling stock estimates,1,1,,Denbighshire,W06000004,5,WXX000001,31/03/2014,31/03/2014,1396310399000,,All tenures (Number),6,10,,
3400,3400,Dwelling stock estimates,1,1,,Denbighshire,W06000004,5,WXX000001,31/03/2013,31/03/2013,1364774399000,,Local Authority (Number),1,1,,
2100,2100,Dwelling stock estimates,1,1,,Denbighshire,W06000004,5,WXX000001,31/03/2013,31/03/2013,1364774399000,,Registered Social Landlord (Number),2,3,,
38700,38700,Dwelling stock estimates,1,1,,Denbighshire,W06000004,5,WXX000001,31/03/2013,31/03/2013,1364774399000,,Owner occupied/Privately rented (Number),3,5,,
31600,31600,Dwelling stock estimates,1,1,,Denbighshire,W06000004,5,WXX000001,31/03/2013,31/03/2013,1364774399000,,Owner occupied (Number),4,6,,
7100,7100,Dwelling stock estimates,1,1,,Denbighshire,W06000004,5,WXX000001,31/03/2013,31/03/2013,1364774399000,,Privately rented (Number),5,8,,
44300,44300,Dwelling stock estimates,1,1,,Denbighshire,W06000004,5,WXX000001,31/03/2013,31/03/2013,1364774399000,,All tenures (Number),6,10,,
3500,3500,Dwelling stock estimates,1,1,,Denbighshire,W06000004,5,WXX000001,31/03/2012,31/03/2012,1333238399000,,Local Authority (Number),1,1,,
2200,2200,Dwelling stock estimates,1,1,,Denbighshire,W06000004,5,WXX000001,31/03/2012,31/03/2012,1333238399000,,Registered Social Landlord (Number),2,3,,
37900,37900,Dwelling stock estimates,1,1,,Denbighshire,W06000004,5,WXX000001,31/03/2012,31/03/2012,1333238399000,,Owner occupied/Privately rented (Number),3,5,,
30700,30700,Dwelling stock estimates,1,1,,Denbighshire,W06000004,5,WXX000001,31/03/2012,31/03/2012,1333238399000,,Owner occupied (Number),4,6,,
7100,7100,Dwelling stock estimates,1,1,,Denbighshire,W06000004,5,WXX000001,31/03/2012,31/03/2012,1333238399000,,Privately rented (Number),5,8,,
43500,43500,Dwelling stock estimates,1,1,,Denbighshire,W06000004,5,WXX000001,31/03/2012,31/03/2012,1333238399000,,All tenures (Number),6,10,,
3500,3500,Dwelling stock estimates,1,1,,Denbighshire,W06000004,5,WXX000001,31/03/2011,31/03/2011,1301615999000,,Local Authority (Number),1,1,,
2100,2100,Dwelling stock estimates,1,1,,Denbighshire,W06000004,5,WXX000001,31/03/2011,31/03/2011,1301615999000,,Registered Social Landlord (Number),2,3,,
37100,37100,Dwelling stock estimates,1,1,,Denbighshire,W06000004,5,WXX000001,31/03/2011,31/03/2011,1301615999000,,Owner occupied/Privately rented (Number),3,5,,
42600,42600,Dwelling stock estimates,1,1,,Denbighshire,W06000004,5,WXX000001,31/03/2011,31/03/2011,1301615999000,,All tenures (Number),6,10,,
3500,3500,Dwelling stock estimates,1,1,,Denbighshire,W06000004,5,WXX000001,31/03/2010,31/03/2010,1270079999000,,Local Authority (Number),1,1,,
2000,2000,Dwelling stock estimates,1,1,,Denbighshire,W06000004,5,WXX000001,31/03/2010,31/03/2010,1270079999000,,Registered Social Landlord (Number),2,3,,
37000,37000,Dwelling stock estimates,1,1,,Denbighshire,W06000004,5,WXX000001,31/03/2010,31/03/2010,1270079999000,,Owner occupied/Privately rented (Number),3,5,,
42500,42500,Dwelling stock estimates,1,1,,Denbighshire,W06000004,5,WXX000001,31/03/2010,31/03/2010,1270079999000,,All tenures (Number),6,10,,
3500,3500,Dwelling stock estimates,1,1,,Denbighshire,W06000004,5,WXX000001,31/03/2009,31/03/2009,1238543999000,,Local Authority (Number),1,1,,
2000,2000,Dwelling stock estimates,1,1,,Denbighshire,W06000004,5,WXX000001,31/03/2009,31/03/2009,1238543999000,,Registered Social Landlord (Number),2,3,,
37000,37000,Dwelling stock estimates,1,1,,Denbighshire,W06000004,5,WXX000001,31/03/2009,31/03/2009,1238543999000,,Owner occupied/Privately rented (Number),3,5,,
42400,42400,Dwelling stock estimates,1,1,,Denbighshire,W06000004,5,WXX000001,31/03/2009,31/03/2009,1238543999000,,All tenures (Number),6,10,,
3500,3500,Dwelling stock estimates,1,1,,Denbighshire,W06000004,5,WXX000001,31/03/2008,31/03/2008,1207007999000,,Local Authority (Number),1,1,,
2000,2000,Dwelling stock estimates,1,1,,Denbighshire,W06000004,5,WXX000001,31/03/2008,31/03/2008,1207007999000,,Registered Social Landlord (Number),2,3,,
37000,37000,Dwelling stock estimates,1,1,,Denbighshire,W06000004,5,WXX000001,31/03/2008,31/03/2008,1207007999000,,Owner occupied/Privately rented (Number),3,5,,
42400,42400,Dwelling stock estimates,1,1,,Denbighshire,W06000004,5,WXX000001,31/03/2008,31/03/2008,1207007999000,,All tenures (Number),6,10,,
3500,3500,Dwelling stock estimates,1,1,,Denbighshire,W06000004,5,WXX000001,31/03/2007,31/03/2007,1175385599000,,Local Authority (Number),1,1,,
2000,2000,Dwelling stock estimates,1,1,,Denbighshire,W06000004,5,WXX000001,31/03/2007,31/03/2007,1175385599000,,Registered Social Landlord (Number),2,3,,
36800,36800,Dwelling stock estimates,1,1,,Denbighshire,W06000004,5,WXX000001,31/03/2007,31/03/2007,1175385599000,,Owner occupied/Privately rented (Number),3,5,,
42200,42200,Dwelling stock estimates,1,1,,Denbighshire,W06000004,5,WXX000001,31/03/2007,31/03/2007,1175385599000,,All tenures (Number),6,10,,
3500,3500,Dwelling stock estimates,1,1,,Denbighshire,W06000004,5,WXX000001,31/03/2006,31/03/2006,1143849599000,,Local Authority (Number),1,1,,
1900,1900,Dwelling stock estimates,1,1,,Denbighshire,W06000004,5,WXX000001,31/03/2006,31/03/2006,1143849599000,,Registered Social Landlord (Number),2,3,,
36700,36700,Dwelling stock estimates,1,1,,Denbighshire,W06000004,5,WXX000001,31/03/2006,31/03/2006,1143849599000,,Owner occupied/Privately rented (Number),3,5,,
42100,42100,Dwelling stock estimates,1,1,,Denbighshire,W06000004,5,WXX000001,31/03/2006,31/03/2006,1143849599000,,All tenures (Number),6,10,,
3500,3500,Dwelling stock estimates,1,1,,Denbighshire,W06000004,5,WXX000001,31/03/2005,31/03/2005,1112313599000,,Local Authority (Number),1,1,,
1900,1900,Dwelling stock estimates,1,1,,Denbighshire,W06000004,5,WXX000001,31/03/2005,31/03/2005,1112313599000,,Registered Social Landlord (Number),2,3,,
36700,36700,Dwelling stock estimates,1,1,,Denbighshire,W06000004,5,WXX000001,31/03/2005,31/03/2005,1112313599000,,Owner occupied/Privately rented (Number),3,5,,
42100,42100,Dwelling stock estimates,1,1,,Denbighshire,W06000004,5,WXX000001,31/03/2005,31/03/2005,1112313599000,,All tenures (Number),6,10,,
3700,3700,Dwelling stock estimates,1,1,,Denbighshire,W06000004,5,WXX000001,31/03/2004,31/03/2004,1080777599000,,Local Authority (Number),1,1,,
1800,1800,Dwelling stock estimates,1,1,,Denbighshire,W06000004,5,WXX000001,31/03/2004,31/03/2004,1080777599000,,Registered Social Landlord (Number),2,3,,
36500,36500,Dwelling stock estimates,1,1,,Denbighshire,W06000004,5,WXX000001,31/03/2004,31/03/2004,1080777599000,,Owner occupied/Privately rented (Number),3,5,,
42100,42100,Dwelling stock estimates,1,1,,Denbighshire,W06000004,5,WXX000001,31/03/2004,31/03/2004,1080777599000,,All tenures (Number),6,10,,
3900,3900,Dwelling stock estimates,1,1,,Denbighshire,W06000004,5,WXX000001,31/03/2003,31/03/2003,1049155199000,,Local Authority (Number),1,1,,
1800,1800,Dwelling stock estimates,1,1,,Denbighshire,W06000004,5,WXX000001,31/03/2003,31/03/2003,1049155199000,,Registered Social Landlord (Number),2,3,,
36100,36100,Dwelling stock estimates,1,1,,Denbighshire,W06000004,5,WXX000001,31/03/2003,31/03/2003,1049155199000,,Owner occupied/Privately rented (Number),3,5,,
41900,41900,Dwelling stock estimates,1,1,,Denbighshire,W06000004,5,WXX000001,31/03/2003,31/03/2003,1049155199000,,All tenures (Number),6,10,,
4000,4000,Dwelling stock estimates,1,1,,Denbighshire,W06000004,5,WXX000001,31/03/2002,31/03/2002,1017619199000,,Local Authority (Number),1,1,,
1700,1700,Dwelling stock estimates,1,1,,Denbighshire,W06000004,5,WXX000001,31/03/2002,31/03/2002,1017619199000,,Registered Social Landlord (Number),2,3,,
35900,35900,Dwelling stock estimates,1,1,,Denbighshire,W06000004,5,WXX000001,31/03/2002,31/03/2002,1017619199000,,Owner occupied/Privately rented (Number),3,5,,
41700,41700,Dwelling stock estimates,1,1,,Denbighshire,W06000004,5,WXX000001,31/03/2002,31/03/2002,1017619199000,,All tenures (Number),6,10,,
4100,4100,Dwelling stock estimates,1,1,,Denbighshire,W06000004,5,WXX000001,31/03/2001,31/03/2001,986083199000,,Local Authority (Number),1,1,,
1700,1700,Dwelling stock estimates,1,1,,Denbighshire,W06000004,5,WXX000001,31/03/2001,31/03/2001,986083199000,,Registered Social Landlord (Number),2,3,,
35800,35800,Dwelling stock estimates,1,1,,Denbighshire,W06000004,5,WXX000001,31/03/2001,31/03/2001,986083199000,,Owner occupied/Privately rented (Number),3,5,,
41600,41600,Dwelling stock estimates,1,1,,Denbighshire,W06000004,5,WXX000001,31/03/2001,31/03/2001,986083199000,,All tenures (Number),6,10,,
7300,7300,Dwelling stock estimates,1,1,,Flintshire,W06000005,6,WXX000001,31/03/2024,31/03/2024,1711929599000,,Local Authority (Number),1,1,,
3000,3000,Dwelling stock estimates,1,1,,Flintshire,W06000005,6,WXX000001,31/03/2024,31/03/2024,1711929599000,,Registered Social Landlord (Number),2,3,,
61000,61000,Dwelling stock estimates,1,1,,Flintshire,W06000005,6,WXX000001,31/03/2024,31/03/2024,1711929599000,,Owner occupied/Privately rented (Number),3,5,,
53300,53300,Dwelling stock estimates,1,1,,Flintshire,W06000005,6,WXX000001,31/03/2024,31/03/2024,1711929599000,,Owner occupied (Number),4,6,,Provisional
7600,7600,Dwelling stock estimates,1,1,,Flintshire,W06000005,6,WXX000001,31/03/2024,31/03/2024,1711929599000,,Privately rented (Number),5,8,,Provisional
71300,71300,Dwelling stock estimates,1,1,,Flintshire,W06000005,6,WXX000001,31/03/2024,31/03/2024,1711929599000,,All tenures (Number),6,10,,
7300,7300,Dwelling stock estimates,1,1,,Flintshire,W06000005,6,WXX000001,31/03/2023,31/03/2023,1680307199000,,Local Authority (Number),1,1,,
3000,3000,Dwelling stock estimates,1,1,,Flintshire,W06000005,6,WXX000001,31/03/2023,31/03/2023,1680307199000,,Registered Social Landlord (Number),2,3,,
60800,60800,Dwelling stock estimates,1,1,,Flintshire,W06000005,6,WXX000001,31/03/2023,31/03/2023,1680307199000,,Owner occupied/Privately rented (Number),3,5,,
53100,53100,Dwelling stock estimates,1,1,,Flintshire,W06000005,6,WXX000001,31/03/2023,31/03/2023,1680307199000,,Owner occupied (Number),4,6,,
7600,7600,Dwelling stock estimates,1,1,,Flintshire,W06000005,6,WXX000001,31/03/2023,31/03/2023,1680307199000,,Privately rented (Number),5,8,,
71100,71100,Dwelling stock estimates,1,1,,Flintshire,W06000005,6,WXX000001,31/03/2023,31/03/2023,1680307199000,,All tenures (Number),6,10,,
7300,7300,Dwelling stock estimates,1,1,,Flintshire,W06000005,6,WXX000001,31/03/2022,31/03/2022,1648771199000,,Local Authority (Number),1,1,,
3000,3000,Dwelling stock estimates,1,1,,Flintshire,W06000005,6,WXX000001,31/03/2022,31/03/2022,1648771199000,,Registered Social Landlord (Number),2,3,,
60500,60500,Dwelling stock estimates,1,1,,Flintshire,W06000005,6,WXX000001,31/03/2022,31/03/2022,1648771199000,,Owner occupied/Privately rented (Number),3,5,,
53200,53200,Dwelling stock estimates,1,1,,Flintshire,W06000005,6,WXX000001,31/03/2022,31/03/2022,1648771199000,,Owner occupied (Number),4,6,,
7400,7400,Dwelling stock estimates,1,1,,Flintshire,W06000005,6,WXX000001,31/03/2022,31/03/2022,1648771199000,,Privately rented (Number),5,8,,
70800,70800,Dwelling stock estimates,1,1,,Flintshire,W06000005,6,WXX000001,31/03/2022,31/03/2022,1648771199000,,All tenures (Number),6,10,,
7300,7300,Dwelling stock estimates,1,1,,Flintshire,W06000005,6,WXX000001,31/03/2021,31/03/2021,1617235199000,,Local Authority (Number),1,1,,
3000,3000,Dwelling stock estimates,1,1,,Flintshire,W06000005,6,WXX000001,31/03/2021,31/03/2021,1617235199000,,Registered Social Landlord (Number),2,3,,
60300,60300,Dwelling stock estimates,1,1,,Flintshire,W06000005,6,WXX000001,31/03/2021,31/03/2021,1617235199000,,Owner occupied/Privately rented (Number),3,5,,
53500,53500,Dwelling stock estimates,1,1,,Flintshire,W06000005,6,WXX000001,31/03/2021,31/03/2021,1617235199000,,Owner occupied (Number),4,6,,
6800,6800,Dwelling stock estimates,1,1,,Flintshire,W06000005,6,WXX000001,31/03/2021,31/03/2021,1617235199000,,Privately rented (Number),5,8,,
70600,70600,Dwelling stock estimates,1,1,,Flintshire,W06000005,6,WXX000001,31/03/2021,31/03/2021,1617235199000,,All tenures (Number),6,10,,
7300,7300,Dwelling stock estimates,1,1,,Flintshire,W06000005,6,WXX000001,31/03/2020,31/03/2020,1585699199000,,Local Authority (Number),1,1,,
2900,2900,Dwelling stock estimates,1,1,,Flintshire,W06000005,6,WXX000001,31/03/2020,31/03/2020,1585699199000,,Registered Social Landlord (Number),2,3,,
59900,59900,Dwelling stock estimates,1,1,,Flintshire,W06000005,6,WXX000001,31/03/2020,31/03/2020,1585699199000,,Owner occupied/Privately rented (Number),3,5,,
52900,52900,Dwelling stock estimates,1,1,,Flintshire,W06000005,6,WXX000001,31/03/2020,31/03/2020,1585699199000,,Owner occupied (Number),4,6,,
6900,6900,Dwelling stock estimates,1,1,,Flintshire,W06000005,6,WXX000001,31/03/2020,31/03/2020,1585699199000,,Privately rented (Number),5,8,,
70000,70000,Dwelling stock estimates,1,1,,Flintshire,W06000005,6,WXX000001,31/03/2020,31/03/2020,1585699199000,,All tenures (Number),6,10,,
7200,7200,Dwelling stock estimates,1,1,,Flintshire,W06000005,6,WXX000001,31/03/2019,31/03/2019,1554076799000,,Local Authority (Number),1,1,,
2800,2800,Dwelling stock estimates,1,1,,Flintshire,W06000005,6,WXX000001,31/03/2019,31/03/2019,1554076799000,,Registered Social Landlord (Number),2,3,,
59500,59500,Dwelling stock estimates,1,1,,Flintshire,W06000005,6,WXX000001,31/03/2019,31/03/2019,1554076799000,,Owner occupied/Privately rented (Number),3,5,,
52300,52300,Dwelling stock estimates,1,1,,Flintshire,W06000005,6,WXX000001,31/03/2019,31/03/2019,1554076799000,,Owner occupied (Number),4,6,,
7200,7200,Dwelling stock estimates,1,1,,Flintshire,W06000005,6,WXX000001,31/03/2019,31/03/2019,1554076799000,,Privately rented (Number),5,8,,
69500,69500,Dwelling stock estimates,1,1,,Flintshire,W06000005,6,WXX000001,31/03/2019,31/03/2019,1554076799000,,All tenures (Number),6,10,,
7200,7200,Dwelling stock estimates,1,1,,Flintshire,W06000005,6,WXX000001,31/03/2018,31/03/2018,1522540799000,,Local Authority (Number),1,1,,
2700,2700,Dwelling stock estimates,1,1,,Flintshire,W06000005,6,WXX000001,31/03/2018,31/03/2018,1522540799000,,Registered Social Landlord (Number),2,3,,
59100,59100,Dwelling stock estimates,1,1,,Flintshire,W06000005,6,WXX000001,31/03/2018,31/03/2018,1522540799000,,Owner occupied/Privately rented (Number),3,5,,
51600,51600,Dwelling stock estimates,1,1,,Flintshire,W06000005,6,WXX000001,31/03/2018,31/03/2018,1522540799000,,Owner occupied (Number),4,6,,
7400,7400,Dwelling stock estimates,1,1,,Flintshire,W06000005,6,WXX000001,31/03/2018,31/03/2018,1522540799000,,Privately rented (Number),5,8,,
69000,69000,Dwelling stock estimates,1,1,,Flintshire,W06000005,6,WXX000001,31/03/2018,31/03/2018,1522540799000,,All tenures (Number),6,10,,
7200,7200,Dwelling stock estimates,1,1,,Flintshire,W06000005,6,WXX000001,31/03/2017,31/03/2017,1491004799000,,Local Authority (Number),1,1,,
2600,2600,Dwelling stock estimates,1,1,,Flintshire,W06000005,6,WXX000001,31/03/2017,31/03/2017,1491004799000,,Registered Social Landlord (Number),2,3,,
58700,58700,Dwelling stock estimates,1,1,,Flintshire,W06000005,6,WXX000001,31/03/2017,31/03/2017,1491004799000,,Owner occupied/Privately rented (Number),3,5,,
50900,50900,Dwelling stock estimates,1,1,,Flintshire,W06000005,6,WXX000001,31/03/2017,31/03/2017,1491004799000,,Owner occupied (Number),4,6,,
7700,7700,Dwelling stock estimates,1,1,,Flintshire,W06000005,6,WXX000001,31/03/2017,31/03/2017,1491004799000,,Privately rented (Number),5,8,,
68400,68400,Dwelling stock estimates,1,1,,Flintshire,W06000005,6,WXX000001,31/03/2017,31/03/2017,1491004799000,,All tenures (Number),6,10,,
7200,7200,Dwelling stock estimates,1,1,,Flintshire,W06000005,6,WXX000001,31/03/2016,31/03/2016,1459468799000,,Local Authority (Number),1,1,,
2500,2500,Dwelling stock estimates,1,1,,Flintshire,W06000005,6,WXX000001,31/03/2016,31/03/2016,1459468799000,,Registered Social Landlord (Number),2,3,,
58100,58100,Dwelling stock estimates,1,1,,Flintshire,W06000005,6,WXX000001,31/03/2016,31/03/2016,1459468799000,,Owner occupied/Privately rented (Number),3,5,,
50200,50200,Dwelling stock estimates,1,1,,Flintshire,W06000005,6,WXX000001,31/03/2016,31/03/2016,1459468799000,,Owner occupied (Number),4,6,,
8000,8000,Dwelling stock estimates,1,1,,Flintshire,W06000005,6,WXX000001,31/03/2016,31/03/2016,1459468799000,,Privately rented (Number),5,8,,
67800,67800,Dwelling stock estimates,1,1,,Flintshire,W06000005,6,WXX000001,31/03/2016,31/03/2016,1459468799000,,All tenures (Number),6,10,,
7400,7400,Dwelling stock estimates,1,1,,Flintshire,W06000005,6,WXX000001,31/03/2015,31/03/2015,1427846399000,,Local Authority (Number),1,1,,
2500,2500,Dwelling stock estimates,1,1,,Flintshire,W06000005,6,WXX000001,31/03/2015,31/03/2015,1427846399000,,Registered Social Landlord (Number),2,3,,
57400,57400,Dwelling stock estimates,1,1,,Flintshire,W06000005,6,WXX000001,31/03/2015,31/03/2015,1427846399000,,Owner occupied/Privately rented (Number),3,5,,
49400,49400,Dwelling stock estimates,1,1,,Flintshire,W06000005,6,WXX000001,31/03/2015,31/03/2015,1427846399000,,Owner occupied (Number),4,6,,
8000,8000,Dwelling stock estimates,1,1,,Flintshire,W06000005,6,WXX000001,31/03/2015,31/03/2015,1427846399000,,Privately rented (Number),5,8,,
67300,67300,Dwelling stock estimates,1,1,,Flintshire,W06000005,6,WXX000001,31/03/2015,31/03/2015,1427846399000,,All tenures (Number),6,10,,
7400,7400,Dwelling stock estimates,1,1,,Flintshire,W06000005,6,WXX000001,31/03/2014,31/03/2014,1396310399000,,Local Authority (Number),1,1,,
2500,2500,Dwelling stock estimates,1,1,,Flintshire,W06000005,6,WXX000001,31/03/2014,31/03/2014,1396310399000,,Registered Social Landlord (Number),2,3,,
57000,57000,Dwelling stock estimates,1,1,,Flintshire,W06000005,6,WXX000001,31/03/2014,31/03/2014,1396310399000,,Owner occupied/Privately rented (Number),3,5,,
49300,49300,Dwelling stock estimates,1,1,,Flintshire,W06000005,6,WXX000001,31/03/2014,31/03/2014,1396310399000,,Owner occupied (Number),4,6,,
7700,7700,Dwelling stock estimates,1,1,,Flintshire,W06000005,6,WXX000001,31/03/2014,31/03/2014,1396310399000,,Privately rented (Number),5,8,,
66900,66900,Dwelling stock estimates,1,1,,Flintshire,W06000005,6,WXX000001,31/03/2014,31/03/2014,1396310399000,,All tenures (Number),6,10,,
7400,7400,Dwelling stock estimates,1,1,,Flintshire,W06000005,6,WXX000001,31/03/2013,31/03/2013,1364774399000,,Local Authority (Number),1,1,,
2400,2400,Dwelling stock estimates,1,1,,Flintshire,W06000005,6,WXX000001,31/03/2013,31/03/2013,1364774399000,,Registered Social Landlord (Number),2,3,,
56700,56700,Dwelling stock estimates,1,1,,Flintshire,W06000005,6,WXX000001,31/03/2013,31/03/2013,1364774399000,,Owner occupied/Privately rented (Number),3,5,,
49400,49400,Dwelling stock estimates,1,1,,Flintshire,W06000005,6,WXX000001,31/03/2013,31/03/2013,1364774399000,,Owner occupied (Number),4,6,,
7300,7300,Dwelling stock estimates,1,1,,Flintshire,W06000005,6,WXX000001,31/03/2013,31/03/2013,1364774399000,,Privately rented (Number),5,8,,
66500,66500,Dwelling stock estimates,1,1,,Flintshire,W06000005,6,WXX000001,31/03/2013,31/03/2013,1364774399000,,All tenures (Number),6,10,,
7400,7400,Dwelling stock estimates,1,1,,Flintshire,W06000005,6,WXX000001,31/03/2012,31/03/2012,1333238399000,,Local Authority (Number),1,1,,
2400,2400,Dwelling stock estimates,1,1,,Flintshire,W06000005,6,WXX000001,31/03/2012,31/03/2012,1333238399000,,Registered Social Landlord (Number),2,3,,
56300,56300,Dwelling stock estimates,1,1,,Flintshire,W06000005,6,WXX000001,31/03/2012,31/03/2012,1333238399000,,Owner occupied/Privately rented (Number),3,5,,
49600,49600,Dwelling stock estimates,1,1,,Flintshire,W06000005,6,WXX000001,31/03/2012,31/03/2012,1333238399000,,Owner occupied (Number),4,6,,
6600,6600,Dwelling stock estimates,1,1,,Flintshire,W06000005,6,WXX000001,31/03/2012,31/03/2012,1333238399000,,Privately rented (Number),5,8,,
66100,66100,Dwelling stock estimates,1,1,,Flintshire,W06000005,6,WXX000001,31/03/2012,31/03/2012,1333238399000,,All tenures (Number),6,10,,
7400,7400,Dwelling stock estimates,1,1,,Flintshire,W06000005,6,WXX000001,31/03/2011,31/03/2011,1301615999000,,Local Authority (Number),1,1,,
2400,2400,Dwelling stock estimates,1,1,,Flintshire,W06000005,6,WXX000001,31/03/2011,31/03/2011,1301615999000,,Registered Social Landlord (Number),2,3,,
56000,56000,Dwelling stock estimates,1,1,,Flintshire,W06000005,6,WXX000001,31/03/2011,31/03/2011,1301615999000,,Owner occupied/Privately rented (Number),3,5,,
65800,65800,Dwelling stock estimates,1,1,,Flintshire,W06000005,6,WXX000001,31/03/2011,31/03/2011,1301615999000,,All tenures (Number),6,10,,
7400,7400,Dwelling stock estimates,1,1,,Flintshire,W06000005,6,WXX000001,31/03/2010,31/03/2010,1270079999000,,Local Authority (Number),1,1,,
2300,2300,Dwelling stock estimates,1,1,,Flintshire,W06000005,6,WXX000001,31/03/2010,31/03/2010,1270079999000,,Registered Social Landlord (Number),2,3,,
55700,55700,Dwelling stock estimates,1,1,,Flintshire,W06000005,6,WXX000001,31/03/2010,31/03/2010,1270079999000,,Owner occupied/Privately rented (Number),3,5,,
65400,65400,Dwelling stock estimates,1,1,,Flintshire,W06000005,6,WXX000001,31/03/2010,31/03/2010,1270079999000,,All tenures (Number),6,10,,
7500,7500,Dwelling stock estimates,1,1,,Flintshire,W06000005,6,WXX000001,31/03/2009,31/03/2009,1238543999000,,Local Authority (Number),1,1,,
2300,2300,Dwelling stock estimates,1,1,,Flintshire,W06000005,6,WXX000001,31/03/2009,31/03/2009,1238543999000,,Registered Social Landlord (Number),2,3,,
55500,55500,Dwelling stock estimates,1,1,,Flintshire,W06000005,6,WXX000001,31/03/2009,31/03/2009,1238543999000,,Owner occupied/Privately rented (Number),3,5,,
65300,65300,Dwelling stock estimates,1,1,,Flintshire,W06000005,6,WXX000001,31/03/2009,31/03/2009,1238543999000,,All tenures (Number),6,10,,
7500,7500,Dwelling stock estimates,1,1,,Flintshire,W06000005,6,WXX000001,31/03/2008,31/03/2008,1207007999000,,Local Authority (Number),1,1,,
2300,2300,Dwelling stock estimates,1,1,,Flintshire,W06000005,6,WXX000001,31/03/2008,31/03/2008,1207007999000,,Registered Social Landlord (Number),2,3,,
55200,55200,Dwelling stock estimates,1,1,,Flintshire,W06000005,6,WXX000001,31/03/2008,31/03/2008,1207007999000,,Owner occupied/Privately rented (Number),3,5,,
65000,65000,Dwelling stock estimates,1,1,,Flintshire,W06000005,6,WXX000001,31/03/2008,31/03/2008,1207007999000,,All tenures (Number),6,10,,
7500,7500,Dwelling stock estimates,1,1,,Flintshire,W06000005,6,WXX000001,31/03/2007,31/03/2007,1175385599000,,Local Authority (Number),1,1,,
2200,2200,Dwelling stock estimates,1,1,,Flintshire,W06000005,6,WXX000001,31/03/2007,31/03/2007,1175385599000,,Registered Social Landlord (Number),2,3,,
54800,54800,Dwelling stock estimates,1,1,,Flintshire,W06000005,6,WXX000001,31/03/2007,31/03/2007,1175385599000,,Owner occupied/Privately rented (Number),3,5,,
64600,64600,Dwelling stock estimates,1,1,,Flintshire,W06000005,6,WXX000001,31/03/2007,31/03/2007,1175385599000,,All tenures (Number),6,10,,
7600,7600,Dwelling stock estimates,1,1,,Flintshire,W06000005,6,WXX000001,31/03/2006,31/03/2006,1143849599000,,Local Authority (Number),1,1,,
2200,2200,Dwelling stock estimates,1,1,,Flintshire,W06000005,6,WXX000001,31/03/2006,31/03/2006,1143849599000,,Registered Social Landlord (Number),2,3,,
54400,54400,Dwelling stock estimates,1,1,,Flintshire,W06000005,6,WXX000001,31/03/2006,31/03/2006,1143849599000,,Owner occupied/Privately rented (Number),3,5,,
64200,64200,Dwelling stock estimates,1,1,,Flintshire,W06000005,6,WXX000001,31/03/2006,31/03/2006,1143849599000,,All tenures (Number),6,10,,
7700,7700,Dwelling stock estimates,1,1,,Flintshire,W06000005,6,WXX000001,31/03/2005,31/03/2005,1112313599000,,Local Authority (Number),1,1,,
2100,2100,Dwelling stock estimates,1,1,,Flintshire,W06000005,6,WXX000001,31/03/2005,31/03/2005,1112313599000,,Registered Social Landlord (Number),2,3,,
54000,54000,Dwelling stock estimates,1,1,,Flintshire,W06000005,6,WXX000001,31/03/2005,31/03/2005,1112313599000,,Owner occupied/Privately rented (Number),3,5,,
63900,63900,Dwelling stock estimates,1,1,,Flintshire,W06000005,6,WXX000001,31/03/2005,31/03/2005,1112313599000,,All tenures (Number),6,10,,
7900,7900,Dwelling stock estimates,1,1,,Flintshire,W06000005,6,WXX000001,31/03/2004,31/03/2004,1080777599000,,Local Authority (Number),1,1,,
2200,2200,Dwelling stock estimates,1,1,,Flintshire,W06000005,6,WXX000001,31/03/2004,31/03/2004,1080777599000,,Registered Social Landlord (Number),2,3,,
53300,53300,Dwelling stock estimates,1,1,,Flintshire,W06000005,6,WXX000001,31/03/2004,31/03/2004,1080777599000,,Owner occupied/Privately rented (Number),3,5,,
63400,63400,Dwelling stock estimates,1,1,,Flintshire,W06000005,6,WXX000001,31/03/2004,31/03/2004,1080777599000,,All tenures (Number),6,10,,
8200,8200,Dwelling stock estimates,1,1,,Flintshire,W06000005,6,WXX000001,31/03/2003,31/03/2003,1049155199000,,Local Authority (Number),1,1,,
2100,2100,Dwelling stock estimates,1,1,,Flintshire,W06000005,6,WXX000001,31/03/2003,31/03/2003,1049155199000,,Registered Social Landlord (Number),2,3,,
52900,52900,Dwelling stock estimates,1,1,,Flintshire,W06000005,6,WXX000001,31/03/2003,31/03/2003,1049155199000,,Owner occupied/Privately rented (Number),3,5,,
63100,63100,Dwelling stock estimates,1,1,,Flintshire,W06000005,6,WXX000001,31/03/2003,31/03/2003,1049155199000,,All tenures (Number),6,10,,
8400,8400,Dwelling stock estimates,1,1,,Flintshire,W06000005,6,WXX000001,31/03/2002,31/03/2002,1017619199000,,Local Authority (Number),1,1,,
2000,2000,Dwelling stock estimates,1,1,,Flintshire,W06000005,6,WXX000001,31/03/2002,31/03/2002,1017619199000,,Registered Social Landlord (Number),2,3,,
52300,52300,Dwelling stock estimates,1,1,,Flintshire,W06000005,6,WXX000001,31/03/2002,31/03/2002,1017619199000,,Owner occupied/Privately rented (Number),3,5,,
62800,62800,Dwelling stock estimates,1,1,,Flintshire,W06000005,6,WXX000001,31/03/2002,31/03/2002,1017619199000,,All tenures (Number),6,10,,
8500,8500,Dwelling stock estimates,1,1,,Flintshire,W06000005,6,WXX000001,31/03/2001,31/03/2001,986083199000,,Local Authority (Number),1,1,,
2000,2000,Dwelling stock estimates,1,1,,Flintshire,W06000005,6,WXX000001,31/03/2001,31/03/2001,986083199000,,Registered Social Landlord (Number),2,3,,
51900,51900,Dwelling stock estimates,1,1,,Flintshire,W06000005,6,WXX000001,31/03/2001,31/03/2001,986083199000,,Owner occupied/Privately rented (Number),3,5,,
62400,62400,Dwelling stock estimates,1,1,,Flintshire,W06000005,6,WXX000001,31/03/2001,31/03/2001,986083199000,,All tenures (Number),6,10,,
11100,11100,Dwelling stock estimates,1,1,,Wrexham,W06000006,7,WXX000001,31/03/2024,31/03/2024,1711929599000,,Local Authority (Number),1,1,,
2300,2300,Dwelling stock estimates,1,1,,Wrexham,W06000006,7,WXX000001,31/03/2024,31/03/2024,1711929599000,,Registered Social Landlord (Number),2,3,,
48500,48500,Dwelling stock estimates,1,1,,Wrexham,W06000006,7,WXX000001,31/03/2024,31/03/2024,1711929599000,,Owner occupied/Privately rented (Number),3,5,,
41400,41400,Dwelling stock estimates,1,1,,Wrexham,W06000006,7,WXX000001,31/03/2024,31/03/2024,1711929599000,,Owner occupied (Number),4,6,,Provisional
7000,7000,Dwelling stock estimates,1,1,,Wrexham,W06000006,7,WXX000001,31/03/2024,31/03/2024,1711929599000,,Privately rented (Number),5,8,,Provisional
61900,61900,Dwelling stock estimates,1,1,,Wrexham,W06000006,7,WXX000001,31/03/2024,31/03/2024,1711929599000,,All tenures (Number),6,10,,
11100,11100,Dwelling stock estimates,1,1,,Wrexham,W06000006,7,WXX000001,31/03/2023,31/03/2023,1680307199000,,Local Authority (Number),1,1,,
2300,2300,Dwelling stock estimates,1,1,,Wrexham,W06000006,7,WXX000001,31/03/2023,31/03/2023,1680307199000,,Registered Social Landlord (Number),2,3,,
48300,48300,Dwelling stock estimates,1,1,,Wrexham,W06000006,7,WXX000001,31/03/2023,31/03/2023,1680307199000,,Owner occupied/Privately rented (Number),3,5,,
41300,41300,Dwelling stock estimates,1,1,,Wrexham,W06000006,7,WXX000001,31/03/2023,31/03/2023,1680307199000,,Owner occupied (Number),4,6,,
7000,7000,Dwelling stock estimates,1,1,,Wrexham,W06000006,7,WXX000001,31/03/2023,31/03/2023,1680307199000,,Privately rented (Number),5,8,,
61600,61600,Dwelling stock estimates,1,1,,Wrexham,W06000006,7,WXX000001,31/03/2023,31/03/2023,1680307199000,,All tenures (Number),6,10,,
11100,11100,Dwelling stock estimates,1,1,,Wrexham,W06000006,7,WXX000001,31/03/2022,31/03/2022,1648771199000,,Local Authority (Number),1,1,,
2200,2200,Dwelling stock estimates,1,1,,Wrexham,W06000006,7,WXX000001,31/03/2022,31/03/2022,1648771199000,,Registered Social Landlord (Number),2,3,,
48200,48200,Dwelling stock estimates,1,1,,Wrexham,W06000006,7,WXX000001,31/03/2022,31/03/2022,1648771199000,,Owner occupied/Privately rented (Number),3,5,,
40800,40800,Dwelling stock estimates,1,1,,Wrexham,W06000006,7,WXX000001,31/03/2022,31/03/2022,1648771199000,,Owner occupied (Number),4,6,,
7400,7400,Dwelling stock estimates,1,1,,Wrexham,W06000006,7,WXX000001,31/03/2022,31/03/2022,1648771199000,,Privately rented (Number),5,8,,
61400,61400,Dwelling stock estimates,1,1,,Wrexham,W06000006,7,WXX000001,31/03/2022,31/03/2022,1648771199000,,All tenures (Number),6,10,,
11000,11000,Dwelling stock estimates,1,1,,Wrexham,W06000006,7,WXX000001,31/03/2021,31/03/2021,1617235199000,,Local Authority (Number),1,1,,
2200,2200,Dwelling stock estimates,1,1,,Wrexham,W06000006,7,WXX000001,31/03/2021,31/03/2021,1617235199000,,Registered Social Landlord (Number),2,3,,
48000,48000,Dwelling stock estimates,1,1,,Wrexham,W06000006,7,WXX000001,31/03/2021,31/03/2021,1617235199000,,Owner occupied/Privately rented (Number),3,5,,
41000,41000,Dwelling stock estimates,1,1,,Wrexham,W06000006,7,WXX000001,31/03/2021,31/03/2021,1617235199000,,Owner occupied (Number),4,6,,
7000,7000,Dwelling stock estimates,1,1,,Wrexham,W06000006,7,WXX000001,31/03/2021,31/03/2021,1617235199000,,Privately rented (Number),5,8,,
61300,61300,Dwelling stock estimates,1,1,,Wrexham,W06000006,7,WXX000001,31/03/2021,31/03/2021,1617235199000,,All tenures (Number),6,10,,
11000,11000,Dwelling stock estimates,1,1,,Wrexham,W06000006,7,WXX000001,31/03/2020,31/03/2020,1585699199000,,Local Authority (Number),1,1,,
2200,2200,Dwelling stock estimates,1,1,,Wrexham,W06000006,7,WXX000001,31/03/2020,31/03/2020,1585699199000,,Registered Social Landlord (Number),2,3,,
47800,47800,Dwelling stock estimates,1,1,,Wrexham,W06000006,7,WXX000001,31/03/2020,31/03/2020,1585699199000,,Owner occupied/Privately rented (Number),3,5,,
40300,40300,Dwelling stock estimates,1,1,,Wrexham,W06000006,7,WXX000001,31/03/2020,31/03/2020,1585699199000,,Owner occupied (Number),4,6,,
7600,7600,Dwelling stock estimates,1,1,,Wrexham,W06000006,7,WXX000001,31/03/2020,31/03/2020,1585699199000,,Privately rented (Number),5,8,,
61100,61100,Dwelling stock estimates,1,1,,Wrexham,W06000006,7,WXX000001,31/03/2020,31/03/2020,1585699199000,,All tenures (Number),6,10,,
11100,11100,Dwelling stock estimates,1,1,,Wrexham,W06000006,7,WXX000001,31/03/2019,31/03/2019,1554076799000,,Local Authority (Number),1,1,,
2100,2100,Dwelling stock estimates,1,1,,Wrexham,W06000006,7,WXX000001,31/03/2019,31/03/2019,1554076799000,,Registered Social Landlord (Number),2,3,,
47700,47700,Dwelling stock estimates,1,1,,Wrexham,W06000006,7,WXX000001,31/03/2019,31/03/2019,1554076799000,,Owner occupied/Privately rented (Number),3,5,,
39800,39800,Dwelling stock estimates,1,1,,Wrexham,W06000006,7,WXX000001,31/03/2019,31/03/2019,1554076799000,,Owner occupied (Number),4,6,,
8000,8000,Dwelling stock estimates,1,1,,Wrexham,W06000006,7,WXX000001,31/03/2019,31/03/2019,1554076799000,,Privately rented (Number),5,8,,
61000,61000,Dwelling stock estimates,1,1,,Wrexham,W06000006,7,WXX000001,31/03/2019,31/03/2019,1554076799000,,All tenures (Number),6,10,,
11200,11200,Dwelling stock estimates,1,1,,Wrexham,W06000006,7,WXX000001,31/03/2018,31/03/2018,1522540799000,,Local Authority (Number),1,1,,
2000,2000,Dwelling stock estimates,1,1,,Wrexham,W06000006,7,WXX000001,31/03/2018,31/03/2018,1522540799000,,Registered Social Landlord (Number),2,3,,
47600,47600,Dwelling stock estimates,1,1,,Wrexham,W06000006,7,WXX000001,31/03/2018,31/03/2018,1522540799000,,Owner occupied/Privately rented (Number),3,5,,
40100,40100,Dwelling stock estimates,1,1,,Wrexham,W06000006,7,WXX000001,31/03/2018,31/03/2018,1522540799000,,Owner occupied (Number),4,6,,
7500,7500,Dwelling stock estimates,1,1,,Wrexham,W06000006,7,WXX000001,31/03/2018,31/03/2018,1522540799000,,Privately rented (Number),5,8,,
60800,60800,Dwelling stock estimates,1,1,,Wrexham,W06000006,7,WXX000001,31/03/2018,31/03/2018,1522540799000,,All tenures (Number),6,10,,
11200,11200,Dwelling stock estimates,1,1,,Wrexham,W06000006,7,WXX000001,31/03/2017,31/03/2017,1491004799000,,Local Authority (Number),1,1,,
2000,2000,Dwelling stock estimates,1,1,,Wrexham,W06000006,7,WXX000001,31/03/2017,31/03/2017,1491004799000,,Registered Social Landlord (Number),2,3,,
47500,47500,Dwelling stock estimates,1,1,,Wrexham,W06000006,7,WXX000001,31/03/2017,31/03/2017,1491004799000,,Owner occupied/Privately rented (Number),3,5,,
40300,40300,Dwelling stock estimates,1,1,,Wrexham,W06000006,7,WXX000001,31/03/2017,31/03/2017,1491004799000,,Owner occupied (Number),4,6,,
7200,7200,Dwelling stock estimates,1,1,,Wrexham,W06000006,7,WXX000001,31/03/2017,31/03/2017,1491004799000,,Privately rented (Number),5,8,,
60700,60700,Dwelling stock estimates,1,1,,Wrexham,W06000006,7,WXX000001,31/03/2017,31/03/2017,1491004799000,,All tenures (Number),6,10,,
11200,11200,Dwelling stock estimates,1,1,,Wrexham,W06000006,7,WXX000001,31/03/2016,31/03/2016,1459468799000,,Local Authority (Number),1,1,,
2000,2000,Dwelling stock estimates,1,1,,Wrexham,W06000006,7,WXX000001,31/03/2016,31/03/2016,1459468799000,,Registered Social Landlord (Number),2,3,,
47200,47200,Dwelling stock estimates,1,1,,Wrexham,W06000006,7,WXX000001,31/03/2016,31/03/2016,1459468799000,,Owner occupied/Privately rented (Number),3,5,,
40100,40100,Dwelling stock estimates,1,1,,Wrexham,W06000006,7,WXX000001,31/03/2016,31/03/2016,1459468799000,,Owner occupied (Number),4,6,,
7100,7100,Dwelling stock estimates,1,1,,Wrexham,W06000006,7,WXX000001,31/03/2016,31/03/2016,1459468799000,,Privately rented (Number),5,8,,
60400,60400,Dwelling stock estimates,1,1,,Wrexham,W06000006,7,WXX000001,31/03/2016,31/03/2016,1459468799000,,All tenures (Number),6,10,,
11300,11300,Dwelling stock estimates,1,1,,Wrexham,W06000006,7,WXX000001,31/03/2015,31/03/2015,1427846399000,,Local Authority (Number),1,1,,
1900,1900,Dwelling stock estimates,1,1,,Wrexham,W06000006,7,WXX000001,31/03/2015,31/03/2015,1427846399000,,Registered Social Landlord (Number),2,3,,
46900,46900,Dwelling stock estimates,1,1,,Wrexham,W06000006,7,WXX000001,31/03/2015,31/03/2015,1427846399000,,Owner occupied/Privately rented (Number),3,5,,
39600,39600,Dwelling stock estimates,1,1,,Wrexham,W06000006,7,WXX000001,31/03/2015,31/03/2015,1427846399000,,Owner occupied (Number),4,6,,
7300,7300,Dwelling stock estimates,1,1,,Wrexham,W06000006,7,WXX000001,31/03/2015,31/03/2015,1427846399000,,Privately rented (Number),5,8,,
60200,60200,Dwelling stock estimates,1,1,,Wrexham,W06000006,7,WXX000001,31/03/2015,31/03/2015,1427846399000,,All tenures (Number),6,10,,
11300,11300,Dwelling stock estimates,1,1,,Wrexham,W06000006,7,WXX000001,31/03/2014,31/03/2014,1396310399000,,Local Authority (Number),1,1,,
1900,1900,Dwelling stock estimates,1,1,,Wrexham,W06000006,7,WXX000001,31/03/2014,31/03/2014,1396310399000,,Registered Social Landlord (Number),2,3,,
46700,46700,Dwelling stock estimates,1,1,,Wrexham,W06000006,7,WXX000001,31/03/2014,31/03/2014,1396310399000,,Owner occupied/Privately rented (Number),3,5,,
39100,39100,Dwelling stock estimates,1,1,,Wrexham,W06000006,7,WXX000001,31/03/2014,31/03/2014,1396310399000,,Owner occupied (Number),4,6,,
7700,7700,Dwelling stock estimates,1,1,,Wrexham,W06000006,7,WXX000001,31/03/2014,31/03/2014,1396310399000,,Privately rented (Number),5,8,,
59900,59900,Dwelling stock estimates,1,1,,Wrexham,W06000006,7,WXX000001,31/03/2014,31/03/2014,1396310399000,,All tenures (Number),6,10,,
11300,11300,Dwelling stock estimates,1,1,,Wrexham,W06000006,7,WXX000001,31/03/2013,31/03/2013,1364774399000,,Local Authority (Number),1,1,,
1800,1800,Dwelling stock estimates,1,1,,Wrexham,W06000006,7,WXX000001,31/03/2013,31/03/2013,1364774399000,,Registered Social Landlord (Number),2,3,,
46500,46500,Dwelling stock estimates,1,1,,Wrexham,W06000006,7,WXX000001,31/03/2013,31/03/2013,1364774399000,,Owner occupied/Privately rented (Number),3,5,,
38900,38900,Dwelling stock estimates,1,1,,Wrexham,W06000006,7,WXX000001,31/03/2013,31/03/2013,1364774399000,,Owner occupied (Number),4,6,,
7600,7600,Dwelling stock estimates,1,1,,Wrexham,W06000006,7,WXX000001,31/03/2013,31/03/2013,1364774399000,,Privately rented (Number),5,8,,
59600,59600,Dwelling stock estimates,1,1,,Wrexham,W06000006,7,WXX000001,31/03/2013,31/03/2013,1364774399000,,All tenures (Number),6,10,,
11300,11300,Dwelling stock estimates,1,1,,Wrexham,W06000006,7,WXX000001,31/03/2012,31/03/2012,1333238399000,,Local Authority (Number),1,1,,
1800,1800,Dwelling stock estimates,1,1,,Wrexham,W06000006,7,WXX000001,31/03/2012,31/03/2012,1333238399000,,Registered Social Landlord (Number),2,3,,
46300,46300,Dwelling stock estimates,1,1,,Wrexham,W06000006,7,WXX000001,31/03/2012,31/03/2012,1333238399000,,Owner occupied/Privately rented (Number),3,5,,
39200,39200,Dwelling stock estimates,1,1,,Wrexham,W06000006,7,WXX000001,31/03/2012,31/03/2012,1333238399000,,Owner occupied (Number),4,6,,
7100,7100,Dwelling stock estimates,1,1,,Wrexham,W06000006,7,WXX000001,31/03/2012,31/03/2012,1333238399000,,Privately rented (Number),5,8,,
59400,59400,Dwelling stock estimates,1,1,,Wrexham,W06000006,7,WXX000001,31/03/2012,31/03/2012,1333238399000,,All tenures (Number),6,10,,
11300,11300,Dwelling stock estimates,1,1,,Wrexham,W06000006,7,WXX000001,31/03/2011,31/03/2011,1301615999000,,Local Authority (Number),1,1,,
1700,1700,Dwelling stock estimates,1,1,,Wrexham,W06000006,7,WXX000001,31/03/2011,31/03/2011,1301615999000,,Registered Social Landlord (Number),2,3,,
46000,46000,Dwelling stock estimates,1,1,,Wrexham,W06000006,7,WXX000001,31/03/2011,31/03/2011,1301615999000,,Owner occupied/Privately rented (Number),3,5,,
59000,59000,Dwelling stock estimates,1,1,,Wrexham,W06000006,7,WXX000001,31/03/2011,31/03/2011,1301615999000,,All tenures (Number),6,10,,
11500,11500,Dwelling stock estimates,1,1,,Wrexham,W06000006,7,WXX000001,31/03/2010,31/03/2010,1270079999000,,Local Authority (Number),1,1,,
1700,1700,Dwelling stock estimates,1,1,,Wrexham,W06000006,7,WXX000001,31/03/2010,31/03/2010,1270079999000,,Registered Social Landlord (Number),2,3,,
45700,45700,Dwelling stock estimates,1,1,,Wrexham,W06000006,7,WXX000001,31/03/2010,31/03/2010,1270079999000,,Owner occupied/Privately rented (Number),3,5,,
58900,58900,Dwelling stock estimates,1,1,,Wrexham,W06000006,7,WXX000001,31/03/2010,31/03/2010,1270079999000,,All tenures (Number),6,10,,
11500,11500,Dwelling stock estimates,1,1,,Wrexham,W06000006,7,WXX000001,31/03/2009,31/03/2009,1238543999000,,Local Authority (Number),1,1,,
1600,1600,Dwelling stock estimates,1,1,,Wrexham,W06000006,7,WXX000001,31/03/2009,31/03/2009,1238543999000,,Registered Social Landlord (Number),2,3,,
45500,45500,Dwelling stock estimates,1,1,,Wrexham,W06000006,7,WXX000001,31/03/2009,31/03/2009,1238543999000,,Owner occupied/Privately rented (Number),3,5,,
58600,58600,Dwelling stock estimates,1,1,,Wrexham,W06000006,7,WXX000001,31/03/2009,31/03/2009,1238543999000,,All tenures (Number),6,10,,
11500,11500,Dwelling stock estimates,1,1,,Wrexham,W06000006,7,WXX000001,31/03/2008,31/03/2008,1207007999000,,Local Authority (Number),1,1,,
1600,1600,Dwelling stock estimates,1,1,,Wrexham,W06000006,7,WXX000001,31/03/2008,31/03/2008,1207007999000,,Registered Social Landlord (Number),2,3,,
45200,45200,Dwelling stock estimates,1,1,,Wrexham,W06000006,7,WXX000001,31/03/2008,31/03/2008,1207007999000,,Owner occupied/Privately rented (Number),3,5,,
58300,58300,Dwelling stock estimates,1,1,,Wrexham,W06000006,7,WXX000001,31/03/2008,31/03/2008,1207007999000,,All tenures (Number),6,10,,
11500,11500,Dwelling stock estimates,1,1,,Wrexham,W06000006,7,WXX000001,31/03/2007,31/03/2007,1175385599000,,Local Authority (Number),1,1,,
1600,1600,Dwelling stock estimates,1,1,,Wrexham,W06000006,7,WXX000001,31/03/2007,31/03/2007,1175385599000,,Registered Social Landlord (Number),2,3,,
44300,44300,Dwelling stock estimates,1,1,,Wrexham,W06000006,7,WXX000001,31/03/2007,31/03/2007,1175385599000,,Owner occupied/Privately rented (Number),3,5,,
57500,57500,Dwelling stock estimates,1,1,,Wrexham,W06000006,7,WXX000001,31/03/2007,31/03/2007,1175385599000,,All tenures (Number),6,10,,
11600,11600,Dwelling stock estimates,1,1,,Wrexham,W06000006,7,WXX000001,31/03/2006,31/03/2006,1143849599000,,Local Authority (Number),1,1,,
1600,1600,Dwelling stock estimates,1,1,,Wrexham,W06000006,7,WXX000001,31/03/2006,31/03/2006,1143849599000,,Registered Social Landlord (Number),2,3,,
43600,43600,Dwelling stock estimates,1,1,,Wrexham,W06000006,7,WXX000001,31/03/2006,31/03/2006,1143849599000,,Owner occupied/Privately rented (Number),3,5,,
56800,56800,Dwelling stock estimates,1,1,,Wrexham,W06000006,7,WXX000001,31/03/2006,31/03/2006,1143849599000,,All tenures (Number),6,10,,
11900,11900,Dwelling stock estimates,1,1,,Wrexham,W06000006,7,WXX000001,31/03/2005,31/03/2005,1112313599000,,Local Authority (Number),1,1,,
1600,1600,Dwelling stock estimates,1,1,,Wrexham,W06000006,7,WXX000001,31/03/2005,31/03/2005,1112313599000,,Registered Social Landlord (Number),2,3,,
42900,42900,Dwelling stock estimates,1,1,,Wrexham,W06000006,7,WXX000001,31/03/2005,31/03/2005,1112313599000,,Owner occupied/Privately rented (Number),3,5,,
56400,56400,Dwelling stock estimates,1,1,,Wrexham,W06000006,7,WXX000001,31/03/2005,31/03/2005,1112313599000,,All tenures (Number),6,10,,
12200,12200,Dwelling stock estimates,1,1,,Wrexham,W06000006,7,WXX000001,31/03/2004,31/03/2004,1080777599000,,Local Authority (Number),1,1,,
1600,1600,Dwelling stock estimates,1,1,,Wrexham,W06000006,7,WXX000001,31/03/2004,31/03/2004,1080777599000,,Registered Social Landlord (Number),2,3,,
42100,42100,Dwelling stock estimates,1,1,,Wrexham,W06000006,7,WXX000001,31/03/2004,31/03/2004,1080777599000,,Owner occupied/Privately rented (Number),3,5,,
55900,55900,Dwelling stock estimates,1,1,,Wrexham,W06000006,7,WXX000001,31/03/2004,31/03/2004,1080777599000,,All tenures (Number),6,10,,
12800,12800,Dwelling stock estimates,1,1,,Wrexham,W06000006,7,WXX000001,31/03/2003,31/03/2003,1049155199000,,Local Authority (Number),1,1,,
1600,1600,Dwelling stock estimates,1,1,,Wrexham,W06000006,7,WXX000001,31/03/2003,31/03/2003,1049155199000,,Registered Social Landlord (Number),2,3,,
41100,41100,Dwelling stock estimates,1,1,,Wrexham,W06000006,7,WXX000001,31/03/2003,31/03/2003,1049155199000,,Owner occupied/Privately rented (Number),3,5,,
55500,55500,Dwelling stock estimates,1,1,,Wrexham,W06000006,7,WXX000001,31/03/2003,31/03/2003,1049155199000,,All tenures (Number),6,10,,
13300,13300,Dwelling stock estimates,1,1,,Wrexham,W06000006,7,WXX000001,31/03/2002,31/03/2002,1017619199000,,Local Authority (Number),1,1,,
1600,1600,Dwelling stock estimates,1,1,,Wrexham,W06000006,7,WXX000001,31/03/2002,31/03/2002,1017619199000,,Registered Social Landlord (Number),2,3,,
40200,40200,Dwelling stock estimates,1,1,,Wrexham,W06000006,7,WXX000001,31/03/2002,31/03/2002,1017619199000,,Owner occupied/Privately rented (Number),3,5,,
55200,55200,Dwelling stock estimates,1,1,,Wrexham,W06000006,7,WXX000001,31/03/2002,31/03/2002,1017619199000,,All tenures (Number),6,10,,
13600,13600,Dwelling stock estimates,1,1,,Wrexham,W06000006,7,WXX000001,31/03/2001,31/03/2001,986083199000,,Local Authority (Number),1,1,,
1500,1500,Dwelling stock estimates,1,1,,Wrexham,W06000006,7,WXX000001,31/03/2001,31/03/2001,986083199000,,Registered Social Landlord (Number),2,3,,
39900,39900,Dwelling stock estimates,1,1,,Wrexham,W06000006,7,WXX000001,31/03/2001,31/03/2001,986083199000,,Owner occupied/Privately rented (Number),3,5,,
55000,55000,Dwelling stock estimates,1,1,,Wrexham,W06000006,7,WXX000001,31/03/2001,31/03/2001,986083199000,,All tenures (Number),6,10,,
5900,5900,Dwelling stock estimates,1,1,,Merthyr Tydfil,W06000024,8,WXX000003,31/03/2024,31/03/2024,1711929599000,,Registered Social Landlord (Number),2,3,,
21700,21700,Dwelling stock estimates,1,1,,Merthyr Tydfil,W06000024,8,WXX000003,31/03/2024,31/03/2024,1711929599000,,Owner occupied/Privately rented (Number),3,5,,
17700,17700,Dwelling stock estimates,1,1,,Merthyr Tydfil,W06000024,8,WXX000003,31/03/2024,31/03/2024,1711929599000,,Owner occupied (Number),4,6,,Provisional
4000,4000,Dwelling stock estimates,1,1,,Merthyr Tydfil,W06000024,8,WXX000003,31/03/2024,31/03/2024,1711929599000,,Privately rented (Number),5,8,,Provisional
27600,27600,Dwelling stock estimates,1,1,,Merthyr Tydfil,W06000024,8,WXX000003,31/03/2024,31/03/2024,1711929599000,,All tenures (Number),6,10,,
5800,5800,Dwelling stock estimates,1,1,,Merthyr Tydfil,W06000024,8,WXX000003,31/03/2023,31/03/2023,1680307199000,,Registered Social Landlord (Number),2,3,,
21800,21800,Dwelling stock estimates,1,1,,Merthyr Tydfil,W06000024,8,WXX000003,31/03/2023,31/03/2023,1680307199000,,Owner occupied/Privately rented (Number),3,5,,
17700,17700,Dwelling stock estimates,1,1,,Merthyr Tydfil,W06000024,8,WXX000003,31/03/2023,31/03/2023,1680307199000,,Owner occupied (Number),4,6,,
4000,4000,Dwelling stock estimates,1,1,,Merthyr Tydfil,W06000024,8,WXX000003,31/03/2023,31/03/2023,1680307199000,,Privately rented (Number),5,8,,
27600,27600,Dwelling stock estimates,1,1,,Merthyr Tydfil,W06000024,8,WXX000003,31/03/2023,31/03/2023,1680307199000,,All tenures (Number),6,10,,
5800,5800,Dwelling stock estimates,1,1,,Merthyr Tydfil,W06000024,8,WXX000003,31/03/2022,31/03/2022,1648771199000,,Registered Social Landlord (Number),2,3,,
21700,21700,Dwelling stock estimates,1,1,,Merthyr Tydfil,W06000024,8,WXX000003,31/03/2022,31/03/2022,1648771199000,,Owner occupied/Privately rented (Number),3,5,,
18500,18500,Dwelling stock estimates,1,1,,Merthyr Tydfil,W06000024,8,WXX000003,31/03/2022,31/03/2022,1648771199000,,Owner occupied (Number),4,6,,
3300,3300,Dwelling stock estimates,1,1,,Merthyr Tydfil,W06000024,8,WXX000003,31/03/2022,31/03/2022,1648771199000,,Privately rented (Number),5,8,,
27600,27600,Dwelling stock estimates,1,1,,Merthyr Tydfil,W06000024,8,WXX000003,31/03/2022,31/03/2022,1648771199000,,All tenures (Number),6,10,,
5800,5800,Dwelling stock estimates,1,1,,Merthyr Tydfil,W06000024,8,WXX000003,31/03/2021,31/03/2021,1617235199000,,Registered Social Landlord (Number),2,3,,
21700,21700,Dwelling stock estimates,1,1,,Merthyr Tydfil,W06000024,8,WXX000003,31/03/2021,31/03/2021,1617235199000,,Owner occupied/Privately rented (Number),3,5,,
18400,18400,Dwelling stock estimates,1,1,,Merthyr Tydfil,W06000024,8,WXX000003,31/03/2021,31/03/2021,1617235199000,,Owner occupied (Number),4,6,,
3300,3300,Dwelling stock estimates,1,1,,Merthyr Tydfil,W06000024,8,WXX000003,31/03/2021,31/03/2021,1617235199000,,Privately rented (Number),5,8,,
27500,27500,Dwelling stock estimates,1,1,,Merthyr Tydfil,W06000024,8,WXX000003,31/03/2021,31/03/2021,1617235199000,,All tenures (Number),6,10,,
5800,5800,Dwelling stock estimates,1,1,,Merthyr Tydfil,W06000024,8,WXX000003,31/03/2020,31/03/2020,1585699199000,,Registered Social Landlord (Number),2,3,,
21600,21600,Dwelling stock estimates,1,1,,Merthyr Tydfil,W06000024,8,WXX000003,31/03/2020,31/03/2020,1585699199000,,Owner occupied/Privately rented (Number),3,5,,
17800,17800,Dwelling stock estimates,1,1,,Merthyr Tydfil,W06000024,8,WXX000003,31/03/2020,31/03/2020,1585699199000,,Owner occupied (Number),4,6,,
3700,3700,Dwelling stock estimates,1,1,,Merthyr Tydfil,W06000024,8,WXX000003,31/03/2020,31/03/2020,1585699199000,,Privately rented (Number),5,8,,
27400,27400,Dwelling stock estimates,1,1,,Merthyr Tydfil,W06000024,8,WXX000003,31/03/2020,31/03/2020,1585699199000,,All tenures (Number),6,10,,
5800,5800,Dwelling stock estimates,1,1,,Merthyr Tydfil,W06000024,8,WXX000003,31/03/2019,31/03/2019,1554076799000,,Registered Social Landlord (Number),2,3,,
21400,21400,Dwelling stock estimates,1,1,,Merthyr Tydfil,W06000024,8,WXX000003,31/03/2019,31/03/2019,1554076799000,,Owner occupied/Privately rented (Number),3,5,,
17900,17900,Dwelling stock estimates,1,1,,Merthyr Tydfil,W06000024,8,WXX000003,31/03/2019,31/03/2019,1554076799000,,Owner occupied (Number),4,6,,
3500,3500,Dwelling stock estimates,1,1,,Merthyr Tydfil,W06000024,8,WXX000003,31/03/2019,31/03/2019,1554076799000,,Privately rented (Number),5,8,,
27200,27200,Dwelling stock estimates,1,1,,Merthyr Tydfil,W06000024,8,WXX000003,31/03/2019,31/03/2019,1554076799000,,All tenures (Number),6,10,,
5800,5800,Dwelling stock estimates,1,1,,Merthyr Tydfil,W06000024,8,WXX000003,31/03/2018,31/03/2018,1522540799000,,Registered Social Landlord (Number),2,3,,
21300,21300,Dwelling stock estimates,1,1,,Merthyr Tydfil,W06000024,8,WXX000003,31/03/2018,31/03/2018,1522540799000,,Owner occupied/Privately rented (Number),3,5,,
18100,18100,Dwelling stock estimates,1,1,,Merthyr Tydfil,W06000024,8,WXX000003,31/03/2018,31/03/2018,1522540799000,,Owner occupied (Number),4,6,,
3200,3200,Dwelling stock estimates,1,1,,Merthyr Tydfil,W06000024,8,WXX000003,31/03/2018,31/03/2018,1522540799000,,Privately rented (Number),5,8,,
27200,27200,Dwelling stock estimates,1,1,,Merthyr Tydfil,W06000024,8,WXX000003,31/03/2018,31/03/2018,1522540799000,,All tenures (Number),6,10,,
5800,5800,Dwelling stock estimates,1,1,,Merthyr Tydfil,W06000024,8,WXX000003,31/03/2017,31/03/2017,1491004799000,,Registered Social Landlord (Number),2,3,,
21200,21200,Dwelling stock estimates,1,1,,Merthyr Tydfil,W06000024,8,WXX000003,31/03/2017,31/03/2017,1491004799000,,Owner occupied/Privately rented (Number),3,5,,
17800,17800,Dwelling stock estimates,1,1,,Merthyr Tydfil,W06000024,8,WXX000003,31/03/2017,31/03/2017,1491004799000,,Owner occupied (Number),4,6,,
3400,3400,Dwelling stock estimates,1,1,,Merthyr Tydfil,W06000024,8,WXX000003,31/03/2017,31/03/2017,1491004799000,,Privately rented (Number),5,8,,
27000,27000,Dwelling stock estimates,1,1,,Merthyr Tydfil,W06000024,8,WXX000003,31/03/2017,31/03/2017,1491004799000,,All tenures (Number),6,10,,
5900,5900,Dwelling stock estimates,1,1,,Merthyr Tydfil,W06000024,8,WXX000003,31/03/2016,31/03/2016,1459468799000,,Registered Social Landlord (Number),2,3,,
21000,21000,Dwelling stock estimates,1,1,,Merthyr Tydfil,W06000024,8,WXX000003,31/03/2016,31/03/2016,1459468799000,,Owner occupied/Privately rented (Number),3,5,,
17300,17300,Dwelling stock estimates,1,1,,Merthyr Tydfil,W06000024,8,WXX000003,31/03/2016,31/03/2016,1459468799000,,Owner occupied (Number),4,6,,
3700,3700,Dwelling stock estimates,1,1,,Merthyr Tydfil,W06000024,8,WXX000003,31/03/2016,31/03/2016,1459468799000,,Privately rented (Number),5,8,,
26900,26900,Dwelling stock estimates,1,1,,Merthyr Tydfil,W06000024,8,WXX000003,31/03/2016,31/03/2016,1459468799000,,All tenures (Number),6,10,,
5900,5900,Dwelling stock estimates,1,1,,Merthyr Tydfil,W06000024,8,WXX000003,31/03/2015,31/03/2015,1427846399000,,Registered Social Landlord (Number),2,3,,
20800,20800,Dwelling stock estimates,1,1,,Merthyr Tydfil,W06000024,8,WXX000003,31/03/2015,31/03/2015,1427846399000,,Owner occupied/Privately rented (Number),3,5,,
16900,16900,Dwelling stock estimates,1,1,,Merthyr Tydfil,W06000024,8,WXX000003,31/03/2015,31/03/2015,1427846399000,,Owner occupied (Number),4,6,,
3900,3900,Dwelling stock estimates,1,1,,Merthyr Tydfil,W06000024,8,WXX000003,31/03/2015,31/03/2015,1427846399000,,Privately rented (Number),5,8,,
26700,26700,Dwelling stock estimates,1,1,,Merthyr Tydfil,W06000024,8,WXX000003,31/03/2015,31/03/2015,1427846399000,,All tenures (Number),6,10,,
5900,5900,Dwelling stock estimates,1,1,,Merthyr Tydfil,W06000024,8,WXX000003,31/03/2014,31/03/2014,1396310399000,,Registered Social Landlord (Number),2,3,,
20700,20700,Dwelling stock estimates,1,1,,Merthyr Tydfil,W06000024,8,WXX000003,31/03/2014,31/03/2014,1396310399000,,Owner occupied/Privately rented (Number),3,5,,
17000,17000,Dwelling stock estimates,1,1,,Merthyr Tydfil,W06000024,8,WXX000003,31/03/2014,31/03/2014,1396310399000,,Owner occupied (Number),4,6,,
3700,3700,Dwelling stock estimates,1,1,,Merthyr Tydfil,W06000024,8,WXX000003,31/03/2014,31/03/2014,1396310399000,,Privately rented (Number),5,8,,
26600,26600,Dwelling stock estimates,1,1,,Merthyr Tydfil,W06000024,8,WXX000003,31/03/2014,31/03/2014,1396310399000,,All tenures (Number),6,10,,
5900,5900,Dwelling stock estimates,1,1,,Merthyr Tydfil,W06000024,8,WXX000003,31/03/2013,31/03/2013,1364774399000,,Registered Social Landlord (Number),2,3,,
20600,20600,Dwelling stock estimates,1,1,,Merthyr Tydfil,W06000024,8,WXX000003,31/03/2013,31/03/2013,1364774399000,,Owner occupied/Privately rented (Number),3,5,,
17300,17300,Dwelling stock estimates,1,1,,Merthyr Tydfil,W06000024,8,WXX000003,31/03/2013,31/03/2013,1364774399000,,Owner occupied (Number),4,6,,
3300,3300,Dwelling stock estimates,1,1,,Merthyr Tydfil,W06000024,8,WXX000003,31/03/2013,31/03/2013,1364774399000,,Privately rented (Number),5,8,,
26500,26500,Dwelling stock estimates,1,1,,Merthyr Tydfil,W06000024,8,WXX000003,31/03/2013,31/03/2013,1364774399000,,All tenures (Number),6,10,,
5800,5800,Dwelling stock estimates,1,1,,Merthyr Tydfil,W06000024,8,WXX000003,31/03/2012,31/03/2012,1333238399000,,Registered Social Landlord (Number),2,3,,
20500,20500,Dwelling stock estimates,1,1,,Merthyr Tydfil,W06000024,8,WXX000003,31/03/2012,31/03/2012,1333238399000,,Owner occupied/Privately rented (Number),3,5,,
17600,17600,Dwelling stock estimates,1,1,,Merthyr Tydfil,W06000024,8,WXX000003,31/03/2012,31/03/2012,1333238399000,,Owner occupied (Number),4,6,,
2900,2900,Dwelling stock estimates,1,1,,Merthyr Tydfil,W06000024,8,WXX000003,31/03/2012,31/03/2012,1333238399000,,Privately rented (Number),5,8,,
26300,26300,Dwelling stock estimates,1,1,,Merthyr Tydfil,W06000024,8,WXX000003,31/03/2012,31/03/2012,1333238399000,,All tenures (Number),6,10,,
5800,5800,Dwelling stock estimates,1,1,,Merthyr Tydfil,W06000024,8,WXX000003,31/03/2011,31/03/2011,1301615999000,,Registered Social Landlord (Number),2,3,,
20500,20500,Dwelling stock estimates,1,1,,Merthyr Tydfil,W06000024,8,WXX000003,31/03/2011,31/03/2011,1301615999000,,Owner occupied/Privately rented (Number),3,5,,
26200,26200,Dwelling stock estimates,1,1,,Merthyr Tydfil,W06000024,8,WXX000003,31/03/2011,31/03/2011,1301615999000,,All tenures (Number),6,10,,
5800,5800,Dwelling stock estimates,1,1,,Merthyr Tydfil,W06000024,8,WXX000003,31/03/2010,31/03/2010,1270079999000,,Registered Social Landlord (Number),2,3,,
20300,20300,Dwelling stock estimates,1,1,,Merthyr Tydfil,W06000024,8,WXX000003,31/03/2010,31/03/2010,1270079999000,,Owner occupied/Privately rented (Number),3,5,,
26000,26000,Dwelling stock estimates,1,1,,Merthyr Tydfil,W06000024,8,WXX000003,31/03/2010,31/03/2010,1270079999000,,All tenures (Number),6,10,,
5800,5800,Dwelling stock estimates,1,1,,Merthyr Tydfil,W06000024,8,WXX000003,31/03/2009,31/03/2009,1238543999000,,Registered Social Landlord (Number),2,3,,
20000,20000,Dwelling stock estimates,1,1,,Merthyr Tydfil,W06000024,8,WXX000003,31/03/2009,31/03/2009,1238543999000,,Owner occupied/Privately rented (Number),3,5,,
25800,25800,Dwelling stock estimates,1,1,,Merthyr Tydfil,W06000024,8,WXX000003,31/03/2009,31/03/2009,1238543999000,,All tenures (Number),6,10,,
4200,4200,Dwelling stock estimates,1,1,,Merthyr Tydfil,W06000024,8,WXX000003,31/03/2008,31/03/2008,1207007999000,,Local Authority (Number),1,1,,
1500,1500,Dwelling stock estimates,1,1,,Merthyr Tydfil,W06000024,8,WXX000003,31/03/2008,31/03/2008,1207007999000,,Registered Social Landlord (Number),2,3,,
19900,19900,Dwelling stock estimates,1,1,,Merthyr Tydfil,W06000024,8,WXX000003,31/03/2008,31/03/2008,1207007999000,,Owner occupied/Privately rented (Number),3,5,,
25600,25600,Dwelling stock estimates,1,1,,Merthyr Tydfil,W06000024,8,WXX000003,31/03/2008,31/03/2008,1207007999000,,All tenures (Number),6,10,,
4200,4200,Dwelling stock estimates,1,1,,Merthyr Tydfil,W06000024,8,WXX000003,31/03/2007,31/03/2007,1175385599000,,Local Authority (Number),1,1,,
1500,1500,Dwelling stock estimates,1,1,,Merthyr Tydfil,W06000024,8,WXX000003,31/03/2007,31/03/2007,1175385599000,,Registered Social Landlord (Number),2,3,,
19500,19500,Dwelling stock estimates,1,1,,Merthyr Tydfil,W06000024,8,WXX000003,31/03/2007,31/03/2007,1175385599000,,Owner occupied/Privately rented (Number),3,5,,
25300,25300,Dwelling stock estimates,1,1,,Merthyr Tydfil,W06000024,8,WXX000003,31/03/2007,31/03/2007,1175385599000,,All tenures (Number),6,10,,
4400,4400,Dwelling stock estimates,1,1,,Merthyr Tydfil,W06000024,8,WXX000003,31/03/2006,31/03/2006,1143849599000,,Local Authority (Number),1,1,,
1500,1500,Dwelling stock estimates,1,1,,Merthyr Tydfil,W06000024,8,WXX000003,31/03/2006,31/03/2006,1143849599000,,Registered Social Landlord (Number),2,3,,
19300,19300,Dwelling stock estimates,1,1,,Merthyr Tydfil,W06000024,8,WXX000003,31/03/2006,31/03/2006,1143849599000,,Owner occupied/Privately rented (Number),3,5,,
25200,25200,Dwelling stock estimates,1,1,,Merthyr Tydfil,W06000024,8,WXX000003,31/03/2006,31/03/2006,1143849599000,,All tenures (Number),6,10,,
4400,4400,Dwelling stock estimates,1,1,,Merthyr Tydfil,W06000024,8,WXX000003,31/03/2005,31/03/2005,1112313599000,,Local Authority (Number),1,1,,
1500,1500,Dwelling stock estimates,1,1,,Merthyr Tydfil,W06000024,8,WXX000003,31/03/2005,31/03/2005,1112313599000,,Registered Social Landlord (Number),2,3,,
19100,19100,Dwelling stock estimates,1,1,,Merthyr Tydfil,W06000024,8,WXX000003,31/03/2005,31/03/2005,1112313599000,,Owner occupied/Privately rented (Number),3,5,,
25000,25000,Dwelling stock estimates,1,1,,Merthyr Tydfil,W06000024,8,WXX000003,31/03/2005,31/03/2005,1112313599000,,All tenures (Number),6,10,,
4600,4600,Dwelling stock estimates,1,1,,Merthyr Tydfil,W06000024,8,WXX000003,31/03/2004,31/03/2004,1080777599000,,Local Authority (Number),1,1,,
1500,1500,Dwelling stock estimates,1,1,,Merthyr Tydfil,W06000024,8,WXX000003,31/03/2004,31/03/2004,1080777599000,,Registered Social Landlord (Number),2,3,,
18800,18800,Dwelling stock estimates,1,1,,Merthyr Tydfil,W06000024,8,WXX000003,31/03/2004,31/03/2004,1080777599000,,Owner occupied/Privately rented (Number),3,5,,
24900,24900,Dwelling stock estimates,1,1,,Merthyr Tydfil,W06000024,8,WXX000003,31/03/2004,31/03/2004,1080777599000,,All tenures (Number),6,10,,
4900,4900,Dwelling stock estimates,1,1,,Merthyr Tydfil,W06000024,8,WXX000003,31/03/2003,31/03/2003,1049155199000,,Local Authority (Number),1,1,,
1500,1500,Dwelling stock estimates,1,1,,Merthyr Tydfil,W06000024,8,WXX000003,31/03/2003,31/03/2003,1049155199000,,Registered Social Landlord (Number),2,3,,
18400,18400,Dwelling stock estimates,1,1,,Merthyr Tydfil,W06000024,8,WXX000003,31/03/2003,31/03/2003,1049155199000,,Owner occupied/Privately rented (Number),3,5,,
24700,24700,Dwelling stock estimates,1,1,,Merthyr Tydfil,W06000024,8,WXX000003,31/03/2003,31/03/2003,1049155199000,,All tenures (Number),6,10,,
5100,5100,Dwelling stock estimates,1,1,,Merthyr Tydfil,W06000024,8,WXX000003,31/03/2002,31/03/2002,1017619199000,,Local Authority (Number),1,1,,
1400,1400,Dwelling stock estimates,1,1,,Merthyr Tydfil,W06000024,8,WXX000003,31/03/2002,31/03/2002,1017619199000,,Registered Social Landlord (Number),2,3,,
18100,18100,Dwelling stock estimates,1,1,,Merthyr Tydfil,W06000024,8,WXX000003,31/03/2002,31/03/2002,1017619199000,,Owner occupied/Privately rented (Number),3,5,,
24600,24600,Dwelling stock estimates,1,1,,Merthyr Tydfil,W06000024,8,WXX000003,31/03/2002,31/03/2002,1017619199000,,All tenures (Number),6,10,,
5200,5200,Dwelling stock estimates,1,1,,Merthyr Tydfil,W06000024,8,WXX000003,31/03/2001,31/03/2001,986083199000,,Local Authority (Number),1,1,,
1400,1400,Dwelling stock estimates,1,1,,Merthyr Tydfil,W06000024,8,WXX000003,31/03/2001,31/03/2001,986083199000,,Registered Social Landlord (Number),2,3,,
17900,17900,Dwelling stock estimates,1,1,,Merthyr Tydfil,W06000024,8,WXX000003,31/03/2001,31/03/2001,986083199000,,Owner occupied/Privately rented (Number),3,5,,
24600,24600,Dwelling stock estimates,1,1,,Merthyr Tydfil,W06000024,8,WXX000003,31/03/2001,31/03/2001,986083199000,,All tenures (Number),6,10,,
3500,3500,Dwelling stock estimates,1,1,,Ceredigion,W06000008,9,WXX000002,31/03/2024,31/03/2024,1711929599000,,Registered Social Landlord (Number),2,3,,
33800,33800,Dwelling stock estimates,1,1,,Ceredigion,W06000008,9,WXX000002,31/03/2024,31/03/2024,1711929599000,,Owner occupied/Privately rented (Number),3,5,,
29000,29000,Dwelling stock estimates,1,1,,Ceredigion,W06000008,9,WXX000002,31/03/2024,31/03/2024,1711929599000,,Owner occupied (Number),4,6,,Provisional
4800,4800,Dwelling stock estimates,1,1,,Ceredigion,W06000008,9,WXX000002,31/03/2024,31/03/2024,1711929599000,,Privately rented (Number),5,8,,Provisional
37300,37300,Dwelling stock estimates,1,1,,Ceredigion,W06000008,9,WXX000002,31/03/2024,31/03/2024,1711929599000,,All tenures (Number),6,10,,
3500,3500,Dwelling stock estimates,1,1,,Ceredigion,W06000008,9,WXX000002,31/03/2023,31/03/2023,1680307199000,,Registered Social Landlord (Number),2,3,,
33700,33700,Dwelling stock estimates,1,1,,Ceredigion,W06000008,9,WXX000002,31/03/2023,31/03/2023,1680307199000,,Owner occupied/Privately rented (Number),3,5,,
28900,28900,Dwelling stock estimates,1,1,,Ceredigion,W06000008,9,WXX000002,31/03/2023,31/03/2023,1680307199000,,Owner occupied (Number),4,6,,
4800,4800,Dwelling stock estimates,1,1,,Ceredigion,W06000008,9,WXX000002,31/03/2023,31/03/2023,1680307199000,,Privately rented (Number),5,8,,
37100,37100,Dwelling stock estimates,1,1,,Ceredigion,W06000008,9,WXX000002,31/03/2023,31/03/2023,1680307199000,,All tenures (Number),6,10,,
3500,3500,Dwelling stock estimates,1,1,,Ceredigion,W06000008,9,WXX000002,31/03/2022,31/03/2022,1648771199000,,Registered Social Landlord (Number),2,3,,
33400,33400,Dwelling stock estimates,1,1,,Ceredigion,W06000008,9,WXX000002,31/03/2022,31/03/2022,1648771199000,,Owner occupied/Privately rented (Number),3,5,,
28300,28300,Dwelling stock estimates,1,1,,Ceredigion,W06000008,9,WXX000002,31/03/2022,31/03/2022,1648771199000,,Owner occupied (Number),4,6,,
5100,5100,Dwelling stock estimates,1,1,,Ceredigion,W06000008,9,WXX000002,31/03/2022,31/03/2022,1648771199000,,Privately rented (Number),5,8,,
36900,36900,Dwelling stock estimates,1,1,,Ceredigion,W06000008,9,WXX000002,31/03/2022,31/03/2022,1648771199000,,All tenures (Number),6,10,,
3400,3400,Dwelling stock estimates,1,1,,Ceredigion,W06000008,9,WXX000002,31/03/2021,31/03/2021,1617235199000,,Registered Social Landlord (Number),2,3,,
33300,33300,Dwelling stock estimates,1,1,,Ceredigion,W06000008,9,WXX000002,31/03/2021,31/03/2021,1617235199000,,Owner occupied/Privately rented (Number),3,5,,
27500,27500,Dwelling stock estimates,1,1,,Ceredigion,W06000008,9,WXX000002,31/03/2021,31/03/2021,1617235199000,,Owner occupied (Number),4,6,,
5800,5800,Dwelling stock estimates,1,1,,Ceredigion,W06000008,9,WXX000002,31/03/2021,31/03/2021,1617235199000,,Privately rented (Number),5,8,,
36700,36700,Dwelling stock estimates,1,1,,Ceredigion,W06000008,9,WXX000002,31/03/2021,31/03/2021,1617235199000,,All tenures (Number),6,10,,
3400,3400,Dwelling stock estimates,1,1,,Ceredigion,W06000008,9,WXX000002,31/03/2020,31/03/2020,1585699199000,,Registered Social Landlord (Number),2,3,,
33100,33100,Dwelling stock estimates,1,1,,Ceredigion,W06000008,9,WXX000002,31/03/2020,31/03/2020,1585699199000,,Owner occupied/Privately rented (Number),3,5,,
27100,27100,Dwelling stock estimates,1,1,,Ceredigion,W06000008,9,WXX000002,31/03/2020,31/03/2020,1585699199000,,Owner occupied (Number),4,6,,
6000,6000,Dwelling stock estimates,1,1,,Ceredigion,W06000008,9,WXX000002,31/03/2020,31/03/2020,1585699199000,,Privately rented (Number),5,8,,
36500,36500,Dwelling stock estimates,1,1,,Ceredigion,W06000008,9,WXX000002,31/03/2020,31/03/2020,1585699199000,,All tenures (Number),6,10,,
3300,3300,Dwelling stock estimates,1,1,,Ceredigion,W06000008,9,WXX000002,31/03/2019,31/03/2019,1554076799000,,Registered Social Landlord (Number),2,3,,
32900,32900,Dwelling stock estimates,1,1,,Ceredigion,W06000008,9,WXX000002,31/03/2019,31/03/2019,1554076799000,,Owner occupied/Privately rented (Number),3,5,,
26900,26900,Dwelling stock estimates,1,1,,Ceredigion,W06000008,9,WXX000002,31/03/2019,31/03/2019,1554076799000,,Owner occupied (Number),4,6,,
6000,6000,Dwelling stock estimates,1,1,,Ceredigion,W06000008,9,WXX000002,31/03/2019,31/03/2019,1554076799000,,Privately rented (Number),5,8,,
36300,36300,Dwelling stock estimates,1,1,,Ceredigion,W06000008,9,WXX000002,31/03/2019,31/03/2019,1554076799000,,All tenures (Number),6,10,,
3300,3300,Dwelling stock estimates,1,1,,Ceredigion,W06000008,9,WXX000002,31/03/2018,31/03/2018,1522540799000,,Registered Social Landlord (Number),2,3,,
32800,32800,Dwelling stock estimates,1,1,,Ceredigion,W06000008,9,WXX000002,31/03/2018,31/03/2018,1522540799000,,Owner occupied/Privately rented (Number),3,5,,
26200,26200,Dwelling stock estimates,1,1,,Ceredigion,W06000008,9,WXX000002,31/03/2018,31/03/2018,1522540799000,,Owner occupied (Number),4,6,,
6500,6500,Dwelling stock estimates,1,1,,Ceredigion,W06000008,9,WXX000002,31/03/2018,31/03/2018,1522540799000,,Privately rented (Number),5,8,,
36100,36100,Dwelling stock estimates,1,1,,Ceredigion,W06000008,9,WXX000002,31/03/2018,31/03/2018,1522540799000,,All tenures (Number),6,10,,
3300,3300,Dwelling stock estimates,1,1,,Ceredigion,W06000008,9,WXX000002,31/03/2017,31/03/2017,1491004799000,,Registered Social Landlord (Number),2,3,,
32500,32500,Dwelling stock estimates,1,1,,Ceredigion,W06000008,9,WXX000002,31/03/2017,31/03/2017,1491004799000,,Owner occupied/Privately rented (Number),3,5,,
25300,25300,Dwelling stock estimates,1,1,,Ceredigion,W06000008,9,WXX000002,31/03/2017,31/03/2017,1491004799000,,Owner occupied (Number),4,6,,
7100,7100,Dwelling stock estimates,1,1,,Ceredigion,W06000008,9,WXX000002,31/03/2017,31/03/2017,1491004799000,,Privately rented (Number),5,8,,
35800,35800,Dwelling stock estimates,1,1,,Ceredigion,W06000008,9,WXX000002,31/03/2017,31/03/2017,1491004799000,,All tenures (Number),6,10,,
3300,3300,Dwelling stock estimates,1,1,,Ceredigion,W06000008,9,WXX000002,31/03/2016,31/03/2016,1459468799000,,Registered Social Landlord (Number),2,3,,
32300,32300,Dwelling stock estimates,1,1,,Ceredigion,W06000008,9,WXX000002,31/03/2016,31/03/2016,1459468799000,,Owner occupied/Privately rented (Number),3,5,,
25000,25000,Dwelling stock estimates,1,1,,Ceredigion,W06000008,9,WXX000002,31/03/2016,31/03/2016,1459468799000,,Owner occupied (Number),4,6,,
7300,7300,Dwelling stock estimates,1,1,,Ceredigion,W06000008,9,WXX000002,31/03/2016,31/03/2016,1459468799000,,Privately rented (Number),5,8,,
35600,35600,Dwelling stock estimates,1,1,,Ceredigion,W06000008,9,WXX000002,31/03/2016,31/03/2016,1459468799000,,All tenures (Number),6,10,,
3300,3300,Dwelling stock estimates,1,1,,Ceredigion,W06000008,9,WXX000002,31/03/2015,31/03/2015,1427846399000,,Registered Social Landlord (Number),2,3,,
32100,32100,Dwelling stock estimates,1,1,,Ceredigion,W06000008,9,WXX000002,31/03/2015,31/03/2015,1427846399000,,Owner occupied/Privately rented (Number),3,5,,
25100,25100,Dwelling stock estimates,1,1,,Ceredigion,W06000008,9,WXX000002,31/03/2015,31/03/2015,1427846399000,,Owner occupied (Number),4,6,,
7000,7000,Dwelling stock estimates,1,1,,Ceredigion,W06000008,9,WXX000002,31/03/2015,31/03/2015,1427846399000,,Privately rented (Number),5,8,,
35400,35400,Dwelling stock estimates,1,1,,Ceredigion,W06000008,9,WXX000002,31/03/2015,31/03/2015,1427846399000,,All tenures (Number),6,10,,
3300,3300,Dwelling stock estimates,1,1,,Ceredigion,W06000008,9,WXX000002,31/03/2014,31/03/2014,1396310399000,,Registered Social Landlord (Number),2,3,,
31900,31900,Dwelling stock estimates,1,1,,Ceredigion,W06000008,9,WXX000002,31/03/2014,31/03/2014,1396310399000,,Owner occupied/Privately rented (Number),3,5,,
25100,25100,Dwelling stock estimates,1,1,,Ceredigion,W06000008,9,WXX000002,31/03/2014,31/03/2014,1396310399000,,Owner occupied (Number),4,6,,
6800,6800,Dwelling stock estimates,1,1,,Ceredigion,W06000008,9,WXX000002,31/03/2014,31/03/2014,1396310399000,,Privately rented (Number),5,8,,
35200,35200,Dwelling stock estimates,1,1,,Ceredigion,W06000008,9,WXX000002,31/03/2014,31/03/2014,1396310399000,,All tenures (Number),6,10,,
3300,3300,Dwelling stock estimates,1,1,,Ceredigion,W06000008,9,WXX000002,31/03/2013,31/03/2013,1364774399000,,Registered Social Landlord (Number),2,3,,
31700,31700,Dwelling stock estimates,1,1,,Ceredigion,W06000008,9,WXX000002,31/03/2013,31/03/2013,1364774399000,,Owner occupied/Privately rented (Number),3,5,,
25300,25300,Dwelling stock estimates,1,1,,Ceredigion,W06000008,9,WXX000002,31/03/2013,31/03/2013,1364774399000,,Owner occupied (Number),4,6,,
6400,6400,Dwelling stock estimates,1,1,,Ceredigion,W06000008,9,WXX000002,31/03/2013,31/03/2013,1364774399000,,Privately rented (Number),5,8,,
35000,35000,Dwelling stock estimates,1,1,,Ceredigion,W06000008,9,WXX000002,31/03/2013,31/03/2013,1364774399000,,All tenures (Number),6,10,,
3300,3300,Dwelling stock estimates,1,1,,Ceredigion,W06000008,9,WXX000002,31/03/2012,31/03/2012,1333238399000,,Registered Social Landlord (Number),2,3,,
31500,31500,Dwelling stock estimates,1,1,,Ceredigion,W06000008,9,WXX000002,31/03/2012,31/03/2012,1333238399000,,Owner occupied/Privately rented (Number),3,5,,
25600,25600,Dwelling stock estimates,1,1,,Ceredigion,W06000008,9,WXX000002,31/03/2012,31/03/2012,1333238399000,,Owner occupied (Number),4,6,,
5900,5900,Dwelling stock estimates,1,1,,Ceredigion,W06000008,9,WXX000002,31/03/2012,31/03/2012,1333238399000,,Privately rented (Number),5,8,,
34800,34800,Dwelling stock estimates,1,1,,Ceredigion,W06000008,9,WXX000002,31/03/2012,31/03/2012,1333238399000,,All tenures (Number),6,10,,
3200,3200,Dwelling stock estimates,1,1,,Ceredigion,W06000008,9,WXX000002,31/03/2011,31/03/2011,1301615999000,,Registered Social Landlord (Number),2,3,,
31400,31400,Dwelling stock estimates,1,1,,Ceredigion,W06000008,9,WXX000002,31/03/2011,31/03/2011,1301615999000,,Owner occupied/Privately rented (Number),3,5,,
34600,34600,Dwelling stock estimates,1,1,,Ceredigion,W06000008,9,WXX000002,31/03/2011,31/03/2011,1301615999000,,All tenures (Number),6,10,,
3200,3200,Dwelling stock estimates,1,1,,Ceredigion,W06000008,9,WXX000002,31/03/2010,31/03/2010,1270079999000,,Registered Social Landlord (Number),2,3,,
31200,31200,Dwelling stock estimates,1,1,,Ceredigion,W06000008,9,WXX000002,31/03/2010,31/03/2010,1270079999000,,Owner occupied/Privately rented (Number),3,5,,
34400,34400,Dwelling stock estimates,1,1,,Ceredigion,W06000008,9,WXX000002,31/03/2010,31/03/2010,1270079999000,,All tenures (Number),6,10,,
2200,2200,Dwelling stock estimates,1,1,,Ceredigion,W06000008,9,WXX000002,31/03/2009,31/03/2009,1238543999000,,Local Authority (Number),1,1,,
1000,1000,Dwelling stock estimates,1,1,,Ceredigion,W06000008,9,WXX000002,31/03/2009,31/03/2009,1238543999000,,Registered Social Landlord (Number),2,3,,
31000,31000,Dwelling stock estimates,1,1,,Ceredigion,W06000008,9,WXX000002,31/03/2009,31/03/2009,1238543999000,,Owner occupied/Privately rented (Number),3,5,,
34300,34300,Dwelling stock estimates,1,1,,Ceredigion,W06000008,9,WXX000002,31/03/2009,31/03/2009,1238543999000,,All tenures (Number),6,10,,
2200,2200,Dwelling stock estimates,1,1,,Ceredigion,W06000008,9,WXX000002,31/03/2008,31/03/2008,1207007999000,,Local Authority (Number),1,1,,
1400,1400,Dwelling stock estimates,1,1,,Ceredigion,W06000008,9,WXX000002,31/03/2008,31/03/2008,1207007999000,,Registered Social Landlord (Number),2,3,,
30600,30600,Dwelling stock estimates,1,1,,Ceredigion,W06000008,9,WXX000002,31/03/2008,31/03/2008,1207007999000,,Owner occupied/Privately rented (Number),3,5,,
34200,34200,Dwelling stock estimates,1,1,,Ceredigion,W06000008,9,WXX000002,31/03/2008,31/03/2008,1207007999000,,All tenures (Number),6,10,,
2300,2300,Dwelling stock estimates,1,1,,Ceredigion,W06000008,9,WXX000002,31/03/2007,31/03/2007,1175385599000,,Local Authority (Number),1,1,,
1400,1400,Dwelling stock estimates,1,1,,Ceredigion,W06000008,9,WXX000002,31/03/2007,31/03/2007,1175385599000,,Registered Social Landlord (Number),2,3,,
30400,30400,Dwelling stock estimates,1,1,,Ceredigion,W06000008,9,WXX000002,31/03/2007,31/03/2007,1175385599000,,Owner occupied/Privately rented (Number),3,5,,
34100,34100,Dwelling stock estimates,1,1,,Ceredigion,W06000008,9,WXX000002,31/03/2007,31/03/2007,1175385599000,,All tenures (Number),6,10,,
2300,2300,Dwelling stock estimates,1,1,,Ceredigion,W06000008,9,WXX000002,31/03/2006,31/03/2006,1143849599000,,Local Authority (Number),1,1,,
1400,1400,Dwelling stock estimates,1,1,,Ceredigion,W06000008,9,WXX000002,31/03/2006,31/03/2006,1143849599000,,Registered Social Landlord (Number),2,3,,
30300,30300,Dwelling stock estimates,1,1,,Ceredigion,W06000008,9,WXX000002,31/03/2006,31/03/2006,1143849599000,,Owner occupied/Privately rented (Number),3,5,,
33900,33900,Dwelling stock estimates,1,1,,Ceredigion,W06000008,9,WXX000002,31/03/2006,31/03/2006,1143849599000,,All tenures (Number),6,10,,
2300,2300,Dwelling stock estimates,1,1,,Ceredigion,W06000008,9,WXX000002,31/03/2005,31/03/2005,1112313599000,,Local Authority (Number),1,1,,
1300,1300,Dwelling stock estimates,1,1,,Ceredigion,W06000008,9,WXX000002,31/03/2005,31/03/2005,1112313599000,,Registered Social Landlord (Number),2,3,,
30100,30100,Dwelling stock estimates,1,1,,Ceredigion,W06000008,9,WXX000002,31/03/2005,31/03/2005,1112313599000,,Owner occupied/Privately rented (Number),3,5,,
33700,33700,Dwelling stock estimates,1,1,,Ceredigion,W06000008,9,WXX000002,31/03/2005,31/03/2005,1112313599000,,All tenures (Number),6,10,,
2300,2300,Dwelling stock estimates,1,1,,Ceredigion,W06000008,9,WXX000002,31/03/2004,31/03/2004,1080777599000,,Local Authority (Number),1,1,,
1400,1400,Dwelling stock estimates,1,1,,Ceredigion,W06000008,9,WXX000002,31/03/2004,31/03/2004,1080777599000,,Registered Social Landlord (Number),2,3,,
29900,29900,Dwelling stock estimates,1,1,,Ceredigion,W06000008,9,WXX000002,31/03/2004,31/03/2004,1080777599000,,Owner occupied/Privately rented (Number),3,5,,
33600,33600,Dwelling stock estimates,1,1,,Ceredigion,W06000008,9,WXX000002,31/03/2004,31/03/2004,1080777599000,,All tenures (Number),6,10,,
2300,2300,Dwelling stock estimates,1,1,,Ceredigion,W06000008,9,WXX000002,31/03/2003,31/03/2003,1049155199000,,Local Authority (Number),1,1,,
1000,1000,Dwelling stock estimates,1,1,,Ceredigion,W06000008,9,WXX000002,31/03/2003,31/03/2003,1049155199000,,Registered Social Landlord (Number),2,3,,
30000,30000,Dwelling stock estimates,1,1,,Ceredigion,W06000008,9,WXX000002,31/03/2003,31/03/2003,1049155199000,,Owner occupied/Privately rented (Number),3,5,,
33300,33300,Dwelling stock estimates,1,1,,Ceredigion,W06000008,9,WXX000002,31/03/2003,31/03/2003,1049155199000,,All tenures (Number),6,10,,
2500,2500,Dwelling stock estimates,1,1,,Ceredigion,W06000008,9,WXX000002,31/03/2002,31/03/2002,1017619199000,,Local Authority (Number),1,1,,
1000,1000,Dwelling stock estimates,1,1,,Ceredigion,W06000008,9,WXX000002,31/03/2002,31/03/2002,1017619199000,,Registered Social Landlord (Number),2,3,,
29700,29700,Dwelling stock estimates,1,1,,Ceredigion,W06000008,9,WXX000002,31/03/2002,31/03/2002,1017619199000,,Owner occupied/Privately rented (Number),3,5,,
33200,33200,Dwelling stock estimates,1,1,,Ceredigion,W06000008,9,WXX000002,31/03/2002,31/03/2002,1017619199000,,All tenures (Number),6,10,,
2600,2600,Dwelling stock estimates,1,1,,Ceredigion,W06000008,9,WXX000002,31/03/2001,31/03/2001,986083199000,,Local Authority (Number),1,1,,
900,900,Dwelling stock estimates,1,1,,Ceredigion,W06000008,9,WXX000002,31/03/2001,31/03/2001,986083199000,,Registered Social Landlord (Number),2,3,,
29500,29500,Dwelling stock estimates,1,1,,Ceredigion,W06000008,9,WXX000002,31/03/2001,31/03/2001,986083199000,,Owner occupied/Privately rented (Number),3,5,,
33000,33000,Dwelling stock estimates,1,1,,Ceredigion,W06000008,9,WXX000002,31/03/2001,31/03/2001,986083199000,,All tenures (Number),6,10,,
5800,5800,Dwelling stock estimates,1,1,,Pembrokeshire,W06000009,10,WXX000002,31/03/2024,31/03/2024,1711929599000,,Local Authority (Number),1,1,,
3100,3100,Dwelling stock estimates,1,1,,Pembrokeshire,W06000009,10,WXX000002,31/03/2024,31/03/2024,1711929599000,,Registered Social Landlord (Number),2,3,,
56200,56200,Dwelling stock estimates,1,1,,Pembrokeshire,W06000009,10,WXX000002,31/03/2024,31/03/2024,1711929599000,,Owner occupied/Privately rented (Number),3,5,,
48300,48300,Dwelling stock estimates,1,1,,Pembrokeshire,W06000009,10,WXX000002,31/03/2024,31/03/2024,1711929599000,,Owner occupied (Number),4,6,,Provisional
7800,7800,Dwelling stock estimates,1,1,,Pembrokeshire,W06000009,10,WXX000002,31/03/2024,31/03/2024,1711929599000,,Privately rented (Number),5,8,,Provisional
65000,65000,Dwelling stock estimates,1,1,,Pembrokeshire,W06000009,10,WXX000002,31/03/2024,31/03/2024,1711929599000,,All tenures (Number),6,10,,
5700,5700,Dwelling stock estimates,1,1,,Pembrokeshire,W06000009,10,WXX000002,31/03/2023,31/03/2023,1680307199000,,Local Authority (Number),1,1,,
3000,3000,Dwelling stock estimates,1,1,,Pembrokeshire,W06000009,10,WXX000002,31/03/2023,31/03/2023,1680307199000,,Registered Social Landlord (Number),2,3,,
56100,56100,Dwelling stock estimates,1,1,,Pembrokeshire,W06000009,10,WXX000002,31/03/2023,31/03/2023,1680307199000,,Owner occupied/Privately rented (Number),3,5,,
48300,48300,Dwelling stock estimates,1,1,,Pembrokeshire,W06000009,10,WXX000002,31/03/2023,31/03/2023,1680307199000,,Owner occupied (Number),4,6,,
7800,7800,Dwelling stock estimates,1,1,,Pembrokeshire,W06000009,10,WXX000002,31/03/2023,31/03/2023,1680307199000,,Privately rented (Number),5,8,,
64800,64800,Dwelling stock estimates,1,1,,Pembrokeshire,W06000009,10,WXX000002,31/03/2023,31/03/2023,1680307199000,,All tenures (Number),6,10,,
5700,5700,Dwelling stock estimates,1,1,,Pembrokeshire,W06000009,10,WXX000002,31/03/2022,31/03/2022,1648771199000,,Local Authority (Number),1,1,,
2900,2900,Dwelling stock estimates,1,1,,Pembrokeshire,W06000009,10,WXX000002,31/03/2022,31/03/2022,1648771199000,,Registered Social Landlord (Number),2,3,,
56100,56100,Dwelling stock estimates,1,1,,Pembrokeshire,W06000009,10,WXX000002,31/03/2022,31/03/2022,1648771199000,,Owner occupied/Privately rented (Number),3,5,,
47700,47700,Dwelling stock estimates,1,1,,Pembrokeshire,W06000009,10,WXX000002,31/03/2022,31/03/2022,1648771199000,,Owner occupied (Number),4,6,,
8400,8400,Dwelling stock estimates,1,1,,Pembrokeshire,W06000009,10,WXX000002,31/03/2022,31/03/2022,1648771199000,,Privately rented (Number),5,8,,
64600,64600,Dwelling stock estimates,1,1,,Pembrokeshire,W06000009,10,WXX000002,31/03/2022,31/03/2022,1648771199000,,All tenures (Number),6,10,,
5600,5600,Dwelling stock estimates,1,1,,Pembrokeshire,W06000009,10,WXX000002,31/03/2021,31/03/2021,1617235199000,,Local Authority (Number),1,1,,
2800,2800,Dwelling stock estimates,1,1,,Pembrokeshire,W06000009,10,WXX000002,31/03/2021,31/03/2021,1617235199000,,Registered Social Landlord (Number),2,3,,
55900,55900,Dwelling stock estimates,1,1,,Pembrokeshire,W06000009,10,WXX000002,31/03/2021,31/03/2021,1617235199000,,Owner occupied/Privately rented (Number),3,5,,
47200,47200,Dwelling stock estimates,1,1,,Pembrokeshire,W06000009,10,WXX000002,31/03/2021,31/03/2021,1617235199000,,Owner occupied (Number),4,6,,
8700,8700,Dwelling stock estimates,1,1,,Pembrokeshire,W06000009,10,WXX000002,31/03/2021,31/03/2021,1617235199000,,Privately rented (Number),5,8,,
64400,64400,Dwelling stock estimates,1,1,,Pembrokeshire,W06000009,10,WXX000002,31/03/2021,31/03/2021,1617235199000,,All tenures (Number),6,10,,
5600,5600,Dwelling stock estimates,1,1,,Pembrokeshire,W06000009,10,WXX000002,31/03/2020,31/03/2020,1585699199000,,Local Authority (Number),1,1,,
2600,2600,Dwelling stock estimates,1,1,,Pembrokeshire,W06000009,10,WXX000002,31/03/2020,31/03/2020,1585699199000,,Registered Social Landlord (Number),2,3,,
55800,55800,Dwelling stock estimates,1,1,,Pembrokeshire,W06000009,10,WXX000002,31/03/2020,31/03/2020,1585699199000,,Owner occupied/Privately rented (Number),3,5,,
47200,47200,Dwelling stock estimates,1,1,,Pembrokeshire,W06000009,10,WXX000002,31/03/2020,31/03/2020,1585699199000,,Owner occupied (Number),4,6,,
8600,8600,Dwelling stock estimates,1,1,,Pembrokeshire,W06000009,10,WXX000002,31/03/2020,31/03/2020,1585699199000,,Privately rented (Number),5,8,,
64100,64100,Dwelling stock estimates,1,1,,Pembrokeshire,W06000009,10,WXX000002,31/03/2020,31/03/2020,1585699199000,,All tenures (Number),6,10,,
5700,5700,Dwelling stock estimates,1,1,,Pembrokeshire,W06000009,10,WXX000002,31/03/2019,31/03/2019,1554076799000,,Local Authority (Number),1,1,,
2600,2600,Dwelling stock estimates,1,1,,Pembrokeshire,W06000009,10,WXX000002,31/03/2019,31/03/2019,1554076799000,,Registered Social Landlord (Number),2,3,,
55400,55400,Dwelling stock estimates,1,1,,Pembrokeshire,W06000009,10,WXX000002,31/03/2019,31/03/2019,1554076799000,,Owner occupied/Privately rented (Number),3,5,,
47200,47200,Dwelling stock estimates,1,1,,Pembrokeshire,W06000009,10,WXX000002,31/03/2019,31/03/2019,1554076799000,,Owner occupied (Number),4,6,,
8300,8300,Dwelling stock estimates,1,1,,Pembrokeshire,W06000009,10,WXX000002,31/03/2019,31/03/2019,1554076799000,,Privately rented (Number),5,8,,
63600,63600,Dwelling stock estimates,1,1,,Pembrokeshire,W06000009,10,WXX000002,31/03/2019,31/03/2019,1554076799000,,All tenures (Number),6,10,,
5700,5700,Dwelling stock estimates,1,1,,Pembrokeshire,W06000009,10,WXX000002,31/03/2018,31/03/2018,1522540799000,,Local Authority (Number),1,1,,
2500,2500,Dwelling stock estimates,1,1,,Pembrokeshire,W06000009,10,WXX000002,31/03/2018,31/03/2018,1522540799000,,Registered Social Landlord (Number),2,3,,
55100,55100,Dwelling stock estimates,1,1,,Pembrokeshire,W06000009,10,WXX000002,31/03/2018,31/03/2018,1522540799000,,Owner occupied/Privately rented (Number),3,5,,
47000,47000,Dwelling stock estimates,1,1,,Pembrokeshire,W06000009,10,WXX000002,31/03/2018,31/03/2018,1522540799000,,Owner occupied (Number),4,6,,
8000,8000,Dwelling stock estimates,1,1,,Pembrokeshire,W06000009,10,WXX000002,31/03/2018,31/03/2018,1522540799000,,Privately rented (Number),5,8,,
63200,63200,Dwelling stock estimates,1,1,,Pembrokeshire,W06000009,10,WXX000002,31/03/2018,31/03/2018,1522540799000,,All tenures (Number),6,10,,
5700,5700,Dwelling stock estimates,1,1,,Pembrokeshire,W06000009,10,WXX000002,31/03/2017,31/03/2017,1491004799000,,Local Authority (Number),1,1,,
2500,2500,Dwelling stock estimates,1,1,,Pembrokeshire,W06000009,10,WXX000002,31/03/2017,31/03/2017,1491004799000,,Registered Social Landlord (Number),2,3,,
54700,54700,Dwelling stock estimates,1,1,,Pembrokeshire,W06000009,10,WXX000002,31/03/2017,31/03/2017,1491004799000,,Owner occupied/Privately rented (Number),3,5,,
46500,46500,Dwelling stock estimates,1,1,,Pembrokeshire,W06000009,10,WXX000002,31/03/2017,31/03/2017,1491004799000,,Owner occupied (Number),4,6,,
8100,8100,Dwelling stock estimates,1,1,,Pembrokeshire,W06000009,10,WXX000002,31/03/2017,31/03/2017,1491004799000,,Privately rented (Number),5,8,,
62800,62800,Dwelling stock estimates,1,1,,Pembrokeshire,W06000009,10,WXX000002,31/03/2017,31/03/2017,1491004799000,,All tenures (Number),6,10,,
5700,5700,Dwelling stock estimates,1,1,,Pembrokeshire,W06000009,10,WXX000002,31/03/2016,31/03/2016,1459468799000,,Local Authority (Number),1,1,,
2500,2500,Dwelling stock estimates,1,1,,Pembrokeshire,W06000009,10,WXX000002,31/03/2016,31/03/2016,1459468799000,,Registered Social Landlord (Number),2,3,,
54200,54200,Dwelling stock estimates,1,1,,Pembrokeshire,W06000009,10,WXX000002,31/03/2016,31/03/2016,1459468799000,,Owner occupied/Privately rented (Number),3,5,,
46100,46100,Dwelling stock estimates,1,1,,Pembrokeshire,W06000009,10,WXX000002,31/03/2016,31/03/2016,1459468799000,,Owner occupied (Number),4,6,,
8200,8200,Dwelling stock estimates,1,1,,Pembrokeshire,W06000009,10,WXX000002,31/03/2016,31/03/2016,1459468799000,,Privately rented (Number),5,8,,
62400,62400,Dwelling stock estimates,1,1,,Pembrokeshire,W06000009,10,WXX000002,31/03/2016,31/03/2016,1459468799000,,All tenures (Number),6,10,,
5700,5700,Dwelling stock estimates,1,1,,Pembrokeshire,W06000009,10,WXX000002,31/03/2015,31/03/2015,1427846399000,,Local Authority (Number),1,1,,
2500,2500,Dwelling stock estimates,1,1,,Pembrokeshire,W06000009,10,WXX000002,31/03/2015,31/03/2015,1427846399000,,Registered Social Landlord (Number),2,3,,
53900,53900,Dwelling stock estimates,1,1,,Pembrokeshire,W06000009,10,WXX000002,31/03/2015,31/03/2015,1427846399000,,Owner occupied/Privately rented (Number),3,5,,
46000,46000,Dwelling stock estimates,1,1,,Pembrokeshire,W06000009,10,WXX000002,31/03/2015,31/03/2015,1427846399000,,Owner occupied (Number),4,6,,
7900,7900,Dwelling stock estimates,1,1,,Pembrokeshire,W06000009,10,WXX000002,31/03/2015,31/03/2015,1427846399000,,Privately rented (Number),5,8,,
62000,62000,Dwelling stock estimates,1,1,,Pembrokeshire,W06000009,10,WXX000002,31/03/2015,31/03/2015,1427846399000,,All tenures (Number),6,10,,
5700,5700,Dwelling stock estimates,1,1,,Pembrokeshire,W06000009,10,WXX000002,31/03/2014,31/03/2014,1396310399000,,Local Authority (Number),1,1,,
2400,2400,Dwelling stock estimates,1,1,,Pembrokeshire,W06000009,10,WXX000002,31/03/2014,31/03/2014,1396310399000,,Registered Social Landlord (Number),2,3,,
53500,53500,Dwelling stock estimates,1,1,,Pembrokeshire,W06000009,10,WXX000002,31/03/2014,31/03/2014,1396310399000,,Owner occupied/Privately rented (Number),3,5,,
46000,46000,Dwelling stock estimates,1,1,,Pembrokeshire,W06000009,10,WXX000002,31/03/2014,31/03/2014,1396310399000,,Owner occupied (Number),4,6,,
7500,7500,Dwelling stock estimates,1,1,,Pembrokeshire,W06000009,10,WXX000002,31/03/2014,31/03/2014,1396310399000,,Privately rented (Number),5,8,,
61600,61600,Dwelling stock estimates,1,1,,Pembrokeshire,W06000009,10,WXX000002,31/03/2014,31/03/2014,1396310399000,,All tenures (Number),6,10,,
5700,5700,Dwelling stock estimates,1,1,,Pembrokeshire,W06000009,10,WXX000002,31/03/2013,31/03/2013,1364774399000,,Local Authority (Number),1,1,,
2400,2400,Dwelling stock estimates,1,1,,Pembrokeshire,W06000009,10,WXX000002,31/03/2013,31/03/2013,1364774399000,,Registered Social Landlord (Number),2,3,,
53100,53100,Dwelling stock estimates,1,1,,Pembrokeshire,W06000009,10,WXX000002,31/03/2013,31/03/2013,1364774399000,,Owner occupied/Privately rented (Number),3,5,,
45800,45800,Dwelling stock estimates,1,1,,Pembrokeshire,W06000009,10,WXX000002,31/03/2013,31/03/2013,1364774399000,,Owner occupied (Number),4,6,,
7300,7300,Dwelling stock estimates,1,1,,Pembrokeshire,W06000009,10,WXX000002,31/03/2013,31/03/2013,1364774399000,,Privately rented (Number),5,8,,
61200,61200,Dwelling stock estimates,1,1,,Pembrokeshire,W06000009,10,WXX000002,31/03/2013,31/03/2013,1364774399000,,All tenures (Number),6,10,,
5700,5700,Dwelling stock estimates,1,1,,Pembrokeshire,W06000009,10,WXX000002,31/03/2012,31/03/2012,1333238399000,,Local Authority (Number),1,1,,
2500,2500,Dwelling stock estimates,1,1,,Pembrokeshire,W06000009,10,WXX000002,31/03/2012,31/03/2012,1333238399000,,Registered Social Landlord (Number),2,3,,
52800,52800,Dwelling stock estimates,1,1,,Pembrokeshire,W06000009,10,WXX000002,31/03/2012,31/03/2012,1333238399000,,Owner occupied/Privately rented (Number),3,5,,
45700,45700,Dwelling stock estimates,1,1,,Pembrokeshire,W06000009,10,WXX000002,31/03/2012,31/03/2012,1333238399000,,Owner occupied (Number),4,6,,
7100,7100,Dwelling stock estimates,1,1,,Pembrokeshire,W06000009,10,WXX000002,31/03/2012,31/03/2012,1333238399000,,Privately rented (Number),5,8,,
60900,60900,Dwelling stock estimates,1,1,,Pembrokeshire,W06000009,10,WXX000002,31/03/2012,31/03/2012,1333238399000,,All tenures (Number),6,10,,
5700,5700,Dwelling stock estimates,1,1,,Pembrokeshire,W06000009,10,WXX000002,31/03/2011,31/03/2011,1301615999000,,Local Authority (Number),1,1,,
2500,2500,Dwelling stock estimates,1,1,,Pembrokeshire,W06000009,10,WXX000002,31/03/2011,31/03/2011,1301615999000,,Registered Social Landlord (Number),2,3,,
52500,52500,Dwelling stock estimates,1,1,,Pembrokeshire,W06000009,10,WXX000002,31/03/2011,31/03/2011,1301615999000,,Owner occupied/Privately rented (Number),3,5,,
60700,60700,Dwelling stock estimates,1,1,,Pembrokeshire,W06000009,10,WXX000002,31/03/2011,31/03/2011,1301615999000,,All tenures (Number),6,10,,
5700,5700,Dwelling stock estimates,1,1,,Pembrokeshire,W06000009,10,WXX000002,31/03/2010,31/03/2010,1270079999000,,Local Authority (Number),1,1,,
2400,2400,Dwelling stock estimates,1,1,,Pembrokeshire,W06000009,10,WXX000002,31/03/2010,31/03/2010,1270079999000,,Registered Social Landlord (Number),2,3,,
52100,52100,Dwelling stock estimates,1,1,,Pembrokeshire,W06000009,10,WXX000002,31/03/2010,31/03/2010,1270079999000,,Owner occupied/Privately rented (Number),3,5,,
60200,60200,Dwelling stock estimates,1,1,,Pembrokeshire,W06000009,10,WXX000002,31/03/2010,31/03/2010,1270079999000,,All tenures (Number),6,10,,
5700,5700,Dwelling stock estimates,1,1,,Pembrokeshire,W06000009,10,WXX000002,31/03/2009,31/03/2009,1238543999000,,Local Authority (Number),1,1,,
2300,2300,Dwelling stock estimates,1,1,,Pembrokeshire,W06000009,10,WXX000002,31/03/2009,31/03/2009,1238543999000,,Registered Social Landlord (Number),2,3,,
51600,51600,Dwelling stock estimates,1,1,,Pembrokeshire,W06000009,10,WXX000002,31/03/2009,31/03/2009,1238543999000,,Owner occupied/Privately rented (Number),3,5,,
59600,59600,Dwelling stock estimates,1,1,,Pembrokeshire,W06000009,10,WXX000002,31/03/2009,31/03/2009,1238543999000,,All tenures (Number),6,10,,
5600,5600,Dwelling stock estimates,1,1,,Pembrokeshire,W06000009,10,WXX000002,31/03/2008,31/03/2008,1207007999000,,Local Authority (Number),1,1,,
2200,2200,Dwelling stock estimates,1,1,,Pembrokeshire,W06000009,10,WXX000002,31/03/2008,31/03/2008,1207007999000,,Registered Social Landlord (Number),2,3,,
51200,51200,Dwelling stock estimates,1,1,,Pembrokeshire,W06000009,10,WXX000002,31/03/2008,31/03/2008,1207007999000,,Owner occupied/Privately rented (Number),3,5,,
59000,59000,Dwelling stock estimates,1,1,,Pembrokeshire,W06000009,10,WXX000002,31/03/2008,31/03/2008,1207007999000,,All tenures (Number),6,10,,
5600,5600,Dwelling stock estimates,1,1,,Pembrokeshire,W06000009,10,WXX000002,31/03/2007,31/03/2007,1175385599000,,Local Authority (Number),1,1,,
2100,2100,Dwelling stock estimates,1,1,,Pembrokeshire,W06000009,10,WXX000002,31/03/2007,31/03/2007,1175385599000,,Registered Social Landlord (Number),2,3,,
50600,50600,Dwelling stock estimates,1,1,,Pembrokeshire,W06000009,10,WXX000002,31/03/2007,31/03/2007,1175385599000,,Owner occupied/Privately rented (Number),3,5,,
58300,58300,Dwelling stock estimates,1,1,,Pembrokeshire,W06000009,10,WXX000002,31/03/2007,31/03/2007,1175385599000,,All tenures (Number),6,10,,
5600,5600,Dwelling stock estimates,1,1,,Pembrokeshire,W06000009,10,WXX000002,31/03/2006,31/03/2006,1143849599000,,Local Authority (Number),1,1,,
2000,2000,Dwelling stock estimates,1,1,,Pembrokeshire,W06000009,10,WXX000002,31/03/2006,31/03/2006,1143849599000,,Registered Social Landlord (Number),2,3,,
50000,50000,Dwelling stock estimates,1,1,,Pembrokeshire,W06000009,10,WXX000002,31/03/2006,31/03/2006,1143849599000,,Owner occupied/Privately rented (Number),3,5,,
57600,57600,Dwelling stock estimates,1,1,,Pembrokeshire,W06000009,10,WXX000002,31/03/2006,31/03/2006,1143849599000,,All tenures (Number),6,10,,
5600,5600,Dwelling stock estimates,1,1,,Pembrokeshire,W06000009,10,WXX000002,31/03/2005,31/03/2005,1112313599000,,Local Authority (Number),1,1,,
2000,2000,Dwelling stock estimates,1,1,,Pembrokeshire,W06000009,10,WXX000002,31/03/2005,31/03/2005,1112313599000,,Registered Social Landlord (Number),2,3,,
49200,49200,Dwelling stock estimates,1,1,,Pembrokeshire,W06000009,10,WXX000002,31/03/2005,31/03/2005,1112313599000,,Owner occupied/Privately rented (Number),3,5,,
56800,56800,Dwelling stock estimates,1,1,,Pembrokeshire,W06000009,10,WXX000002,31/03/2005,31/03/2005,1112313599000,,All tenures (Number),6,10,,
5800,5800,Dwelling stock estimates,1,1,,Pembrokeshire,W06000009,10,WXX000002,31/03/2004,31/03/2004,1080777599000,,Local Authority (Number),1,1,,
1900,1900,Dwelling stock estimates,1,1,,Pembrokeshire,W06000009,10,WXX000002,31/03/2004,31/03/2004,1080777599000,,Registered Social Landlord (Number),2,3,,
48400,48400,Dwelling stock estimates,1,1,,Pembrokeshire,W06000009,10,WXX000002,31/03/2004,31/03/2004,1080777599000,,Owner occupied/Privately rented (Number),3,5,,
56100,56100,Dwelling stock estimates,1,1,,Pembrokeshire,W06000009,10,WXX000002,31/03/2004,31/03/2004,1080777599000,,All tenures (Number),6,10,,
6200,6200,Dwelling stock estimates,1,1,,Pembrokeshire,W06000009,10,WXX000002,31/03/2003,31/03/2003,1049155199000,,Local Authority (Number),1,1,,
1700,1700,Dwelling stock estimates,1,1,,Pembrokeshire,W06000009,10,WXX000002,31/03/2003,31/03/2003,1049155199000,,Registered Social Landlord (Number),2,3,,
47600,47600,Dwelling stock estimates,1,1,,Pembrokeshire,W06000009,10,WXX000002,31/03/2003,31/03/2003,1049155199000,,Owner occupied/Privately rented (Number),3,5,,
55500,55500,Dwelling stock estimates,1,1,,Pembrokeshire,W06000009,10,WXX000002,31/03/2003,31/03/2003,1049155199000,,All tenures (Number),6,10,,
6600,6600,Dwelling stock estimates,1,1,,Pembrokeshire,W06000009,10,WXX000002,31/03/2002,31/03/2002,1017619199000,,Local Authority (Number),1,1,,
1700,1700,Dwelling stock estimates,1,1,,Pembrokeshire,W06000009,10,WXX000002,31/03/2002,31/03/2002,1017619199000,,Registered Social Landlord (Number),2,3,,
46600,46600,Dwelling stock estimates,1,1,,Pembrokeshire,W06000009,10,WXX000002,31/03/2002,31/03/2002,1017619199000,,Owner occupied/Privately rented (Number),3,5,,
54800,54800,Dwelling stock estimates,1,1,,Pembrokeshire,W06000009,10,WXX000002,31/03/2002,31/03/2002,1017619199000,,All tenures (Number),6,10,,
6800,6800,Dwelling stock estimates,1,1,,Pembrokeshire,W06000009,10,WXX000002,31/03/2001,31/03/2001,986083199000,,Local Authority (Number),1,1,,
1800,1800,Dwelling stock estimates,1,1,,Pembrokeshire,W06000009,10,WXX000002,31/03/2001,31/03/2001,986083199000,,Registered Social Landlord (Number),2,3,,
45600,45600,Dwelling stock estimates,1,1,,Pembrokeshire,W06000009,10,WXX000002,31/03/2001,31/03/2001,986083199000,,Owner occupied/Privately rented (Number),3,5,,
54200,54200,Dwelling stock estimates,1,1,,Pembrokeshire,W06000009,10,WXX000002,31/03/2001,31/03/2001,986083199000,,All tenures (Number),6,10,,
9300,9300,Dwelling stock estimates,1,1,,Carmarthenshire,W06000010,11,WXX000002,31/03/2024,31/03/2024,1711929599000,,Local Authority (Number),1,1,,
3500,3500,Dwelling stock estimates,1,1,,Carmarthenshire,W06000010,11,WXX000002,31/03/2024,31/03/2024,1711929599000,,Registered Social Landlord (Number),2,3,,
77300,77300,Dwelling stock estimates,1,1,,Carmarthenshire,W06000010,11,WXX000002,31/03/2024,31/03/2024,1711929599000,,Owner occupied/Privately rented (Number),3,5,,
65800,65800,Dwelling stock estimates,1,1,,Carmarthenshire,W06000010,11,WXX000002,31/03/2024,31/03/2024,1711929599000,,Owner occupied (Number),4,6,,Provisional
11500,11500,Dwelling stock estimates,1,1,,Carmarthenshire,W06000010,11,WXX000002,31/03/2024,31/03/2024,1711929599000,,Privately rented (Number),5,8,,Provisional
90200,90200,Dwelling stock estimates,1,1,,Carmarthenshire,W06000010,11,WXX000002,31/03/2024,31/03/2024,1711929599000,,All tenures (Number),6,10,,
9300,9300,Dwelling stock estimates,1,1,,Carmarthenshire,W06000010,11,WXX000002,31/03/2023,31/03/2023,1680307199000,,Local Authority (Number),1,1,,
3400,3400,Dwelling stock estimates,1,1,,Carmarthenshire,W06000010,11,WXX000002,31/03/2023,31/03/2023,1680307199000,,Registered Social Landlord (Number),2,3,,
77300,77300,Dwelling stock estimates,1,1,,Carmarthenshire,W06000010,11,WXX000002,31/03/2023,31/03/2023,1680307199000,,Owner occupied/Privately rented (Number),3,5,,
65900,65900,Dwelling stock estimates,1,1,,Carmarthenshire,W06000010,11,WXX000002,31/03/2023,31/03/2023,1680307199000,,Owner occupied (Number),4,6,,
11500,11500,Dwelling stock estimates,1,1,,Carmarthenshire,W06000010,11,WXX000002,31/03/2023,31/03/2023,1680307199000,,Privately rented (Number),5,8,,
90000,90000,Dwelling stock estimates,1,1,,Carmarthenshire,W06000010,11,WXX000002,31/03/2023,31/03/2023,1680307199000,,All tenures (Number),6,10,,
9100,9100,Dwelling stock estimates,1,1,,Carmarthenshire,W06000010,11,WXX000002,31/03/2022,31/03/2022,1648771199000,,Local Authority (Number),1,1,,
3400,3400,Dwelling stock estimates,1,1,,Carmarthenshire,W06000010,11,WXX000002,31/03/2022,31/03/2022,1648771199000,,Registered Social Landlord (Number),2,3,,
77100,77100,Dwelling stock estimates,1,1,,Carmarthenshire,W06000010,11,WXX000002,31/03/2022,31/03/2022,1648771199000,,Owner occupied/Privately rented (Number),3,5,,
65300,65300,Dwelling stock estimates,1,1,,Carmarthenshire,W06000010,11,WXX000002,31/03/2022,31/03/2022,1648771199000,,Owner occupied (Number),4,6,,
11800,11800,Dwelling stock estimates,1,1,,Carmarthenshire,W06000010,11,WXX000002,31/03/2022,31/03/2022,1648771199000,,Privately rented (Number),5,8,,
89700,89700,Dwelling stock estimates,1,1,,Carmarthenshire,W06000010,11,WXX000002,31/03/2022,31/03/2022,1648771199000,,All tenures (Number),6,10,,
9100,9100,Dwelling stock estimates,1,1,,Carmarthenshire,W06000010,11,WXX000002,31/03/2021,31/03/2021,1617235199000,,Local Authority (Number),1,1,,
3300,3300,Dwelling stock estimates,1,1,,Carmarthenshire,W06000010,11,WXX000002,31/03/2021,31/03/2021,1617235199000,,Registered Social Landlord (Number),2,3,,
76900,76900,Dwelling stock estimates,1,1,,Carmarthenshire,W06000010,11,WXX000002,31/03/2021,31/03/2021,1617235199000,,Owner occupied/Privately rented (Number),3,5,,
65000,65000,Dwelling stock estimates,1,1,,Carmarthenshire,W06000010,11,WXX000002,31/03/2021,31/03/2021,1617235199000,,Owner occupied (Number),4,6,,
11900,11900,Dwelling stock estimates,1,1,,Carmarthenshire,W06000010,11,WXX000002,31/03/2021,31/03/2021,1617235199000,,Privately rented (Number),5,8,,
89400,89400,Dwelling stock estimates,1,1,,Carmarthenshire,W06000010,11,WXX000002,31/03/2021,31/03/2021,1617235199000,,All tenures (Number),6,10,,
9200,9200,Dwelling stock estimates,1,1,,Carmarthenshire,W06000010,11,WXX000002,31/03/2020,31/03/2020,1585699199000,,Local Authority (Number),1,1,,
3200,3200,Dwelling stock estimates,1,1,,Carmarthenshire,W06000010,11,WXX000002,31/03/2020,31/03/2020,1585699199000,,Registered Social Landlord (Number),2,3,,
76800,76800,Dwelling stock estimates,1,1,,Carmarthenshire,W06000010,11,WXX000002,31/03/2020,31/03/2020,1585699199000,,Owner occupied/Privately rented (Number),3,5,,
65800,65800,Dwelling stock estimates,1,1,,Carmarthenshire,W06000010,11,WXX000002,31/03/2020,31/03/2020,1585699199000,,Owner occupied (Number),4,6,,
11000,11000,Dwelling stock estimates,1,1,,Carmarthenshire,W06000010,11,WXX000002,31/03/2020,31/03/2020,1585699199000,,Privately rented (Number),5,8,,
89200,89200,Dwelling stock estimates,1,1,,Carmarthenshire,W06000010,11,WXX000002,31/03/2020,31/03/2020,1585699199000,,All tenures (Number),6,10,,
9200,9200,Dwelling stock estimates,1,1,,Carmarthenshire,W06000010,11,WXX000002,31/03/2019,31/03/2019,1554076799000,,Local Authority (Number),1,1,,
3200,3200,Dwelling stock estimates,1,1,,Carmarthenshire,W06000010,11,WXX000002,31/03/2019,31/03/2019,1554076799000,,Registered Social Landlord (Number),2,3,,
76500,76500,Dwelling stock estimates,1,1,,Carmarthenshire,W06000010,11,WXX000002,31/03/2019,31/03/2019,1554076799000,,Owner occupied/Privately rented (Number),3,5,,
66300,66300,Dwelling stock estimates,1,1,,Carmarthenshire,W06000010,11,WXX000002,31/03/2019,31/03/2019,1554076799000,,Owner occupied (Number),4,6,,
10200,10200,Dwelling stock estimates,1,1,,Carmarthenshire,W06000010,11,WXX000002,31/03/2019,31/03/2019,1554076799000,,Privately rented (Number),5,8,,
88800,88800,Dwelling stock estimates,1,1,,Carmarthenshire,W06000010,11,WXX000002,31/03/2019,31/03/2019,1554076799000,,All tenures (Number),6,10,,
9100,9100,Dwelling stock estimates,1,1,,Carmarthenshire,W06000010,11,WXX000002,31/03/2018,31/03/2018,1522540799000,,Local Authority (Number),1,1,,
3100,3100,Dwelling stock estimates,1,1,,Carmarthenshire,W06000010,11,WXX000002,31/03/2018,31/03/2018,1522540799000,,Registered Social Landlord (Number),2,3,,
76200,76200,Dwelling stock estimates,1,1,,Carmarthenshire,W06000010,11,WXX000002,31/03/2018,31/03/2018,1522540799000,,Owner occupied/Privately rented (Number),3,5,,
65800,65800,Dwelling stock estimates,1,1,,Carmarthenshire,W06000010,11,WXX000002,31/03/2018,31/03/2018,1522540799000,,Owner occupied (Number),4,6,,
10400,10400,Dwelling stock estimates,1,1,,Carmarthenshire,W06000010,11,WXX000002,31/03/2018,31/03/2018,1522540799000,,Privately rented (Number),5,8,,
88400,88400,Dwelling stock estimates,1,1,,Carmarthenshire,W06000010,11,WXX000002,31/03/2018,31/03/2018,1522540799000,,All tenures (Number),6,10,,
9000,9000,Dwelling stock estimates,1,1,,Carmarthenshire,W06000010,11,WXX000002,31/03/2017,31/03/2017,1491004799000,,Local Authority (Number),1,1,,
3100,3100,Dwelling stock estimates,1,1,,Carmarthenshire,W06000010,11,WXX000002,31/03/2017,31/03/2017,1491004799000,,Registered Social Landlord (Number),2,3,,
75600,75600,Dwelling stock estimates,1,1,,Carmarthenshire,W06000010,11,WXX000002,31/03/2017,31/03/2017,1491004799000,,Owner occupied/Privately rented (Number),3,5,,
65200,65200,Dwelling stock estimates,1,1,,Carmarthenshire,W06000010,11,WXX000002,31/03/2017,31/03/2017,1491004799000,,Owner occupied (Number),4,6,,
10500,10500,Dwelling stock estimates,1,1,,Carmarthenshire,W06000010,11,WXX000002,31/03/2017,31/03/2017,1491004799000,,Privately rented (Number),5,8,,
87800,87800,Dwelling stock estimates,1,1,,Carmarthenshire,W06000010,11,WXX000002,31/03/2017,31/03/2017,1491004799000,,All tenures (Number),6,10,,
9000,9000,Dwelling stock estimates,1,1,,Carmarthenshire,W06000010,11,WXX000002,31/03/2016,31/03/2016,1459468799000,,Local Authority (Number),1,1,,
3100,3100,Dwelling stock estimates,1,1,,Carmarthenshire,W06000010,11,WXX000002,31/03/2016,31/03/2016,1459468799000,,Registered Social Landlord (Number),2,3,,
75200,75200,Dwelling stock estimates,1,1,,Carmarthenshire,W06000010,11,WXX000002,31/03/2016,31/03/2016,1459468799000,,Owner occupied/Privately rented (Number),3,5,,
64000,64000,Dwelling stock estimates,1,1,,Carmarthenshire,W06000010,11,WXX000002,31/03/2016,31/03/2016,1459468799000,,Owner occupied (Number),4,6,,
11100,11100,Dwelling stock estimates,1,1,,Carmarthenshire,W06000010,11,WXX000002,31/03/2016,31/03/2016,1459468799000,,Privately rented (Number),5,8,,
87300,87300,Dwelling stock estimates,1,1,,Carmarthenshire,W06000010,11,WXX000002,31/03/2016,31/03/2016,1459468799000,,All tenures (Number),6,10,,
9000,9000,Dwelling stock estimates,1,1,,Carmarthenshire,W06000010,11,WXX000002,31/03/2015,31/03/2015,1427846399000,,Local Authority (Number),1,1,,
3000,3000,Dwelling stock estimates,1,1,,Carmarthenshire,W06000010,11,WXX000002,31/03/2015,31/03/2015,1427846399000,,Registered Social Landlord (Number),2,3,,
74700,74700,Dwelling stock estimates,1,1,,Carmarthenshire,W06000010,11,WXX000002,31/03/2015,31/03/2015,1427846399000,,Owner occupied/Privately rented (Number),3,5,,
62900,62900,Dwelling stock estimates,1,1,,Carmarthenshire,W06000010,11,WXX000002,31/03/2015,31/03/2015,1427846399000,,Owner occupied (Number),4,6,,
11800,11800,Dwelling stock estimates,1,1,,Carmarthenshire,W06000010,11,WXX000002,31/03/2015,31/03/2015,1427846399000,,Privately rented (Number),5,8,,
86600,86600,Dwelling stock estimates,1,1,,Carmarthenshire,W06000010,11,WXX000002,31/03/2015,31/03/2015,1427846399000,,All tenures (Number),6,10,,
9000,9000,Dwelling stock estimates,1,1,,Carmarthenshire,W06000010,11,WXX000002,31/03/2014,31/03/2014,1396310399000,,Local Authority (Number),1,1,,
2900,2900,Dwelling stock estimates,1,1,,Carmarthenshire,W06000010,11,WXX000002,31/03/2014,31/03/2014,1396310399000,,Registered Social Landlord (Number),2,3,,
74000,74000,Dwelling stock estimates,1,1,,Carmarthenshire,W06000010,11,WXX000002,31/03/2014,31/03/2014,1396310399000,,Owner occupied/Privately rented (Number),3,5,,
62900,62900,Dwelling stock estimates,1,1,,Carmarthenshire,W06000010,11,WXX000002,31/03/2014,31/03/2014,1396310399000,,Owner occupied (Number),4,6,,
11200,11200,Dwelling stock estimates,1,1,,Carmarthenshire,W06000010,11,WXX000002,31/03/2014,31/03/2014,1396310399000,,Privately rented (Number),5,8,,
86000,86000,Dwelling stock estimates,1,1,,Carmarthenshire,W06000010,11,WXX000002,31/03/2014,31/03/2014,1396310399000,,All tenures (Number),6,10,,
9100,9100,Dwelling stock estimates,1,1,,Carmarthenshire,W06000010,11,WXX000002,31/03/2013,31/03/2013,1364774399000,,Local Authority (Number),1,1,,
2900,2900,Dwelling stock estimates,1,1,,Carmarthenshire,W06000010,11,WXX000002,31/03/2013,31/03/2013,1364774399000,,Registered Social Landlord (Number),2,3,,
73400,73400,Dwelling stock estimates,1,1,,Carmarthenshire,W06000010,11,WXX000002,31/03/2013,31/03/2013,1364774399000,,Owner occupied/Privately rented (Number),3,5,,
62800,62800,Dwelling stock estimates,1,1,,Carmarthenshire,W06000010,11,WXX000002,31/03/2013,31/03/2013,1364774399000,,Owner occupied (Number),4,6,,
10600,10600,Dwelling stock estimates,1,1,,Carmarthenshire,W06000010,11,WXX000002,31/03/2013,31/03/2013,1364774399000,,Privately rented (Number),5,8,,
85400,85400,Dwelling stock estimates,1,1,,Carmarthenshire,W06000010,11,WXX000002,31/03/2013,31/03/2013,1364774399000,,All tenures (Number),6,10,,
9100,9100,Dwelling stock estimates,1,1,,Carmarthenshire,W06000010,11,WXX000002,31/03/2012,31/03/2012,1333238399000,,Local Authority (Number),1,1,,
2900,2900,Dwelling stock estimates,1,1,,Carmarthenshire,W06000010,11,WXX000002,31/03/2012,31/03/2012,1333238399000,,Registered Social Landlord (Number),2,3,,
72700,72700,Dwelling stock estimates,1,1,,Carmarthenshire,W06000010,11,WXX000002,31/03/2012,31/03/2012,1333238399000,,Owner occupied/Privately rented (Number),3,5,,
62200,62200,Dwelling stock estimates,1,1,,Carmarthenshire,W06000010,11,WXX000002,31/03/2012,31/03/2012,1333238399000,,Owner occupied (Number),4,6,,
10500,10500,Dwelling stock estimates,1,1,,Carmarthenshire,W06000010,11,WXX000002,31/03/2012,31/03/2012,1333238399000,,Privately rented (Number),5,8,,
84800,84800,Dwelling stock estimates,1,1,,Carmarthenshire,W06000010,11,WXX000002,31/03/2012,31/03/2012,1333238399000,,All tenures (Number),6,10,,
9100,9100,Dwelling stock estimates,1,1,,Carmarthenshire,W06000010,11,WXX000002,31/03/2011,31/03/2011,1301615999000,,Local Authority (Number),1,1,,
2900,2900,Dwelling stock estimates,1,1,,Carmarthenshire,W06000010,11,WXX000002,31/03/2011,31/03/2011,1301615999000,,Registered Social Landlord (Number),2,3,,
72100,72100,Dwelling stock estimates,1,1,,Carmarthenshire,W06000010,11,WXX000002,31/03/2011,31/03/2011,1301615999000,,Owner occupied/Privately rented (Number),3,5,,
84100,84100,Dwelling stock estimates,1,1,,Carmarthenshire,W06000010,11,WXX000002,31/03/2011,31/03/2011,1301615999000,,All tenures (Number),6,10,,
9200,9200,Dwelling stock estimates,1,1,,Carmarthenshire,W06000010,11,WXX000002,31/03/2010,31/03/2010,1270079999000,,Local Authority (Number),1,1,,
2800,2800,Dwelling stock estimates,1,1,,Carmarthenshire,W06000010,11,WXX000002,31/03/2010,31/03/2010,1270079999000,,Registered Social Landlord (Number),2,3,,
71400,71400,Dwelling stock estimates,1,1,,Carmarthenshire,W06000010,11,WXX000002,31/03/2010,31/03/2010,1270079999000,,Owner occupied/Privately rented (Number),3,5,,
83500,83500,Dwelling stock estimates,1,1,,Carmarthenshire,W06000010,11,WXX000002,31/03/2010,31/03/2010,1270079999000,,All tenures (Number),6,10,,
9200,9200,Dwelling stock estimates,1,1,,Carmarthenshire,W06000010,11,WXX000002,31/03/2009,31/03/2009,1238543999000,,Local Authority (Number),1,1,,
2800,2800,Dwelling stock estimates,1,1,,Carmarthenshire,W06000010,11,WXX000002,31/03/2009,31/03/2009,1238543999000,,Registered Social Landlord (Number),2,3,,
70800,70800,Dwelling stock estimates,1,1,,Carmarthenshire,W06000010,11,WXX000002,31/03/2009,31/03/2009,1238543999000,,Owner occupied/Privately rented (Number),3,5,,
82800,82800,Dwelling stock estimates,1,1,,Carmarthenshire,W06000010,11,WXX000002,31/03/2009,31/03/2009,1238543999000,,All tenures (Number),6,10,,
9300,9300,Dwelling stock estimates,1,1,,Carmarthenshire,W06000010,11,WXX000002,31/03/2008,31/03/2008,1207007999000,,Local Authority (Number),1,1,,
2800,2800,Dwelling stock estimates,1,1,,Carmarthenshire,W06000010,11,WXX000002,31/03/2008,31/03/2008,1207007999000,,Registered Social Landlord (Number),2,3,,
70200,70200,Dwelling stock estimates,1,1,,Carmarthenshire,W06000010,11,WXX000002,31/03/2008,31/03/2008,1207007999000,,Owner occupied/Privately rented (Number),3,5,,
82200,82200,Dwelling stock estimates,1,1,,Carmarthenshire,W06000010,11,WXX000002,31/03/2008,31/03/2008,1207007999000,,All tenures (Number),6,10,,
9300,9300,Dwelling stock estimates,1,1,,Carmarthenshire,W06000010,11,WXX000002,31/03/2007,31/03/2007,1175385599000,,Local Authority (Number),1,1,,
2700,2700,Dwelling stock estimates,1,1,,Carmarthenshire,W06000010,11,WXX000002,31/03/2007,31/03/2007,1175385599000,,Registered Social Landlord (Number),2,3,,
69200,69200,Dwelling stock estimates,1,1,,Carmarthenshire,W06000010,11,WXX000002,31/03/2007,31/03/2007,1175385599000,,Owner occupied/Privately rented (Number),3,5,,
81300,81300,Dwelling stock estimates,1,1,,Carmarthenshire,W06000010,11,WXX000002,31/03/2007,31/03/2007,1175385599000,,All tenures (Number),6,10,,
9400,9400,Dwelling stock estimates,1,1,,Carmarthenshire,W06000010,11,WXX000002,31/03/2006,31/03/2006,1143849599000,,Local Authority (Number),1,1,,
2700,2700,Dwelling stock estimates,1,1,,Carmarthenshire,W06000010,11,WXX000002,31/03/2006,31/03/2006,1143849599000,,Registered Social Landlord (Number),2,3,,
68200,68200,Dwelling stock estimates,1,1,,Carmarthenshire,W06000010,11,WXX000002,31/03/2006,31/03/2006,1143849599000,,Owner occupied/Privately rented (Number),3,5,,
80400,80400,Dwelling stock estimates,1,1,,Carmarthenshire,W06000010,11,WXX000002,31/03/2006,31/03/2006,1143849599000,,All tenures (Number),6,10,,
9500,9500,Dwelling stock estimates,1,1,,Carmarthenshire,W06000010,11,WXX000002,31/03/2005,31/03/2005,1112313599000,,Local Authority (Number),1,1,,
2700,2700,Dwelling stock estimates,1,1,,Carmarthenshire,W06000010,11,WXX000002,31/03/2005,31/03/2005,1112313599000,,Registered Social Landlord (Number),2,3,,
67300,67300,Dwelling stock estimates,1,1,,Carmarthenshire,W06000010,11,WXX000002,31/03/2005,31/03/2005,1112313599000,,Owner occupied/Privately rented (Number),3,5,,
79400,79400,Dwelling stock estimates,1,1,,Carmarthenshire,W06000010,11,WXX000002,31/03/2005,31/03/2005,1112313599000,,All tenures (Number),6,10,,
9700,9700,Dwelling stock estimates,1,1,,Carmarthenshire,W06000010,11,WXX000002,31/03/2004,31/03/2004,1080777599000,,Local Authority (Number),1,1,,
2600,2600,Dwelling stock estimates,1,1,,Carmarthenshire,W06000010,11,WXX000002,31/03/2004,31/03/2004,1080777599000,,Registered Social Landlord (Number),2,3,,
66300,66300,Dwelling stock estimates,1,1,,Carmarthenshire,W06000010,11,WXX000002,31/03/2004,31/03/2004,1080777599000,,Owner occupied/Privately rented (Number),3,5,,
78700,78700,Dwelling stock estimates,1,1,,Carmarthenshire,W06000010,11,WXX000002,31/03/2004,31/03/2004,1080777599000,,All tenures (Number),6,10,,
10300,10300,Dwelling stock estimates,1,1,,Carmarthenshire,W06000010,11,WXX000002,31/03/2003,31/03/2003,1049155199000,,Local Authority (Number),1,1,,
2500,2500,Dwelling stock estimates,1,1,,Carmarthenshire,W06000010,11,WXX000002,31/03/2003,31/03/2003,1049155199000,,Registered Social Landlord (Number),2,3,,
65200,65200,Dwelling stock estimates,1,1,,Carmarthenshire,W06000010,11,WXX000002,31/03/2003,31/03/2003,1049155199000,,Owner occupied/Privately rented (Number),3,5,,
78000,78000,Dwelling stock estimates,1,1,,Carmarthenshire,W06000010,11,WXX000002,31/03/2003,31/03/2003,1049155199000,,All tenures (Number),6,10,,
10600,10600,Dwelling stock estimates,1,1,,Carmarthenshire,W06000010,11,WXX000002,31/03/2002,31/03/2002,1017619199000,,Local Authority (Number),1,1,,
2500,2500,Dwelling stock estimates,1,1,,Carmarthenshire,W06000010,11,WXX000002,31/03/2002,31/03/2002,1017619199000,,Registered Social Landlord (Number),2,3,,
64400,64400,Dwelling stock estimates,1,1,,Carmarthenshire,W06000010,11,WXX000002,31/03/2002,31/03/2002,1017619199000,,Owner occupied/Privately rented (Number),3,5,,
77500,77500,Dwelling stock estimates,1,1,,Carmarthenshire,W06000010,11,WXX000002,31/03/2002,31/03/2002,1017619199000,,All tenures (Number),6,10,,
10700,10700,Dwelling stock estimates,1,1,,Carmarthenshire,W06000010,11,WXX000002,31/03/2001,31/03/2001,986083199000,,Local Authority (Number),1,1,,
2400,2400,Dwelling stock estimates,1,1,,Carmarthenshire,W06000010,11,WXX000002,31/03/2001,31/03/2001,986083199000,,Registered Social Landlord (Number),2,3,,
64000,64000,Dwelling stock estimates,1,1,,Carmarthenshire,W06000010,11,WXX000002,31/03/2001,31/03/2001,986083199000,,Owner occupied/Privately rented (Number),3,5,,
77200,77200,Dwelling stock estimates,1,1,,Carmarthenshire,W06000010,11,WXX000002,31/03/2001,31/03/2001,986083199000,,All tenures (Number),6,10,,
13800,13800,Dwelling stock estimates,1,1,,Swansea,W06000011,12,WXX000002,31/03/2024,31/03/2024,1711929599000,,Local Authority (Number),1,1,,
8400,8400,Dwelling stock estimates,1,1,,Swansea,W06000011,12,WXX000002,31/03/2024,31/03/2024,1711929599000,,Registered Social Landlord (Number),2,3,,
93100,93100,Dwelling stock estimates,1,1,,Swansea,W06000011,12,WXX000002,31/03/2024,31/03/2024,1711929599000,,Owner occupied/Privately rented (Number),3,5,,
77700,77700,Dwelling stock estimates,1,1,,Swansea,W06000011,12,WXX000002,31/03/2024,31/03/2024,1711929599000,,Owner occupied (Number),4,6,,Provisional
15400,15400,Dwelling stock estimates,1,1,,Swansea,W06000011,12,WXX000002,31/03/2024,31/03/2024,1711929599000,,Privately rented (Number),5,8,,Provisional
115300,115300,Dwelling stock estimates,1,1,,Swansea,W06000011,12,WXX000002,31/03/2024,31/03/2024,1711929599000,,All tenures (Number),6,10,,
13700,13700,Dwelling stock estimates,1,1,,Swansea,W06000011,12,WXX000002,31/03/2023,31/03/2023,1680307199000,,Local Authority (Number),1,1,,
8200,8200,Dwelling stock estimates,1,1,,Swansea,W06000011,12,WXX000002,31/03/2023,31/03/2023,1680307199000,,Registered Social Landlord (Number),2,3,,
93100,93100,Dwelling stock estimates,1,1,,Swansea,W06000011,12,WXX000002,31/03/2023,31/03/2023,1680307199000,,Owner occupied/Privately rented (Number),3,5,,
77700,77700,Dwelling stock estimates,1,1,,Swansea,W06000011,12,WXX000002,31/03/2023,31/03/2023,1680307199000,,Owner occupied (Number),4,6,,
15400,15400,Dwelling stock estimates,1,1,,Swansea,W06000011,12,WXX000002,31/03/2023,31/03/2023,1680307199000,,Privately rented (Number),5,8,,
115000,115000,Dwelling stock estimates,1,1,,Swansea,W06000011,12,WXX000002,31/03/2023,31/03/2023,1680307199000,,All tenures (Number),6,10,,
13600,13600,Dwelling stock estimates,1,1,,Swansea,W06000011,12,WXX000002,31/03/2022,31/03/2022,1648771199000,,Local Authority (Number),1,1,,
8000,8000,Dwelling stock estimates,1,1,,Swansea,W06000011,12,WXX000002,31/03/2022,31/03/2022,1648771199000,,Registered Social Landlord (Number),2,3,,
93100,93100,Dwelling stock estimates,1,1,,Swansea,W06000011,12,WXX000002,31/03/2022,31/03/2022,1648771199000,,Owner occupied/Privately rented (Number),3,5,,
77400,77400,Dwelling stock estimates,1,1,,Swansea,W06000011,12,WXX000002,31/03/2022,31/03/2022,1648771199000,,Owner occupied (Number),4,6,,
15600,15600,Dwelling stock estimates,1,1,,Swansea,W06000011,12,WXX000002,31/03/2022,31/03/2022,1648771199000,,Privately rented (Number),5,8,,
114800,114800,Dwelling stock estimates,1,1,,Swansea,W06000011,12,WXX000002,31/03/2022,31/03/2022,1648771199000,,All tenures (Number),6,10,,
13600,13600,Dwelling stock estimates,1,1,,Swansea,W06000011,12,WXX000002,31/03/2021,31/03/2021,1617235199000,,Local Authority (Number),1,1,,
8000,8000,Dwelling stock estimates,1,1,,Swansea,W06000011,12,WXX000002,31/03/2021,31/03/2021,1617235199000,,Registered Social Landlord (Number),2,3,,
92900,92900,Dwelling stock estimates,1,1,,Swansea,W06000011,12,WXX000002,31/03/2021,31/03/2021,1617235199000,,Owner occupied/Privately rented (Number),3,5,,
77000,77000,Dwelling stock estimates,1,1,,Swansea,W06000011,12,WXX000002,31/03/2021,31/03/2021,1617235199000,,Owner occupied (Number),4,6,,
15900,15900,Dwelling stock estimates,1,1,,Swansea,W06000011,12,WXX000002,31/03/2021,31/03/2021,1617235199000,,Privately rented (Number),5,8,,
114500,114500,Dwelling stock estimates,1,1,,Swansea,W06000011,12,WXX000002,31/03/2021,31/03/2021,1617235199000,,All tenures (Number),6,10,,
13500,13500,Dwelling stock estimates,1,1,,Swansea,W06000011,12,WXX000002,31/03/2020,31/03/2020,1585699199000,,Local Authority (Number),1,1,,
7800,7800,Dwelling stock estimates,1,1,,Swansea,W06000011,12,WXX000002,31/03/2020,31/03/2020,1585699199000,,Registered Social Landlord (Number),2,3,,
92800,92800,Dwelling stock estimates,1,1,,Swansea,W06000011,12,WXX000002,31/03/2020,31/03/2020,1585699199000,,Owner occupied/Privately rented (Number),3,5,,
76500,76500,Dwelling stock estimates,1,1,,Swansea,W06000011,12,WXX000002,31/03/2020,31/03/2020,1585699199000,,Owner occupied (Number),4,6,,
16300,16300,Dwelling stock estimates,1,1,,Swansea,W06000011,12,WXX000002,31/03/2020,31/03/2020,1585699199000,,Privately rented (Number),5,8,,
114100,114100,Dwelling stock estimates,1,1,,Swansea,W06000011,12,WXX000002,31/03/2020,31/03/2020,1585699199000,,All tenures (Number),6,10,,
13500,13500,Dwelling stock estimates,1,1,,Swansea,W06000011,12,WXX000002,31/03/2019,31/03/2019,1554076799000,,Local Authority (Number),1,1,,
7600,7600,Dwelling stock estimates,1,1,,Swansea,W06000011,12,WXX000002,31/03/2019,31/03/2019,1554076799000,,Registered Social Landlord (Number),2,3,,
92500,92500,Dwelling stock estimates,1,1,,Swansea,W06000011,12,WXX000002,31/03/2019,31/03/2019,1554076799000,,Owner occupied/Privately rented (Number),3,5,,
75200,75200,Dwelling stock estimates,1,1,,Swansea,W06000011,12,WXX000002,31/03/2019,31/03/2019,1554076799000,,Owner occupied (Number),4,6,,
17300,17300,Dwelling stock estimates,1,1,,Swansea,W06000011,12,WXX000002,31/03/2019,31/03/2019,1554076799000,,Privately rented (Number),5,8,,
113700,113700,Dwelling stock estimates,1,1,,Swansea,W06000011,12,WXX000002,31/03/2019,31/03/2019,1554076799000,,All tenures (Number),6,10,,
13500,13500,Dwelling stock estimates,1,1,,Swansea,W06000011,12,WXX000002,31/03/2018,31/03/2018,1522540799000,,Local Authority (Number),1,1,,
7500,7500,Dwelling stock estimates,1,1,,Swansea,W06000011,12,WXX000002,31/03/2018,31/03/2018,1522540799000,,Registered Social Landlord (Number),2,3,,
92100,92100,Dwelling stock estimates,1,1,,Swansea,W06000011,12,WXX000002,31/03/2018,31/03/2018,1522540799000,,Owner occupied/Privately rented (Number),3,5,,
73100,73100,Dwelling stock estimates,1,1,,Swansea,W06000011,12,WXX000002,31/03/2018,31/03/2018,1522540799000,,Owner occupied (Number),4,6,,
19000,19000,Dwelling stock estimates,1,1,,Swansea,W06000011,12,WXX000002,31/03/2018,31/03/2018,1522540799000,,Privately rented (Number),5,8,,
113100,113100,Dwelling stock estimates,1,1,,Swansea,W06000011,12,WXX000002,31/03/2018,31/03/2018,1522540799000,,All tenures (Number),6,10,,
13500,13500,Dwelling stock estimates,1,1,,Swansea,W06000011,12,WXX000002,31/03/2017,31/03/2017,1491004799000,,Local Authority (Number),1,1,,
7400,7400,Dwelling stock estimates,1,1,,Swansea,W06000011,12,WXX000002,31/03/2017,31/03/2017,1491004799000,,Registered Social Landlord (Number),2,3,,
91700,91700,Dwelling stock estimates,1,1,,Swansea,W06000011,12,WXX000002,31/03/2017,31/03/2017,1491004799000,,Owner occupied/Privately rented (Number),3,5,,
71400,71400,Dwelling stock estimates,1,1,,Swansea,W06000011,12,WXX000002,31/03/2017,31/03/2017,1491004799000,,Owner occupied (Number),4,6,,
20300,20300,Dwelling stock estimates,1,1,,Swansea,W06000011,12,WXX000002,31/03/2017,31/03/2017,1491004799000,,Privately rented (Number),5,8,,
112600,112600,Dwelling stock estimates,1,1,,Swansea,W06000011,12,WXX000002,31/03/2017,31/03/2017,1491004799000,,All tenures (Number),6,10,,
13500,13500,Dwelling stock estimates,1,1,,Swansea,W06000011,12,WXX000002,31/03/2016,31/03/2016,1459468799000,,Local Authority (Number),1,1,,
7300,7300,Dwelling stock estimates,1,1,,Swansea,W06000011,12,WXX000002,31/03/2016,31/03/2016,1459468799000,,Registered Social Landlord (Number),2,3,,
91300,91300,Dwelling stock estimates,1,1,,Swansea,W06000011,12,WXX000002,31/03/2016,31/03/2016,1459468799000,,Owner occupied/Privately rented (Number),3,5,,
70900,70900,Dwelling stock estimates,1,1,,Swansea,W06000011,12,WXX000002,31/03/2016,31/03/2016,1459468799000,,Owner occupied (Number),4,6,,
20300,20300,Dwelling stock estimates,1,1,,Swansea,W06000011,12,WXX000002,31/03/2016,31/03/2016,1459468799000,,Privately rented (Number),5,8,,
112000,112000,Dwelling stock estimates,1,1,,Swansea,W06000011,12,WXX000002,31/03/2016,31/03/2016,1459468799000,,All tenures (Number),6,10,,
13500,13500,Dwelling stock estimates,1,1,,Swansea,W06000011,12,WXX000002,31/03/2015,31/03/2015,1427846399000,,Local Authority (Number),1,1,,
7200,7200,Dwelling stock estimates,1,1,,Swansea,W06000011,12,WXX000002,31/03/2015,31/03/2015,1427846399000,,Registered Social Landlord (Number),2,3,,
90600,90600,Dwelling stock estimates,1,1,,Swansea,W06000011,12,WXX000002,31/03/2015,31/03/2015,1427846399000,,Owner occupied/Privately rented (Number),3,5,,
71600,71600,Dwelling stock estimates,1,1,,Swansea,W06000011,12,WXX000002,31/03/2015,31/03/2015,1427846399000,,Owner occupied (Number),4,6,,
19000,19000,Dwelling stock estimates,1,1,,Swansea,W06000011,12,WXX000002,31/03/2015,31/03/2015,1427846399000,,Privately rented (Number),5,8,,
111300,111300,Dwelling stock estimates,1,1,,Swansea,W06000011,12,WXX000002,31/03/2015,31/03/2015,1427846399000,,All tenures (Number),6,10,,
13600,13600,Dwelling stock estimates,1,1,,Swansea,W06000011,12,WXX000002,31/03/2014,31/03/2014,1396310399000,,Local Authority (Number),1,1,,
7100,7100,Dwelling stock estimates,1,1,,Swansea,W06000011,12,WXX000002,31/03/2014,31/03/2014,1396310399000,,Registered Social Landlord (Number),2,3,,
90100,90100,Dwelling stock estimates,1,1,,Swansea,W06000011,12,WXX000002,31/03/2014,31/03/2014,1396310399000,,Owner occupied/Privately rented (Number),3,5,,
72900,72900,Dwelling stock estimates,1,1,,Swansea,W06000011,12,WXX000002,31/03/2014,31/03/2014,1396310399000,,Owner occupied (Number),4,6,,
17200,17200,Dwelling stock estimates,1,1,,Swansea,W06000011,12,WXX000002,31/03/2014,31/03/2014,1396310399000,,Privately rented (Number),5,8,,
110800,110800,Dwelling stock estimates,1,1,,Swansea,W06000011,12,WXX000002,31/03/2014,31/03/2014,1396310399000,,All tenures (Number),6,10,,
13600,13600,Dwelling stock estimates,1,1,,Swansea,W06000011,12,WXX000002,31/03/2013,31/03/2013,1364774399000,,Local Authority (Number),1,1,,
7100,7100,Dwelling stock estimates,1,1,,Swansea,W06000011,12,WXX000002,31/03/2013,31/03/2013,1364774399000,,Registered Social Landlord (Number),2,3,,
89500,89500,Dwelling stock estimates,1,1,,Swansea,W06000011,12,WXX000002,31/03/2013,31/03/2013,1364774399000,,Owner occupied/Privately rented (Number),3,5,,
73000,73000,Dwelling stock estimates,1,1,,Swansea,W06000011,12,WXX000002,31/03/2013,31/03/2013,1364774399000,,Owner occupied (Number),4,6,,
16500,16500,Dwelling stock estimates,1,1,,Swansea,W06000011,12,WXX000002,31/03/2013,31/03/2013,1364774399000,,Privately rented (Number),5,8,,
110100,110100,Dwelling stock estimates,1,1,,Swansea,W06000011,12,WXX000002,31/03/2013,31/03/2013,1364774399000,,All tenures (Number),6,10,,
13600,13600,Dwelling stock estimates,1,1,,Swansea,W06000011,12,WXX000002,31/03/2012,31/03/2012,1333238399000,,Local Authority (Number),1,1,,
7000,7000,Dwelling stock estimates,1,1,,Swansea,W06000011,12,WXX000002,31/03/2012,31/03/2012,1333238399000,,Registered Social Landlord (Number),2,3,,
88800,88800,Dwelling stock estimates,1,1,,Swansea,W06000011,12,WXX000002,31/03/2012,31/03/2012,1333238399000,,Owner occupied/Privately rented (Number),3,5,,
71400,71400,Dwelling stock estimates,1,1,,Swansea,W06000011,12,WXX000002,31/03/2012,31/03/2012,1333238399000,,Owner occupied (Number),4,6,,
17400,17400,Dwelling stock estimates,1,1,,Swansea,W06000011,12,WXX000002,31/03/2012,31/03/2012,1333238399000,,Privately rented (Number),5,8,,
109400,109400,Dwelling stock estimates,1,1,,Swansea,W06000011,12,WXX000002,31/03/2012,31/03/2012,1333238399000,,All tenures (Number),6,10,,
13600,13600,Dwelling stock estimates,1,1,,Swansea,W06000011,12,WXX000002,31/03/2011,31/03/2011,1301615999000,,Local Authority (Number),1,1,,
6800,6800,Dwelling stock estimates,1,1,,Swansea,W06000011,12,WXX000002,31/03/2011,31/03/2011,1301615999000,,Registered Social Landlord (Number),2,3,,
88300,88300,Dwelling stock estimates,1,1,,Swansea,W06000011,12,WXX000002,31/03/2011,31/03/2011,1301615999000,,Owner occupied/Privately rented (Number),3,5,,
108700,108700,Dwelling stock estimates,1,1,,Swansea,W06000011,12,WXX000002,31/03/2011,31/03/2011,1301615999000,,All tenures (Number),6,10,,
13600,13600,Dwelling stock estimates,1,1,,Swansea,W06000011,12,WXX000002,31/03/2010,31/03/2010,1270079999000,,Local Authority (Number),1,1,,
6800,6800,Dwelling stock estimates,1,1,,Swansea,W06000011,12,WXX000002,31/03/2010,31/03/2010,1270079999000,,Registered Social Landlord (Number),2,3,,
87600,87600,Dwelling stock estimates,1,1,,Swansea,W06000011,12,WXX000002,31/03/2010,31/03/2010,1270079999000,,Owner occupied/Privately rented (Number),3,5,,
108000,108000,Dwelling stock estimates,1,1,,Swansea,W06000011,12,WXX000002,31/03/2010,31/03/2010,1270079999000,,All tenures (Number),6,10,,
13700,13700,Dwelling stock estimates,1,1,,Swansea,W06000011,12,WXX000002,31/03/2009,31/03/2009,1238543999000,,Local Authority (Number),1,1,,
6700,6700,Dwelling stock estimates,1,1,,Swansea,W06000011,12,WXX000002,31/03/2009,31/03/2009,1238543999000,,Registered Social Landlord (Number),2,3,,
86800,86800,Dwelling stock estimates,1,1,,Swansea,W06000011,12,WXX000002,31/03/2009,31/03/2009,1238543999000,,Owner occupied/Privately rented (Number),3,5,,
107100,107100,Dwelling stock estimates,1,1,,Swansea,W06000011,12,WXX000002,31/03/2009,31/03/2009,1238543999000,,All tenures (Number),6,10,,
13600,13600,Dwelling stock estimates,1,1,,Swansea,W06000011,12,WXX000002,31/03/2008,31/03/2008,1207007999000,,Local Authority (Number),1,1,,
6900,6900,Dwelling stock estimates,1,1,,Swansea,W06000011,12,WXX000002,31/03/2008,31/03/2008,1207007999000,,Registered Social Landlord (Number),2,3,,
85600,85600,Dwelling stock estimates,1,1,,Swansea,W06000011,12,WXX000002,31/03/2008,31/03/2008,1207007999000,,Owner occupied/Privately rented (Number),3,5,,
106100,106100,Dwelling stock estimates,1,1,,Swansea,W06000011,12,WXX000002,31/03/2008,31/03/2008,1207007999000,,All tenures (Number),6,10,,
13700,13700,Dwelling stock estimates,1,1,,Swansea,W06000011,12,WXX000002,31/03/2007,31/03/2007,1175385599000,,Local Authority (Number),1,1,,
6800,6800,Dwelling stock estimates,1,1,,Swansea,W06000011,12,WXX000002,31/03/2007,31/03/2007,1175385599000,,Registered Social Landlord (Number),2,3,,
84600,84600,Dwelling stock estimates,1,1,,Swansea,W06000011,12,WXX000002,31/03/2007,31/03/2007,1175385599000,,Owner occupied/Privately rented (Number),3,5,,
105000,105000,Dwelling stock estimates,1,1,,Swansea,W06000011,12,WXX000002,31/03/2007,31/03/2007,1175385599000,,All tenures (Number),6,10,,
13800,13800,Dwelling stock estimates,1,1,,Swansea,W06000011,12,WXX000002,31/03/2006,31/03/2006,1143849599000,,Local Authority (Number),1,1,,
6800,6800,Dwelling stock estimates,1,1,,Swansea,W06000011,12,WXX000002,31/03/2006,31/03/2006,1143849599000,,Registered Social Landlord (Number),2,3,,
83500,83500,Dwelling stock estimates,1,1,,Swansea,W06000011,12,WXX000002,31/03/2006,31/03/2006,1143849599000,,Owner occupied/Privately rented (Number),3,5,,
104100,104100,Dwelling stock estimates,1,1,,Swansea,W06000011,12,WXX000002,31/03/2006,31/03/2006,1143849599000,,All tenures (Number),6,10,,
14100,14100,Dwelling stock estimates,1,1,,Swansea,W06000011,12,WXX000002,31/03/2005,31/03/2005,1112313599000,,Local Authority (Number),1,1,,
6600,6600,Dwelling stock estimates,1,1,,Swansea,W06000011,12,WXX000002,31/03/2005,31/03/2005,1112313599000,,Registered Social Landlord (Number),2,3,,
82300,82300,Dwelling stock estimates,1,1,,Swansea,W06000011,12,WXX000002,31/03/2005,31/03/2005,1112313599000,,Owner occupied/Privately rented (Number),3,5,,
103100,103100,Dwelling stock estimates,1,1,,Swansea,W06000011,12,WXX000002,31/03/2005,31/03/2005,1112313599000,,All tenures (Number),6,10,,
14300,14300,Dwelling stock estimates,1,1,,Swansea,W06000011,12,WXX000002,31/03/2004,31/03/2004,1080777599000,,Local Authority (Number),1,1,,
6500,6500,Dwelling stock estimates,1,1,,Swansea,W06000011,12,WXX000002,31/03/2004,31/03/2004,1080777599000,,Registered Social Landlord (Number),2,3,,
81600,81600,Dwelling stock estimates,1,1,,Swansea,W06000011,12,WXX000002,31/03/2004,31/03/2004,1080777599000,,Owner occupied/Privately rented (Number),3,5,,
102300,102300,Dwelling stock estimates,1,1,,Swansea,W06000011,12,WXX000002,31/03/2004,31/03/2004,1080777599000,,All tenures (Number),6,10,,
15100,15100,Dwelling stock estimates,1,1,,Swansea,W06000011,12,WXX000002,31/03/2003,31/03/2003,1049155199000,,Local Authority (Number),1,1,,
6000,6000,Dwelling stock estimates,1,1,,Swansea,W06000011,12,WXX000002,31/03/2003,31/03/2003,1049155199000,,Registered Social Landlord (Number),2,3,,
80400,80400,Dwelling stock estimates,1,1,,Swansea,W06000011,12,WXX000002,31/03/2003,31/03/2003,1049155199000,,Owner occupied/Privately rented (Number),3,5,,
101400,101400,Dwelling stock estimates,1,1,,Swansea,W06000011,12,WXX000002,31/03/2003,31/03/2003,1049155199000,,All tenures (Number),6,10,,
15700,15700,Dwelling stock estimates,1,1,,Swansea,W06000011,12,WXX000002,31/03/2002,31/03/2002,1017619199000,,Local Authority (Number),1,1,,
6100,6100,Dwelling stock estimates,1,1,,Swansea,W06000011,12,WXX000002,31/03/2002,31/03/2002,1017619199000,,Registered Social Landlord (Number),2,3,,
78700,78700,Dwelling stock estimates,1,1,,Swansea,W06000011,12,WXX000002,31/03/2002,31/03/2002,1017619199000,,Owner occupied/Privately rented (Number),3,5,,
100500,100500,Dwelling stock estimates,1,1,,Swansea,W06000011,12,WXX000002,31/03/2002,31/03/2002,1017619199000,,All tenures (Number),6,10,,
16200,16200,Dwelling stock estimates,1,1,,Swansea,W06000011,12,WXX000002,31/03/2001,31/03/2001,986083199000,,Local Authority (Number),1,1,,
6500,6500,Dwelling stock estimates,1,1,,Swansea,W06000011,12,WXX000002,31/03/2001,31/03/2001,986083199000,,Registered Social Landlord (Number),2,3,,
76800,76800,Dwelling stock estimates,1,1,,Swansea,W06000011,12,WXX000002,31/03/2001,31/03/2001,986083199000,,Owner occupied/Privately rented (Number),3,5,,
99500,99500,Dwelling stock estimates,1,1,,Swansea,W06000011,12,WXX000002,31/03/2001,31/03/2001,986083199000,,All tenures (Number),6,10,,
12700,12700,Dwelling stock estimates,1,1,,Neath Port Talbot,W06000012,13,WXX000002,31/03/2024,31/03/2024,1711929599000,,Registered Social Landlord (Number),2,3,,
53900,53900,Dwelling stock estimates,1,1,,Neath Port Talbot,W06000012,13,WXX000002,31/03/2024,31/03/2024,1711929599000,,Owner occupied/Privately rented (Number),3,5,,
45300,45300,Dwelling stock estimates,1,1,,Neath Port Talbot,W06000012,13,WXX000002,31/03/2024,31/03/2024,1711929599000,,Owner occupied (Number),4,6,,Provisional
8600,8600,Dwelling stock estimates,1,1,,Neath Port Talbot,W06000012,13,WXX000002,31/03/2024,31/03/2024,1711929599000,,Privately rented (Number),5,8,,Provisional
66600,66600,Dwelling stock estimates,1,1,,Neath Port Talbot,W06000012,13,WXX000002,31/03/2024,31/03/2024,1711929599000,,All tenures (Number),6,10,,
12700,12700,Dwelling stock estimates,1,1,,Neath Port Talbot,W06000012,13,WXX000002,31/03/2023,31/03/2023,1680307199000,,Registered Social Landlord (Number),2,3,,
53900,53900,Dwelling stock estimates,1,1,,Neath Port Talbot,W06000012,13,WXX000002,31/03/2023,31/03/2023,1680307199000,,Owner occupied/Privately rented (Number),3,5,,
45300,45300,Dwelling stock estimates,1,1,,Neath Port Talbot,W06000012,13,WXX000002,31/03/2023,31/03/2023,1680307199000,,Owner occupied (Number),4,6,,
8600,8600,Dwelling stock estimates,1,1,,Neath Port Talbot,W06000012,13,WXX000002,31/03/2023,31/03/2023,1680307199000,,Privately rented (Number),5,8,,
66500,66500,Dwelling stock estimates,1,1,,Neath Port Talbot,W06000012,13,WXX000002,31/03/2023,31/03/2023,1680307199000,,All tenures (Number),6,10,,
12600,12600,Dwelling stock estimates,1,1,,Neath Port Talbot,W06000012,13,WXX000002,31/03/2022,31/03/2022,1648771199000,,Registered Social Landlord (Number),2,3,,
53900,53900,Dwelling stock estimates,1,1,,Neath Port Talbot,W06000012,13,WXX000002,31/03/2022,31/03/2022,1648771199000,,Owner occupied/Privately rented (Number),3,5,,
45500,45500,Dwelling stock estimates,1,1,,Neath Port Talbot,W06000012,13,WXX000002,31/03/2022,31/03/2022,1648771199000,,Owner occupied (Number),4,6,,
8400,8400,Dwelling stock estimates,1,1,,Neath Port Talbot,W06000012,13,WXX000002,31/03/2022,31/03/2022,1648771199000,,Privately rented (Number),5,8,,
66500,66500,Dwelling stock estimates,1,1,,Neath Port Talbot,W06000012,13,WXX000002,31/03/2022,31/03/2022,1648771199000,,All tenures (Number),6,10,,
12500,12500,Dwelling stock estimates,1,1,,Neath Port Talbot,W06000012,13,WXX000002,31/03/2021,31/03/2021,1617235199000,,Registered Social Landlord (Number),2,3,,
53900,53900,Dwelling stock estimates,1,1,,Neath Port Talbot,W06000012,13,WXX000002,31/03/2021,31/03/2021,1617235199000,,Owner occupied/Privately rented (Number),3,5,,
46400,46400,Dwelling stock estimates,1,1,,Neath Port Talbot,W06000012,13,WXX000002,31/03/2021,31/03/2021,1617235199000,,Owner occupied (Number),4,6,,
7500,7500,Dwelling stock estimates,1,1,,Neath Port Talbot,W06000012,13,WXX000002,31/03/2021,31/03/2021,1617235199000,,Privately rented (Number),5,8,,
66400,66400,Dwelling stock estimates,1,1,,Neath Port Talbot,W06000012,13,WXX000002,31/03/2021,31/03/2021,1617235199000,,All tenures (Number),6,10,,
12500,12500,Dwelling stock estimates,1,1,,Neath Port Talbot,W06000012,13,WXX000002,31/03/2020,31/03/2020,1585699199000,,Registered Social Landlord (Number),2,3,,
53800,53800,Dwelling stock estimates,1,1,,Neath Port Talbot,W06000012,13,WXX000002,31/03/2020,31/03/2020,1585699199000,,Owner occupied/Privately rented (Number),3,5,,
47100,47100,Dwelling stock estimates,1,1,,Neath Port Talbot,W06000012,13,WXX000002,31/03/2020,31/03/2020,1585699199000,,Owner occupied (Number),4,6,,
6700,6700,Dwelling stock estimates,1,1,,Neath Port Talbot,W06000012,13,WXX000002,31/03/2020,31/03/2020,1585699199000,,Privately rented (Number),5,8,,
66300,66300,Dwelling stock estimates,1,1,,Neath Port Talbot,W06000012,13,WXX000002,31/03/2020,31/03/2020,1585699199000,,All tenures (Number),6,10,,
12500,12500,Dwelling stock estimates,1,1,,Neath Port Talbot,W06000012,13,WXX000002,31/03/2019,31/03/2019,1554076799000,,Registered Social Landlord (Number),2,3,,
53600,53600,Dwelling stock estimates,1,1,,Neath Port Talbot,W06000012,13,WXX000002,31/03/2019,31/03/2019,1554076799000,,Owner occupied/Privately rented (Number),3,5,,
46800,46800,Dwelling stock estimates,1,1,,Neath Port Talbot,W06000012,13,WXX000002,31/03/2019,31/03/2019,1554076799000,,Owner occupied (Number),4,6,,
6800,6800,Dwelling stock estimates,1,1,,Neath Port Talbot,W06000012,13,WXX000002,31/03/2019,31/03/2019,1554076799000,,Privately rented (Number),5,8,,
66000,66000,Dwelling stock estimates,1,1,,Neath Port Talbot,W06000012,13,WXX000002,31/03/2019,31/03/2019,1554076799000,,All tenures (Number),6,10,,
12400,12400,Dwelling stock estimates,1,1,,Neath Port Talbot,W06000012,13,WXX000002,31/03/2018,31/03/2018,1522540799000,,Registered Social Landlord (Number),2,3,,
53400,53400,Dwelling stock estimates,1,1,,Neath Port Talbot,W06000012,13,WXX000002,31/03/2018,31/03/2018,1522540799000,,Owner occupied/Privately rented (Number),3,5,,
46400,46400,Dwelling stock estimates,1,1,,Neath Port Talbot,W06000012,13,WXX000002,31/03/2018,31/03/2018,1522540799000,,Owner occupied (Number),4,6,,
7100,7100,Dwelling stock estimates,1,1,,Neath Port Talbot,W06000012,13,WXX000002,31/03/2018,31/03/2018,1522540799000,,Privately rented (Number),5,8,,
65800,65800,Dwelling stock estimates,1,1,,Neath Port Talbot,W06000012,13,WXX000002,31/03/2018,31/03/2018,1522540799000,,All tenures (Number),6,10,,
12300,12300,Dwelling stock estimates,1,1,,Neath Port Talbot,W06000012,13,WXX000002,31/03/2017,31/03/2017,1491004799000,,Registered Social Landlord (Number),2,3,,
53400,53400,Dwelling stock estimates,1,1,,Neath Port Talbot,W06000012,13,WXX000002,31/03/2017,31/03/2017,1491004799000,,Owner occupied/Privately rented (Number),3,5,,
46200,46200,Dwelling stock estimates,1,1,,Neath Port Talbot,W06000012,13,WXX000002,31/03/2017,31/03/2017,1491004799000,,Owner occupied (Number),4,6,,
7200,7200,Dwelling stock estimates,1,1,,Neath Port Talbot,W06000012,13,WXX000002,31/03/2017,31/03/2017,1491004799000,,Privately rented (Number),5,8,,
65700,65700,Dwelling stock estimates,1,1,,Neath Port Talbot,W06000012,13,WXX000002,31/03/2017,31/03/2017,1491004799000,,All tenures (Number),6,10,,
12300,12300,Dwelling stock estimates,1,1,,Neath Port Talbot,W06000012,13,WXX000002,31/03/2016,31/03/2016,1459468799000,,Registered Social Landlord (Number),2,3,,
53200,53200,Dwelling stock estimates,1,1,,Neath Port Talbot,W06000012,13,WXX000002,31/03/2016,31/03/2016,1459468799000,,Owner occupied/Privately rented (Number),3,5,,
45900,45900,Dwelling stock estimates,1,1,,Neath Port Talbot,W06000012,13,WXX000002,31/03/2016,31/03/2016,1459468799000,,Owner occupied (Number),4,6,,
7300,7300,Dwelling stock estimates,1,1,,Neath Port Talbot,W06000012,13,WXX000002,31/03/2016,31/03/2016,1459468799000,,Privately rented (Number),5,8,,
65500,65500,Dwelling stock estimates,1,1,,Neath Port Talbot,W06000012,13,WXX000002,31/03/2016,31/03/2016,1459468799000,,All tenures (Number),6,10,,
12300,12300,Dwelling stock estimates,1,1,,Neath Port Talbot,W06000012,13,WXX000002,31/03/2015,31/03/2015,1427846399000,,Registered Social Landlord (Number),2,3,,
52900,52900,Dwelling stock estimates,1,1,,Neath Port Talbot,W06000012,13,WXX000002,31/03/2015,31/03/2015,1427846399000,,Owner occupied/Privately rented (Number),3,5,,
45200,45200,Dwelling stock estimates,1,1,,Neath Port Talbot,W06000012,13,WXX000002,31/03/2015,31/03/2015,1427846399000,,Owner occupied (Number),4,6,,
7600,7600,Dwelling stock estimates,1,1,,Neath Port Talbot,W06000012,13,WXX000002,31/03/2015,31/03/2015,1427846399000,,Privately rented (Number),5,8,,
65100,65100,Dwelling stock estimates,1,1,,Neath Port Talbot,W06000012,13,WXX000002,31/03/2015,31/03/2015,1427846399000,,All tenures (Number),6,10,,
12300,12300,Dwelling stock estimates,1,1,,Neath Port Talbot,W06000012,13,WXX000002,31/03/2014,31/03/2014,1396310399000,,Registered Social Landlord (Number),2,3,,
52500,52500,Dwelling stock estimates,1,1,,Neath Port Talbot,W06000012,13,WXX000002,31/03/2014,31/03/2014,1396310399000,,Owner occupied/Privately rented (Number),3,5,,
45100,45100,Dwelling stock estimates,1,1,,Neath Port Talbot,W06000012,13,WXX000002,31/03/2014,31/03/2014,1396310399000,,Owner occupied (Number),4,6,,
7400,7400,Dwelling stock estimates,1,1,,Neath Port Talbot,W06000012,13,WXX000002,31/03/2014,31/03/2014,1396310399000,,Privately rented (Number),5,8,,
64800,64800,Dwelling stock estimates,1,1,,Neath Port Talbot,W06000012,13,WXX000002,31/03/2014,31/03/2014,1396310399000,,All tenures (Number),6,10,,
12300,12300,Dwelling stock estimates,1,1,,Neath Port Talbot,W06000012,13,WXX000002,31/03/2013,31/03/2013,1364774399000,,Registered Social Landlord (Number),2,3,,
52200,52200,Dwelling stock estimates,1,1,,Neath Port Talbot,W06000012,13,WXX000002,31/03/2013,31/03/2013,1364774399000,,Owner occupied/Privately rented (Number),3,5,,
45400,45400,Dwelling stock estimates,1,1,,Neath Port Talbot,W06000012,13,WXX000002,31/03/2013,31/03/2013,1364774399000,,Owner occupied (Number),4,6,,
6800,6800,Dwelling stock estimates,1,1,,Neath Port Talbot,W06000012,13,WXX000002,31/03/2013,31/03/2013,1364774399000,,Privately rented (Number),5,8,,
64500,64500,Dwelling stock estimates,1,1,,Neath Port Talbot,W06000012,13,WXX000002,31/03/2013,31/03/2013,1364774399000,,All tenures (Number),6,10,,
12300,12300,Dwelling stock estimates,1,1,,Neath Port Talbot,W06000012,13,WXX000002,31/03/2012,31/03/2012,1333238399000,,Registered Social Landlord (Number),2,3,,
52000,52000,Dwelling stock estimates,1,1,,Neath Port Talbot,W06000012,13,WXX000002,31/03/2012,31/03/2012,1333238399000,,Owner occupied/Privately rented (Number),3,5,,
45400,45400,Dwelling stock estimates,1,1,,Neath Port Talbot,W06000012,13,WXX000002,31/03/2012,31/03/2012,1333238399000,,Owner occupied (Number),4,6,,
6600,6600,Dwelling stock estimates,1,1,,Neath Port Talbot,W06000012,13,WXX000002,31/03/2012,31/03/2012,1333238399000,,Privately rented (Number),5,8,,
64300,64300,Dwelling stock estimates,1,1,,Neath Port Talbot,W06000012,13,WXX000002,31/03/2012,31/03/2012,1333238399000,,All tenures (Number),6,10,,
12300,12300,Dwelling stock estimates,1,1,,Neath Port Talbot,W06000012,13,WXX000002,31/03/2011,31/03/2011,1301615999000,,Registered Social Landlord (Number),2,3,,
51700,51700,Dwelling stock estimates,1,1,,Neath Port Talbot,W06000012,13,WXX000002,31/03/2011,31/03/2011,1301615999000,,Owner occupied/Privately rented (Number),3,5,,
64000,64000,Dwelling stock estimates,1,1,,Neath Port Talbot,W06000012,13,WXX000002,31/03/2011,31/03/2011,1301615999000,,All tenures (Number),6,10,,
9100,9100,Dwelling stock estimates,1,1,,Neath Port Talbot,W06000012,13,WXX000002,31/03/2010,31/03/2010,1270079999000,,Local Authority (Number),1,1,,
3000,3000,Dwelling stock estimates,1,1,,Neath Port Talbot,W06000012,13,WXX000002,31/03/2010,31/03/2010,1270079999000,,Registered Social Landlord (Number),2,3,,
51600,51600,Dwelling stock estimates,1,1,,Neath Port Talbot,W06000012,13,WXX000002,31/03/2010,31/03/2010,1270079999000,,Owner occupied/Privately rented (Number),3,5,,
63700,63700,Dwelling stock estimates,1,1,,Neath Port Talbot,W06000012,13,WXX000002,31/03/2010,31/03/2010,1270079999000,,All tenures (Number),6,10,,
9100,9100,Dwelling stock estimates,1,1,,Neath Port Talbot,W06000012,13,WXX000002,31/03/2009,31/03/2009,1238543999000,,Local Authority (Number),1,1,,
2900,2900,Dwelling stock estimates,1,1,,Neath Port Talbot,W06000012,13,WXX000002,31/03/2009,31/03/2009,1238543999000,,Registered Social Landlord (Number),2,3,,
51300,51300,Dwelling stock estimates,1,1,,Neath Port Talbot,W06000012,13,WXX000002,31/03/2009,31/03/2009,1238543999000,,Owner occupied/Privately rented (Number),3,5,,
63300,63300,Dwelling stock estimates,1,1,,Neath Port Talbot,W06000012,13,WXX000002,31/03/2009,31/03/2009,1238543999000,,All tenures (Number),6,10,,
9300,9300,Dwelling stock estimates,1,1,,Neath Port Talbot,W06000012,13,WXX000002,31/03/2008,31/03/2008,1207007999000,,Local Authority (Number),1,1,,
2800,2800,Dwelling stock estimates,1,1,,Neath Port Talbot,W06000012,13,WXX000002,31/03/2008,31/03/2008,1207007999000,,Registered Social Landlord (Number),2,3,,
51000,51000,Dwelling stock estimates,1,1,,Neath Port Talbot,W06000012,13,WXX000002,31/03/2008,31/03/2008,1207007999000,,Owner occupied/Privately rented (Number),3,5,,
63100,63100,Dwelling stock estimates,1,1,,Neath Port Talbot,W06000012,13,WXX000002,31/03/2008,31/03/2008,1207007999000,,All tenures (Number),6,10,,
9300,9300,Dwelling stock estimates,1,1,,Neath Port Talbot,W06000012,13,WXX000002,31/03/2007,31/03/2007,1175385599000,,Local Authority (Number),1,1,,
2800,2800,Dwelling stock estimates,1,1,,Neath Port Talbot,W06000012,13,WXX000002,31/03/2007,31/03/2007,1175385599000,,Registered Social Landlord (Number),2,3,,
50600,50600,Dwelling stock estimates,1,1,,Neath Port Talbot,W06000012,13,WXX000002,31/03/2007,31/03/2007,1175385599000,,Owner occupied/Privately rented (Number),3,5,,
62700,62700,Dwelling stock estimates,1,1,,Neath Port Talbot,W06000012,13,WXX000002,31/03/2007,31/03/2007,1175385599000,,All tenures (Number),6,10,,
9400,9400,Dwelling stock estimates,1,1,,Neath Port Talbot,W06000012,13,WXX000002,31/03/2006,31/03/2006,1143849599000,,Local Authority (Number),1,1,,
2700,2700,Dwelling stock estimates,1,1,,Neath Port Talbot,W06000012,13,WXX000002,31/03/2006,31/03/2006,1143849599000,,Registered Social Landlord (Number),2,3,,
50200,50200,Dwelling stock estimates,1,1,,Neath Port Talbot,W06000012,13,WXX000002,31/03/2006,31/03/2006,1143849599000,,Owner occupied/Privately rented (Number),3,5,,
62400,62400,Dwelling stock estimates,1,1,,Neath Port Talbot,W06000012,13,WXX000002,31/03/2006,31/03/2006,1143849599000,,All tenures (Number),6,10,,
9500,9500,Dwelling stock estimates,1,1,,Neath Port Talbot,W06000012,13,WXX000002,31/03/2005,31/03/2005,1112313599000,,Local Authority (Number),1,1,,
2700,2700,Dwelling stock estimates,1,1,,Neath Port Talbot,W06000012,13,WXX000002,31/03/2005,31/03/2005,1112313599000,,Registered Social Landlord (Number),2,3,,
49800,49800,Dwelling stock estimates,1,1,,Neath Port Talbot,W06000012,13,WXX000002,31/03/2005,31/03/2005,1112313599000,,Owner occupied/Privately rented (Number),3,5,,
62000,62000,Dwelling stock estimates,1,1,,Neath Port Talbot,W06000012,13,WXX000002,31/03/2005,31/03/2005,1112313599000,,All tenures (Number),6,10,,
9800,9800,Dwelling stock estimates,1,1,,Neath Port Talbot,W06000012,13,WXX000002,31/03/2004,31/03/2004,1080777599000,,Local Authority (Number),1,1,,
2700,2700,Dwelling stock estimates,1,1,,Neath Port Talbot,W06000012,13,WXX000002,31/03/2004,31/03/2004,1080777599000,,Registered Social Landlord (Number),2,3,,
49200,49200,Dwelling stock estimates,1,1,,Neath Port Talbot,W06000012,13,WXX000002,31/03/2004,31/03/2004,1080777599000,,Owner occupied/Privately rented (Number),3,5,,
61700,61700,Dwelling stock estimates,1,1,,Neath Port Talbot,W06000012,13,WXX000002,31/03/2004,31/03/2004,1080777599000,,All tenures (Number),6,10,,
10200,10200,Dwelling stock estimates,1,1,,Neath Port Talbot,W06000012,13,WXX000002,31/03/2003,31/03/2003,1049155199000,,Local Authority (Number),1,1,,
2700,2700,Dwelling stock estimates,1,1,,Neath Port Talbot,W06000012,13,WXX000002,31/03/2003,31/03/2003,1049155199000,,Registered Social Landlord (Number),2,3,,
48400,48400,Dwelling stock estimates,1,1,,Neath Port Talbot,W06000012,13,WXX000002,31/03/2003,31/03/2003,1049155199000,,Owner occupied/Privately rented (Number),3,5,,
61400,61400,Dwelling stock estimates,1,1,,Neath Port Talbot,W06000012,13,WXX000002,31/03/2003,31/03/2003,1049155199000,,All tenures (Number),6,10,,
10600,10600,Dwelling stock estimates,1,1,,Neath Port Talbot,W06000012,13,WXX000002,31/03/2002,31/03/2002,1017619199000,,Local Authority (Number),1,1,,
2700,2700,Dwelling stock estimates,1,1,,Neath Port Talbot,W06000012,13,WXX000002,31/03/2002,31/03/2002,1017619199000,,Registered Social Landlord (Number),2,3,,
47800,47800,Dwelling stock estimates,1,1,,Neath Port Talbot,W06000012,13,WXX000002,31/03/2002,31/03/2002,1017619199000,,Owner occupied/Privately rented (Number),3,5,,
61100,61100,Dwelling stock estimates,1,1,,Neath Port Talbot,W06000012,13,WXX000002,31/03/2002,31/03/2002,1017619199000,,All tenures (Number),6,10,,
10800,10800,Dwelling stock estimates,1,1,,Neath Port Talbot,W06000012,13,WXX000002,31/03/2001,31/03/2001,986083199000,,Local Authority (Number),1,1,,
2500,2500,Dwelling stock estimates,1,1,,Neath Port Talbot,W06000012,13,WXX000002,31/03/2001,31/03/2001,986083199000,,Registered Social Landlord (Number),2,3,,
47200,47200,Dwelling stock estimates,1,1,,Neath Port Talbot,W06000012,13,WXX000002,31/03/2001,31/03/2001,986083199000,,Owner occupied/Privately rented (Number),3,5,,
60500,60500,Dwelling stock estimates,1,1,,Neath Port Talbot,W06000012,13,WXX000002,31/03/2001,31/03/2001,986083199000,,All tenures (Number),6,10,,
9300,9300,Dwelling stock estimates,1,1,,Bridgend,W06000013,14,WXX000003,31/03/2024,31/03/2024,1711929599000,,Registered Social Landlord (Number),2,3,,
56800,56800,Dwelling stock estimates,1,1,,Bridgend,W06000013,14,WXX000003,31/03/2024,31/03/2024,1711929599000,,Owner occupied/Privately rented (Number),3,5,,
48500,48500,Dwelling stock estimates,1,1,,Bridgend,W06000013,14,WXX000003,31/03/2024,31/03/2024,1711929599000,,Owner occupied (Number),4,6,,Provisional
8300,8300,Dwelling stock estimates,1,1,,Bridgend,W06000013,14,WXX000003,31/03/2024,31/03/2024,1711929599000,,Privately rented (Number),5,8,,Provisional
66100,66100,Dwelling stock estimates,1,1,,Bridgend,W06000013,14,WXX000003,31/03/2024,31/03/2024,1711929599000,,All tenures (Number),6,10,,
9200,9200,Dwelling stock estimates,1,1,,Bridgend,W06000013,14,WXX000003,31/03/2023,31/03/2023,1680307199000,,Registered Social Landlord (Number),2,3,,
56800,56800,Dwelling stock estimates,1,1,,Bridgend,W06000013,14,WXX000003,31/03/2023,31/03/2023,1680307199000,,Owner occupied/Privately rented (Number),3,5,,
48500,48500,Dwelling stock estimates,1,1,,Bridgend,W06000013,14,WXX000003,31/03/2023,31/03/2023,1680307199000,,Owner occupied (Number),4,6,,
8300,8300,Dwelling stock estimates,1,1,,Bridgend,W06000013,14,WXX000003,31/03/2023,31/03/2023,1680307199000,,Privately rented (Number),5,8,,
66000,66000,Dwelling stock estimates,1,1,,Bridgend,W06000013,14,WXX000003,31/03/2023,31/03/2023,1680307199000,,All tenures (Number),6,10,,
9100,9100,Dwelling stock estimates,1,1,,Bridgend,W06000013,14,WXX000003,31/03/2022,31/03/2022,1648771199000,,Registered Social Landlord (Number),2,3,,
56600,56600,Dwelling stock estimates,1,1,,Bridgend,W06000013,14,WXX000003,31/03/2022,31/03/2022,1648771199000,,Owner occupied/Privately rented (Number),3,5,,
49200,49200,Dwelling stock estimates,1,1,,Bridgend,W06000013,14,WXX000003,31/03/2022,31/03/2022,1648771199000,,Owner occupied (Number),4,6,,
7500,7500,Dwelling stock estimates,1,1,,Bridgend,W06000013,14,WXX000003,31/03/2022,31/03/2022,1648771199000,,Privately rented (Number),5,8,,
65800,65800,Dwelling stock estimates,1,1,,Bridgend,W06000013,14,WXX000003,31/03/2022,31/03/2022,1648771199000,,All tenures (Number),6,10,,
9100,9100,Dwelling stock estimates,1,1,,Bridgend,W06000013,14,WXX000003,31/03/2021,31/03/2021,1617235199000,,Registered Social Landlord (Number),2,3,,
56500,56500,Dwelling stock estimates,1,1,,Bridgend,W06000013,14,WXX000003,31/03/2021,31/03/2021,1617235199000,,Owner occupied/Privately rented (Number),3,5,,
48800,48800,Dwelling stock estimates,1,1,,Bridgend,W06000013,14,WXX000003,31/03/2021,31/03/2021,1617235199000,,Owner occupied (Number),4,6,,
7600,7600,Dwelling stock estimates,1,1,,Bridgend,W06000013,14,WXX000003,31/03/2021,31/03/2021,1617235199000,,Privately rented (Number),5,8,,
65600,65600,Dwelling stock estimates,1,1,,Bridgend,W06000013,14,WXX000003,31/03/2021,31/03/2021,1617235199000,,All tenures (Number),6,10,,
8900,8900,Dwelling stock estimates,1,1,,Bridgend,W06000013,14,WXX000003,31/03/2020,31/03/2020,1585699199000,,Registered Social Landlord (Number),2,3,,
56300,56300,Dwelling stock estimates,1,1,,Bridgend,W06000013,14,WXX000003,31/03/2020,31/03/2020,1585699199000,,Owner occupied/Privately rented (Number),3,5,,
48400,48400,Dwelling stock estimates,1,1,,Bridgend,W06000013,14,WXX000003,31/03/2020,31/03/2020,1585699199000,,Owner occupied (Number),4,6,,
7900,7900,Dwelling stock estimates,1,1,,Bridgend,W06000013,14,WXX000003,31/03/2020,31/03/2020,1585699199000,,Privately rented (Number),5,8,,
65200,65200,Dwelling stock estimates,1,1,,Bridgend,W06000013,14,WXX000003,31/03/2020,31/03/2020,1585699199000,,All tenures (Number),6,10,,
8800,8800,Dwelling stock estimates,1,1,,Bridgend,W06000013,14,WXX000003,31/03/2019,31/03/2019,1554076799000,,Registered Social Landlord (Number),2,3,,
56000,56000,Dwelling stock estimates,1,1,,Bridgend,W06000013,14,WXX000003,31/03/2019,31/03/2019,1554076799000,,Owner occupied/Privately rented (Number),3,5,,
48100,48100,Dwelling stock estimates,1,1,,Bridgend,W06000013,14,WXX000003,31/03/2019,31/03/2019,1554076799000,,Owner occupied (Number),4,6,,
8000,8000,Dwelling stock estimates,1,1,,Bridgend,W06000013,14,WXX000003,31/03/2019,31/03/2019,1554076799000,,Privately rented (Number),5,8,,
64900,64900,Dwelling stock estimates,1,1,,Bridgend,W06000013,14,WXX000003,31/03/2019,31/03/2019,1554076799000,,All tenures (Number),6,10,,
8800,8800,Dwelling stock estimates,1,1,,Bridgend,W06000013,14,WXX000003,31/03/2018,31/03/2018,1522540799000,,Registered Social Landlord (Number),2,3,,
55700,55700,Dwelling stock estimates,1,1,,Bridgend,W06000013,14,WXX000003,31/03/2018,31/03/2018,1522540799000,,Owner occupied/Privately rented (Number),3,5,,
47500,47500,Dwelling stock estimates,1,1,,Bridgend,W06000013,14,WXX000003,31/03/2018,31/03/2018,1522540799000,,Owner occupied (Number),4,6,,
8200,8200,Dwelling stock estimates,1,1,,Bridgend,W06000013,14,WXX000003,31/03/2018,31/03/2018,1522540799000,,Privately rented (Number),5,8,,
64400,64400,Dwelling stock estimates,1,1,,Bridgend,W06000013,14,WXX000003,31/03/2018,31/03/2018,1522540799000,,All tenures (Number),6,10,,
8700,8700,Dwelling stock estimates,1,1,,Bridgend,W06000013,14,WXX000003,31/03/2017,31/03/2017,1491004799000,,Registered Social Landlord (Number),2,3,,
55400,55400,Dwelling stock estimates,1,1,,Bridgend,W06000013,14,WXX000003,31/03/2017,31/03/2017,1491004799000,,Owner occupied/Privately rented (Number),3,5,,
46900,46900,Dwelling stock estimates,1,1,,Bridgend,W06000013,14,WXX000003,31/03/2017,31/03/2017,1491004799000,,Owner occupied (Number),4,6,,
8500,8500,Dwelling stock estimates,1,1,,Bridgend,W06000013,14,WXX000003,31/03/2017,31/03/2017,1491004799000,,Privately rented (Number),5,8,,
64000,64000,Dwelling stock estimates,1,1,,Bridgend,W06000013,14,WXX000003,31/03/2017,31/03/2017,1491004799000,,All tenures (Number),6,10,,
8600,8600,Dwelling stock estimates,1,1,,Bridgend,W06000013,14,WXX000003,31/03/2016,31/03/2016,1459468799000,,Registered Social Landlord (Number),2,3,,
55100,55100,Dwelling stock estimates,1,1,,Bridgend,W06000013,14,WXX000003,31/03/2016,31/03/2016,1459468799000,,Owner occupied/Privately rented (Number),3,5,,
46100,46100,Dwelling stock estimates,1,1,,Bridgend,W06000013,14,WXX000003,31/03/2016,31/03/2016,1459468799000,,Owner occupied (Number),4,6,,
9000,9000,Dwelling stock estimates,1,1,,Bridgend,W06000013,14,WXX000003,31/03/2016,31/03/2016,1459468799000,,Privately rented (Number),5,8,,
63700,63700,Dwelling stock estimates,1,1,,Bridgend,W06000013,14,WXX000003,31/03/2016,31/03/2016,1459468799000,,All tenures (Number),6,10,,
8600,8600,Dwelling stock estimates,1,1,,Bridgend,W06000013,14,WXX000003,31/03/2015,31/03/2015,1427846399000,,Registered Social Landlord (Number),2,3,,
54500,54500,Dwelling stock estimates,1,1,,Bridgend,W06000013,14,WXX000003,31/03/2015,31/03/2015,1427846399000,,Owner occupied/Privately rented (Number),3,5,,
44900,44900,Dwelling stock estimates,1,1,,Bridgend,W06000013,14,WXX000003,31/03/2015,31/03/2015,1427846399000,,Owner occupied (Number),4,6,,
9600,9600,Dwelling stock estimates,1,1,,Bridgend,W06000013,14,WXX000003,31/03/2015,31/03/2015,1427846399000,,Privately rented (Number),5,8,,
63100,63100,Dwelling stock estimates,1,1,,Bridgend,W06000013,14,WXX000003,31/03/2015,31/03/2015,1427846399000,,All tenures (Number),6,10,,
8600,8600,Dwelling stock estimates,1,1,,Bridgend,W06000013,14,WXX000003,31/03/2014,31/03/2014,1396310399000,,Registered Social Landlord (Number),2,3,,
54000,54000,Dwelling stock estimates,1,1,,Bridgend,W06000013,14,WXX000003,31/03/2014,31/03/2014,1396310399000,,Owner occupied/Privately rented (Number),3,5,,
44200,44200,Dwelling stock estimates,1,1,,Bridgend,W06000013,14,WXX000003,31/03/2014,31/03/2014,1396310399000,,Owner occupied (Number),4,6,,
9800,9800,Dwelling stock estimates,1,1,,Bridgend,W06000013,14,WXX000003,31/03/2014,31/03/2014,1396310399000,,Privately rented (Number),5,8,,
62600,62600,Dwelling stock estimates,1,1,,Bridgend,W06000013,14,WXX000003,31/03/2014,31/03/2014,1396310399000,,All tenures (Number),6,10,,
8500,8500,Dwelling stock estimates,1,1,,Bridgend,W06000013,14,WXX000003,31/03/2013,31/03/2013,1364774399000,,Registered Social Landlord (Number),2,3,,
53600,53600,Dwelling stock estimates,1,1,,Bridgend,W06000013,14,WXX000003,31/03/2013,31/03/2013,1364774399000,,Owner occupied/Privately rented (Number),3,5,,
44700,44700,Dwelling stock estimates,1,1,,Bridgend,W06000013,14,WXX000003,31/03/2013,31/03/2013,1364774399000,,Owner occupied (Number),4,6,,
9000,9000,Dwelling stock estimates,1,1,,Bridgend,W06000013,14,WXX000003,31/03/2013,31/03/2013,1364774399000,,Privately rented (Number),5,8,,
62100,62100,Dwelling stock estimates,1,1,,Bridgend,W06000013,14,WXX000003,31/03/2013,31/03/2013,1364774399000,,All tenures (Number),6,10,,
8500,8500,Dwelling stock estimates,1,1,,Bridgend,W06000013,14,WXX000003,31/03/2012,31/03/2012,1333238399000,,Registered Social Landlord (Number),2,3,,
53300,53300,Dwelling stock estimates,1,1,,Bridgend,W06000013,14,WXX000003,31/03/2012,31/03/2012,1333238399000,,Owner occupied/Privately rented (Number),3,5,,
45000,45000,Dwelling stock estimates,1,1,,Bridgend,W06000013,14,WXX000003,31/03/2012,31/03/2012,1333238399000,,Owner occupied (Number),4,6,,
8300,8300,Dwelling stock estimates,1,1,,Bridgend,W06000013,14,WXX000003,31/03/2012,31/03/2012,1333238399000,,Privately rented (Number),5,8,,
61800,61800,Dwelling stock estimates,1,1,,Bridgend,W06000013,14,WXX000003,31/03/2012,31/03/2012,1333238399000,,All tenures (Number),6,10,,
8500,8500,Dwelling stock estimates,1,1,,Bridgend,W06000013,14,WXX000003,31/03/2011,31/03/2011,1301615999000,,Registered Social Landlord (Number),2,3,,
52900,52900,Dwelling stock estimates,1,1,,Bridgend,W06000013,14,WXX000003,31/03/2011,31/03/2011,1301615999000,,Owner occupied/Privately rented (Number),3,5,,
61400,61400,Dwelling stock estimates,1,1,,Bridgend,W06000013,14,WXX000003,31/03/2011,31/03/2011,1301615999000,,All tenures (Number),6,10,,
8400,8400,Dwelling stock estimates,1,1,,Bridgend,W06000013,14,WXX000003,31/03/2010,31/03/2010,1270079999000,,Registered Social Landlord (Number),2,3,,
52500,52500,Dwelling stock estimates,1,1,,Bridgend,W06000013,14,WXX000003,31/03/2010,31/03/2010,1270079999000,,Owner occupied/Privately rented (Number),3,5,,
61000,61000,Dwelling stock estimates,1,1,,Bridgend,W06000013,14,WXX000003,31/03/2010,31/03/2010,1270079999000,,All tenures (Number),6,10,,
8400,8400,Dwelling stock estimates,1,1,,Bridgend,W06000013,14,WXX000003,31/03/2009,31/03/2009,1238543999000,,Registered Social Landlord (Number),2,3,,
52000,52000,Dwelling stock estimates,1,1,,Bridgend,W06000013,14,WXX000003,31/03/2009,31/03/2009,1238543999000,,Owner occupied/Privately rented (Number),3,5,,
60400,60400,Dwelling stock estimates,1,1,,Bridgend,W06000013,14,WXX000003,31/03/2009,31/03/2009,1238543999000,,All tenures (Number),6,10,,
8300,8300,Dwelling stock estimates,1,1,,Bridgend,W06000013,14,WXX000003,31/03/2008,31/03/2008,1207007999000,,Registered Social Landlord (Number),2,3,,
51600,51600,Dwelling stock estimates,1,1,,Bridgend,W06000013,14,WXX000003,31/03/2008,31/03/2008,1207007999000,,Owner occupied/Privately rented (Number),3,5,,
59900,59900,Dwelling stock estimates,1,1,,Bridgend,W06000013,14,WXX000003,31/03/2008,31/03/2008,1207007999000,,All tenures (Number),6,10,,
8200,8200,Dwelling stock estimates,1,1,,Bridgend,W06000013,14,WXX000003,31/03/2007,31/03/2007,1175385599000,,Registered Social Landlord (Number),2,3,,
51000,51000,Dwelling stock estimates,1,1,,Bridgend,W06000013,14,WXX000003,31/03/2007,31/03/2007,1175385599000,,Owner occupied/Privately rented (Number),3,5,,
59300,59300,Dwelling stock estimates,1,1,,Bridgend,W06000013,14,WXX000003,31/03/2007,31/03/2007,1175385599000,,All tenures (Number),6,10,,
8200,8200,Dwelling stock estimates,1,1,,Bridgend,W06000013,14,WXX000003,31/03/2006,31/03/2006,1143849599000,,Registered Social Landlord (Number),2,3,,
50300,50300,Dwelling stock estimates,1,1,,Bridgend,W06000013,14,WXX000003,31/03/2006,31/03/2006,1143849599000,,Owner occupied/Privately rented (Number),3,5,,
58500,58500,Dwelling stock estimates,1,1,,Bridgend,W06000013,14,WXX000003,31/03/2006,31/03/2006,1143849599000,,All tenures (Number),6,10,,
8400,8400,Dwelling stock estimates,1,1,,Bridgend,W06000013,14,WXX000003,31/03/2005,31/03/2005,1112313599000,,Registered Social Landlord (Number),2,3,,
49500,49500,Dwelling stock estimates,1,1,,Bridgend,W06000013,14,WXX000003,31/03/2005,31/03/2005,1112313599000,,Owner occupied/Privately rented (Number),3,5,,
57900,57900,Dwelling stock estimates,1,1,,Bridgend,W06000013,14,WXX000003,31/03/2005,31/03/2005,1112313599000,,All tenures (Number),6,10,,
8400,8400,Dwelling stock estimates,1,1,,Bridgend,W06000013,14,WXX000003,31/03/2004,31/03/2004,1080777599000,,Registered Social Landlord (Number),2,3,,
48700,48700,Dwelling stock estimates,1,1,,Bridgend,W06000013,14,WXX000003,31/03/2004,31/03/2004,1080777599000,,Owner occupied/Privately rented (Number),3,5,,
57200,57200,Dwelling stock estimates,1,1,,Bridgend,W06000013,14,WXX000003,31/03/2004,31/03/2004,1080777599000,,All tenures (Number),6,10,,
6600,6600,Dwelling stock estimates,1,1,,Bridgend,W06000013,14,WXX000003,31/03/2003,31/03/2003,1049155199000,,Local Authority (Number),1,1,,
2300,2300,Dwelling stock estimates,1,1,,Bridgend,W06000013,14,WXX000003,31/03/2003,31/03/2003,1049155199000,,Registered Social Landlord (Number),2,3,,
47600,47600,Dwelling stock estimates,1,1,,Bridgend,W06000013,14,WXX000003,31/03/2003,31/03/2003,1049155199000,,Owner occupied/Privately rented (Number),3,5,,
56500,56500,Dwelling stock estimates,1,1,,Bridgend,W06000013,14,WXX000003,31/03/2003,31/03/2003,1049155199000,,All tenures (Number),6,10,,
7100,7100,Dwelling stock estimates,1,1,,Bridgend,W06000013,14,WXX000003,31/03/2002,31/03/2002,1017619199000,,Local Authority (Number),1,1,,
2200,2200,Dwelling stock estimates,1,1,,Bridgend,W06000013,14,WXX000003,31/03/2002,31/03/2002,1017619199000,,Registered Social Landlord (Number),2,3,,
46700,46700,Dwelling stock estimates,1,1,,Bridgend,W06000013,14,WXX000003,31/03/2002,31/03/2002,1017619199000,,Owner occupied/Privately rented (Number),3,5,,
56100,56100,Dwelling stock estimates,1,1,,Bridgend,W06000013,14,WXX000003,31/03/2002,31/03/2002,1017619199000,,All tenures (Number),6,10,,
7300,7300,Dwelling stock estimates,1,1,,Bridgend,W06000013,14,WXX000003,31/03/2001,31/03/2001,986083199000,,Local Authority (Number),1,1,,
2000,2000,Dwelling stock estimates,1,1,,Bridgend,W06000013,14,WXX000003,31/03/2001,31/03/2001,986083199000,,Registered Social Landlord (Number),2,3,,
46000,46000,Dwelling stock estimates,1,1,,Bridgend,W06000013,14,WXX000003,31/03/2001,31/03/2001,986083199000,,Owner occupied/Privately rented (Number),3,5,,
55300,55300,Dwelling stock estimates,1,1,,Bridgend,W06000013,14,WXX000003,31/03/2001,31/03/2001,986083199000,,All tenures (Number),6,10,,
4000,4000,Dwelling stock estimates,1,1,,Vale of Glamorgan,W06000014,15,WXX000003,31/03/2024,31/03/2024,1711929599000,,Local Authority (Number),1,1,,
3900,3900,Dwelling stock estimates,1,1,,Vale of Glamorgan,W06000014,15,WXX000003,31/03/2024,31/03/2024,1711929599000,,Registered Social Landlord (Number),2,3,,
53900,53900,Dwelling stock estimates,1,1,,Vale of Glamorgan,W06000014,15,WXX000003,31/03/2024,31/03/2024,1711929599000,,Owner occupied/Privately rented (Number),3,5,,
45900,45900,Dwelling stock estimates,1,1,,Vale of Glamorgan,W06000014,15,WXX000003,31/03/2024,31/03/2024,1711929599000,,Owner occupied (Number),4,6,,Provisional
8000,8000,Dwelling stock estimates,1,1,,Vale of Glamorgan,W06000014,15,WXX000003,31/03/2024,31/03/2024,1711929599000,,Privately rented (Number),5,8,,Provisional
61900,61900,Dwelling stock estimates,1,1,,Vale of Glamorgan,W06000014,15,WXX000003,31/03/2024,31/03/2024,1711929599000,,All tenures (Number),6,10,,
3900,3900,Dwelling stock estimates,1,1,,Vale of Glamorgan,W06000014,15,WXX000003,31/03/2023,31/03/2023,1680307199000,,Local Authority (Number),1,1,,
3800,3800,Dwelling stock estimates,1,1,,Vale of Glamorgan,W06000014,15,WXX000003,31/03/2023,31/03/2023,1680307199000,,Registered Social Landlord (Number),2,3,,
53800,53800,Dwelling stock estimates,1,1,,Vale of Glamorgan,W06000014,15,WXX000003,31/03/2023,31/03/2023,1680307199000,,Owner occupied/Privately rented (Number),3,5,,
45800,45800,Dwelling stock estimates,1,1,,Vale of Glamorgan,W06000014,15,WXX000003,31/03/2023,31/03/2023,1680307199000,,Owner occupied (Number),4,6,,
8000,8000,Dwelling stock estimates,1,1,,Vale of Glamorgan,W06000014,15,WXX000003,31/03/2023,31/03/2023,1680307199000,,Privately rented (Number),5,8,,
61500,61500,Dwelling stock estimates,1,1,,Vale of Glamorgan,W06000014,15,WXX000003,31/03/2023,31/03/2023,1680307199000,,All tenures (Number),6,10,,
3900,3900,Dwelling stock estimates,1,1,,Vale of Glamorgan,W06000014,15,WXX000003,31/03/2022,31/03/2022,1648771199000,,Local Authority (Number),1,1,,
3700,3700,Dwelling stock estimates,1,1,,Vale of Glamorgan,W06000014,15,WXX000003,31/03/2022,31/03/2022,1648771199000,,Registered Social Landlord (Number),2,3,,
53500,53500,Dwelling stock estimates,1,1,,Vale of Glamorgan,W06000014,15,WXX000003,31/03/2022,31/03/2022,1648771199000,,Owner occupied/Privately rented (Number),3,5,,
45400,45400,Dwelling stock estimates,1,1,,Vale of Glamorgan,W06000014,15,WXX000003,31/03/2022,31/03/2022,1648771199000,,Owner occupied (Number),4,6,,
8000,8000,Dwelling stock estimates,1,1,,Vale of Glamorgan,W06000014,15,WXX000003,31/03/2022,31/03/2022,1648771199000,,Privately rented (Number),5,8,,
61100,61100,Dwelling stock estimates,1,1,,Vale of Glamorgan,W06000014,15,WXX000003,31/03/2022,31/03/2022,1648771199000,,All tenures (Number),6,10,,
3900,3900,Dwelling stock estimates,1,1,,Vale of Glamorgan,W06000014,15,WXX000003,31/03/2021,31/03/2021,1617235199000,,Local Authority (Number),1,1,,
3600,3600,Dwelling stock estimates,1,1,,Vale of Glamorgan,W06000014,15,WXX000003,31/03/2021,31/03/2021,1617235199000,,Registered Social Landlord (Number),2,3,,
53200,53200,Dwelling stock estimates,1,1,,Vale of Glamorgan,W06000014,15,WXX000003,31/03/2021,31/03/2021,1617235199000,,Owner occupied/Privately rented (Number),3,5,,
45000,45000,Dwelling stock estimates,1,1,,Vale of Glamorgan,W06000014,15,WXX000003,31/03/2021,31/03/2021,1617235199000,,Owner occupied (Number),4,6,,
8100,8100,Dwelling stock estimates,1,1,,Vale of Glamorgan,W06000014,15,WXX000003,31/03/2021,31/03/2021,1617235199000,,Privately rented (Number),5,8,,
60600,60600,Dwelling stock estimates,1,1,,Vale of Glamorgan,W06000014,15,WXX000003,31/03/2021,31/03/2021,1617235199000,,All tenures (Number),6,10,,
3900,3900,Dwelling stock estimates,1,1,,Vale of Glamorgan,W06000014,15,WXX000003,31/03/2020,31/03/2020,1585699199000,,Local Authority (Number),1,1,,
3300,3300,Dwelling stock estimates,1,1,,Vale of Glamorgan,W06000014,15,WXX000003,31/03/2020,31/03/2020,1585699199000,,Registered Social Landlord (Number),2,3,,
53100,53100,Dwelling stock estimates,1,1,,Vale of Glamorgan,W06000014,15,WXX000003,31/03/2020,31/03/2020,1585699199000,,Owner occupied/Privately rented (Number),3,5,,
45300,45300,Dwelling stock estimates,1,1,,Vale of Glamorgan,W06000014,15,WXX000003,31/03/2020,31/03/2020,1585699199000,,Owner occupied (Number),4,6,,
7800,7800,Dwelling stock estimates,1,1,,Vale of Glamorgan,W06000014,15,WXX000003,31/03/2020,31/03/2020,1585699199000,,Privately rented (Number),5,8,,
60300,60300,Dwelling stock estimates,1,1,,Vale of Glamorgan,W06000014,15,WXX000003,31/03/2020,31/03/2020,1585699199000,,All tenures (Number),6,10,,
3900,3900,Dwelling stock estimates,1,1,,Vale of Glamorgan,W06000014,15,WXX000003,31/03/2019,31/03/2019,1554076799000,,Local Authority (Number),1,1,,
3100,3100,Dwelling stock estimates,1,1,,Vale of Glamorgan,W06000014,15,WXX000003,31/03/2019,31/03/2019,1554076799000,,Registered Social Landlord (Number),2,3,,
52300,52300,Dwelling stock estimates,1,1,,Vale of Glamorgan,W06000014,15,WXX000003,31/03/2019,31/03/2019,1554076799000,,Owner occupied/Privately rented (Number),3,5,,
44700,44700,Dwelling stock estimates,1,1,,Vale of Glamorgan,W06000014,15,WXX000003,31/03/2019,31/03/2019,1554076799000,,Owner occupied (Number),4,6,,
7600,7600,Dwelling stock estimates,1,1,,Vale of Glamorgan,W06000014,15,WXX000003,31/03/2019,31/03/2019,1554076799000,,Privately rented (Number),5,8,,
59300,59300,Dwelling stock estimates,1,1,,Vale of Glamorgan,W06000014,15,WXX000003,31/03/2019,31/03/2019,1554076799000,,All tenures (Number),6,10,,
3900,3900,Dwelling stock estimates,1,1,,Vale of Glamorgan,W06000014,15,WXX000003,31/03/2018,31/03/2018,1522540799000,,Local Authority (Number),1,1,,
3100,3100,Dwelling stock estimates,1,1,,Vale of Glamorgan,W06000014,15,WXX000003,31/03/2018,31/03/2018,1522540799000,,Registered Social Landlord (Number),2,3,,
51900,51900,Dwelling stock estimates,1,1,,Vale of Glamorgan,W06000014,15,WXX000003,31/03/2018,31/03/2018,1522540799000,,Owner occupied/Privately rented (Number),3,5,,
44700,44700,Dwelling stock estimates,1,1,,Vale of Glamorgan,W06000014,15,WXX000003,31/03/2018,31/03/2018,1522540799000,,Owner occupied (Number),4,6,,
7200,7200,Dwelling stock estimates,1,1,,Vale of Glamorgan,W06000014,15,WXX000003,31/03/2018,31/03/2018,1522540799000,,Privately rented (Number),5,8,,
58800,58800,Dwelling stock estimates,1,1,,Vale of Glamorgan,W06000014,15,WXX000003,31/03/2018,31/03/2018,1522540799000,,All tenures (Number),6,10,,
3900,3900,Dwelling stock estimates,1,1,,Vale of Glamorgan,W06000014,15,WXX000003,31/03/2017,31/03/2017,1491004799000,,Local Authority (Number),1,1,,
2900,2900,Dwelling stock estimates,1,1,,Vale of Glamorgan,W06000014,15,WXX000003,31/03/2017,31/03/2017,1491004799000,,Registered Social Landlord (Number),2,3,,
51200,51200,Dwelling stock estimates,1,1,,Vale of Glamorgan,W06000014,15,WXX000003,31/03/2017,31/03/2017,1491004799000,,Owner occupied/Privately rented (Number),3,5,,
44500,44500,Dwelling stock estimates,1,1,,Vale of Glamorgan,W06000014,15,WXX000003,31/03/2017,31/03/2017,1491004799000,,Owner occupied (Number),4,6,,
6700,6700,Dwelling stock estimates,1,1,,Vale of Glamorgan,W06000014,15,WXX000003,31/03/2017,31/03/2017,1491004799000,,Privately rented (Number),5,8,,
58000,58000,Dwelling stock estimates,1,1,,Vale of Glamorgan,W06000014,15,WXX000003,31/03/2017,31/03/2017,1491004799000,,All tenures (Number),6,10,,
3900,3900,Dwelling stock estimates,1,1,,Vale of Glamorgan,W06000014,15,WXX000003,31/03/2016,31/03/2016,1459468799000,,Local Authority (Number),1,1,,
2700,2700,Dwelling stock estimates,1,1,,Vale of Glamorgan,W06000014,15,WXX000003,31/03/2016,31/03/2016,1459468799000,,Registered Social Landlord (Number),2,3,,
50500,50500,Dwelling stock estimates,1,1,,Vale of Glamorgan,W06000014,15,WXX000003,31/03/2016,31/03/2016,1459468799000,,Owner occupied/Privately rented (Number),3,5,,
43300,43300,Dwelling stock estimates,1,1,,Vale of Glamorgan,W06000014,15,WXX000003,31/03/2016,31/03/2016,1459468799000,,Owner occupied (Number),4,6,,
7200,7200,Dwelling stock estimates,1,1,,Vale of Glamorgan,W06000014,15,WXX000003,31/03/2016,31/03/2016,1459468799000,,Privately rented (Number),5,8,,
57100,57100,Dwelling stock estimates,1,1,,Vale of Glamorgan,W06000014,15,WXX000003,31/03/2016,31/03/2016,1459468799000,,All tenures (Number),6,10,,
3900,3900,Dwelling stock estimates,1,1,,Vale of Glamorgan,W06000014,15,WXX000003,31/03/2015,31/03/2015,1427846399000,,Local Authority (Number),1,1,,
2600,2600,Dwelling stock estimates,1,1,,Vale of Glamorgan,W06000014,15,WXX000003,31/03/2015,31/03/2015,1427846399000,,Registered Social Landlord (Number),2,3,,
49900,49900,Dwelling stock estimates,1,1,,Vale of Glamorgan,W06000014,15,WXX000003,31/03/2015,31/03/2015,1427846399000,,Owner occupied/Privately rented (Number),3,5,,
41900,41900,Dwelling stock estimates,1,1,,Vale of Glamorgan,W06000014,15,WXX000003,31/03/2015,31/03/2015,1427846399000,,Owner occupied (Number),4,6,,
8000,8000,Dwelling stock estimates,1,1,,Vale of Glamorgan,W06000014,15,WXX000003,31/03/2015,31/03/2015,1427846399000,,Privately rented (Number),5,8,,
56400,56400,Dwelling stock estimates,1,1,,Vale of Glamorgan,W06000014,15,WXX000003,31/03/2015,31/03/2015,1427846399000,,All tenures (Number),6,10,,
3900,3900,Dwelling stock estimates,1,1,,Vale of Glamorgan,W06000014,15,WXX000003,31/03/2014,31/03/2014,1396310399000,,Local Authority (Number),1,1,,
2400,2400,Dwelling stock estimates,1,1,,Vale of Glamorgan,W06000014,15,WXX000003,31/03/2014,31/03/2014,1396310399000,,Registered Social Landlord (Number),2,3,,
49700,49700,Dwelling stock estimates,1,1,,Vale of Glamorgan,W06000014,15,WXX000003,31/03/2014,31/03/2014,1396310399000,,Owner occupied/Privately rented (Number),3,5,,
41500,41500,Dwelling stock estimates,1,1,,Vale of Glamorgan,W06000014,15,WXX000003,31/03/2014,31/03/2014,1396310399000,,Owner occupied (Number),4,6,,
8200,8200,Dwelling stock estimates,1,1,,Vale of Glamorgan,W06000014,15,WXX000003,31/03/2014,31/03/2014,1396310399000,,Privately rented (Number),5,8,,
56000,56000,Dwelling stock estimates,1,1,,Vale of Glamorgan,W06000014,15,WXX000003,31/03/2014,31/03/2014,1396310399000,,All tenures (Number),6,10,,
3900,3900,Dwelling stock estimates,1,1,,Vale of Glamorgan,W06000014,15,WXX000003,31/03/2013,31/03/2013,1364774399000,,Local Authority (Number),1,1,,
2400,2400,Dwelling stock estimates,1,1,,Vale of Glamorgan,W06000014,15,WXX000003,31/03/2013,31/03/2013,1364774399000,,Registered Social Landlord (Number),2,3,,
49500,49500,Dwelling stock estimates,1,1,,Vale of Glamorgan,W06000014,15,WXX000003,31/03/2013,31/03/2013,1364774399000,,Owner occupied/Privately rented (Number),3,5,,
41700,41700,Dwelling stock estimates,1,1,,Vale of Glamorgan,W06000014,15,WXX000003,31/03/2013,31/03/2013,1364774399000,,Owner occupied (Number),4,6,,
7800,7800,Dwelling stock estimates,1,1,,Vale of Glamorgan,W06000014,15,WXX000003,31/03/2013,31/03/2013,1364774399000,,Privately rented (Number),5,8,,
55800,55800,Dwelling stock estimates,1,1,,Vale of Glamorgan,W06000014,15,WXX000003,31/03/2013,31/03/2013,1364774399000,,All tenures (Number),6,10,,
3900,3900,Dwelling stock estimates,1,1,,Vale of Glamorgan,W06000014,15,WXX000003,31/03/2012,31/03/2012,1333238399000,,Local Authority (Number),1,1,,
2400,2400,Dwelling stock estimates,1,1,,Vale of Glamorgan,W06000014,15,WXX000003,31/03/2012,31/03/2012,1333238399000,,Registered Social Landlord (Number),2,3,,
49300,49300,Dwelling stock estimates,1,1,,Vale of Glamorgan,W06000014,15,WXX000003,31/03/2012,31/03/2012,1333238399000,,Owner occupied/Privately rented (Number),3,5,,
41700,41700,Dwelling stock estimates,1,1,,Vale of Glamorgan,W06000014,15,WXX000003,31/03/2012,31/03/2012,1333238399000,,Owner occupied (Number),4,6,,
7600,7600,Dwelling stock estimates,1,1,,Vale of Glamorgan,W06000014,15,WXX000003,31/03/2012,31/03/2012,1333238399000,,Privately rented (Number),5,8,,
55600,55600,Dwelling stock estimates,1,1,,Vale of Glamorgan,W06000014,15,WXX000003,31/03/2012,31/03/2012,1333238399000,,All tenures (Number),6,10,,
4200,4200,Dwelling stock estimates,1,1,,Vale of Glamorgan,W06000014,15,WXX000003,31/03/2011,31/03/2011,1301615999000,,Local Authority (Number),1,1,,
2300,2300,Dwelling stock estimates,1,1,,Vale of Glamorgan,W06000014,15,WXX000003,31/03/2011,31/03/2011,1301615999000,,Registered Social Landlord (Number),2,3,,
49100,49100,Dwelling stock estimates,1,1,,Vale of Glamorgan,W06000014,15,WXX000003,31/03/2011,31/03/2011,1301615999000,,Owner occupied/Privately rented (Number),3,5,,
55600,55600,Dwelling stock estimates,1,1,,Vale of Glamorgan,W06000014,15,WXX000003,31/03/2011,31/03/2011,1301615999000,,All tenures (Number),6,10,,
3900,3900,Dwelling stock estimates,1,1,,Vale of Glamorgan,W06000014,15,WXX000003,31/03/2010,31/03/2010,1270079999000,,Local Authority (Number),1,1,,
2200,2200,Dwelling stock estimates,1,1,,Vale of Glamorgan,W06000014,15,WXX000003,31/03/2010,31/03/2010,1270079999000,,Registered Social Landlord (Number),2,3,,
49200,49200,Dwelling stock estimates,1,1,,Vale of Glamorgan,W06000014,15,WXX000003,31/03/2010,31/03/2010,1270079999000,,Owner occupied/Privately rented (Number),3,5,,
55400,55400,Dwelling stock estimates,1,1,,Vale of Glamorgan,W06000014,15,WXX000003,31/03/2010,31/03/2010,1270079999000,,All tenures (Number),6,10,,
3900,3900,Dwelling stock estimates,1,1,,Vale of Glamorgan,W06000014,15,WXX000003,31/03/2009,31/03/2009,1238543999000,,Local Authority (Number),1,1,,
2200,2200,Dwelling stock estimates,1,1,,Vale of Glamorgan,W06000014,15,WXX000003,31/03/2009,31/03/2009,1238543999000,,Registered Social Landlord (Number),2,3,,
49000,49000,Dwelling stock estimates,1,1,,Vale of Glamorgan,W06000014,15,WXX000003,31/03/2009,31/03/2009,1238543999000,,Owner occupied/Privately rented (Number),3,5,,
55100,55100,Dwelling stock estimates,1,1,,Vale of Glamorgan,W06000014,15,WXX000003,31/03/2009,31/03/2009,1238543999000,,All tenures (Number),6,10,,
3900,3900,Dwelling stock estimates,1,1,,Vale of Glamorgan,W06000014,15,WXX000003,31/03/2008,31/03/2008,1207007999000,,Local Authority (Number),1,1,,
2200,2200,Dwelling stock estimates,1,1,,Vale of Glamorgan,W06000014,15,WXX000003,31/03/2008,31/03/2008,1207007999000,,Registered Social Landlord (Number),2,3,,
48700,48700,Dwelling stock estimates,1,1,,Vale of Glamorgan,W06000014,15,WXX000003,31/03/2008,31/03/2008,1207007999000,,Owner occupied/Privately rented (Number),3,5,,
54800,54800,Dwelling stock estimates,1,1,,Vale of Glamorgan,W06000014,15,WXX000003,31/03/2008,31/03/2008,1207007999000,,All tenures (Number),6,10,,
4000,4000,Dwelling stock estimates,1,1,,Vale of Glamorgan,W06000014,15,WXX000003,31/03/2007,31/03/2007,1175385599000,,Local Authority (Number),1,1,,
2200,2200,Dwelling stock estimates,1,1,,Vale of Glamorgan,W06000014,15,WXX000003,31/03/2007,31/03/2007,1175385599000,,Registered Social Landlord (Number),2,3,,
48400,48400,Dwelling stock estimates,1,1,,Vale of Glamorgan,W06000014,15,WXX000003,31/03/2007,31/03/2007,1175385599000,,Owner occupied/Privately rented (Number),3,5,,
54500,54500,Dwelling stock estimates,1,1,,Vale of Glamorgan,W06000014,15,WXX000003,31/03/2007,31/03/2007,1175385599000,,All tenures (Number),6,10,,
4000,4000,Dwelling stock estimates,1,1,,Vale of Glamorgan,W06000014,15,WXX000003,31/03/2006,31/03/2006,1143849599000,,Local Authority (Number),1,1,,
2100,2100,Dwelling stock estimates,1,1,,Vale of Glamorgan,W06000014,15,WXX000003,31/03/2006,31/03/2006,1143849599000,,Registered Social Landlord (Number),2,3,,
48100,48100,Dwelling stock estimates,1,1,,Vale of Glamorgan,W06000014,15,WXX000003,31/03/2006,31/03/2006,1143849599000,,Owner occupied/Privately rented (Number),3,5,,
54100,54100,Dwelling stock estimates,1,1,,Vale of Glamorgan,W06000014,15,WXX000003,31/03/2006,31/03/2006,1143849599000,,All tenures (Number),6,10,,
4000,4000,Dwelling stock estimates,1,1,,Vale of Glamorgan,W06000014,15,WXX000003,31/03/2005,31/03/2005,1112313599000,,Local Authority (Number),1,1,,
2100,2100,Dwelling stock estimates,1,1,,Vale of Glamorgan,W06000014,15,WXX000003,31/03/2005,31/03/2005,1112313599000,,Registered Social Landlord (Number),2,3,,
47500,47500,Dwelling stock estimates,1,1,,Vale of Glamorgan,W06000014,15,WXX000003,31/03/2005,31/03/2005,1112313599000,,Owner occupied/Privately rented (Number),3,5,,
53600,53600,Dwelling stock estimates,1,1,,Vale of Glamorgan,W06000014,15,WXX000003,31/03/2005,31/03/2005,1112313599000,,All tenures (Number),6,10,,
3900,3900,Dwelling stock estimates,1,1,,Vale of Glamorgan,W06000014,15,WXX000003,31/03/2004,31/03/2004,1080777599000,,Local Authority (Number),1,1,,
2000,2000,Dwelling stock estimates,1,1,,Vale of Glamorgan,W06000014,15,WXX000003,31/03/2004,31/03/2004,1080777599000,,Registered Social Landlord (Number),2,3,,
47100,47100,Dwelling stock estimates,1,1,,Vale of Glamorgan,W06000014,15,WXX000003,31/03/2004,31/03/2004,1080777599000,,Owner occupied/Privately rented (Number),3,5,,
53000,53000,Dwelling stock estimates,1,1,,Vale of Glamorgan,W06000014,15,WXX000003,31/03/2004,31/03/2004,1080777599000,,All tenures (Number),6,10,,
4100,4100,Dwelling stock estimates,1,1,,Vale of Glamorgan,W06000014,15,WXX000003,31/03/2003,31/03/2003,1049155199000,,Local Authority (Number),1,1,,
2000,2000,Dwelling stock estimates,1,1,,Vale of Glamorgan,W06000014,15,WXX000003,31/03/2003,31/03/2003,1049155199000,,Registered Social Landlord (Number),2,3,,
46300,46300,Dwelling stock estimates,1,1,,Vale of Glamorgan,W06000014,15,WXX000003,31/03/2003,31/03/2003,1049155199000,,Owner occupied/Privately rented (Number),3,5,,
52400,52400,Dwelling stock estimates,1,1,,Vale of Glamorgan,W06000014,15,WXX000003,31/03/2003,31/03/2003,1049155199000,,All tenures (Number),6,10,,
4500,4500,Dwelling stock estimates,1,1,,Vale of Glamorgan,W06000014,15,WXX000003,31/03/2002,31/03/2002,1017619199000,,Local Authority (Number),1,1,,
2000,2000,Dwelling stock estimates,1,1,,Vale of Glamorgan,W06000014,15,WXX000003,31/03/2002,31/03/2002,1017619199000,,Registered Social Landlord (Number),2,3,,
45200,45200,Dwelling stock estimates,1,1,,Vale of Glamorgan,W06000014,15,WXX000003,31/03/2002,31/03/2002,1017619199000,,Owner occupied/Privately rented (Number),3,5,,
51700,51700,Dwelling stock estimates,1,1,,Vale of Glamorgan,W06000014,15,WXX000003,31/03/2002,31/03/2002,1017619199000,,All tenures (Number),6,10,,
4700,4700,Dwelling stock estimates,1,1,,Vale of Glamorgan,W06000014,15,WXX000003,31/03/2001,31/03/2001,986083199000,,Local Authority (Number),1,1,,
2000,2000,Dwelling stock estimates,1,1,,Vale of Glamorgan,W06000014,15,WXX000003,31/03/2001,31/03/2001,986083199000,,Registered Social Landlord (Number),2,3,,
44300,44300,Dwelling stock estimates,1,1,,Vale of Glamorgan,W06000014,15,WXX000003,31/03/2001,31/03/2001,986083199000,,Owner occupied/Privately rented (Number),3,5,,
51000,51000,Dwelling stock estimates,1,1,,Vale of Glamorgan,W06000014,15,WXX000003,31/03/2001,31/03/2001,986083199000,,All tenures (Number),6,10,,
14300,14300,Dwelling stock estimates,1,1,,Cardiff,W06000015,16,WXX000003,31/03/2024,31/03/2024,1711929599000,,Local Authority (Number),1,1,,
13100,13100,Dwelling stock estimates,1,1,,Cardiff,W06000015,16,WXX000003,31/03/2024,31/03/2024,1711929599000,,Registered Social Landlord (Number),2,3,,
131300,131300,Dwelling stock estimates,1,1,,Cardiff,W06000015,16,WXX000003,31/03/2024,31/03/2024,1711929599000,,Owner occupied/Privately rented (Number),3,5,,
99900,99900,Dwelling stock estimates,1,1,,Cardiff,W06000015,16,WXX000003,31/03/2024,31/03/2024,1711929599000,,Owner occupied (Number),4,6,,Provisional
31400,31400,Dwelling stock estimates,1,1,,Cardiff,W06000015,16,WXX000003,31/03/2024,31/03/2024,1711929599000,,Privately rented (Number),5,8,,Provisional
158700,158700,Dwelling stock estimates,1,1,,Cardiff,W06000015,16,WXX000003,31/03/2024,31/03/2024,1711929599000,,All tenures (Number),6,10,,
14000,14000,Dwelling stock estimates,1,1,,Cardiff,W06000015,16,WXX000003,31/03/2023,31/03/2023,1680307199000,,Local Authority (Number),1,1,,
12800,12800,Dwelling stock estimates,1,1,,Cardiff,W06000015,16,WXX000003,31/03/2023,31/03/2023,1680307199000,,Registered Social Landlord (Number),2,3,,
130900,130900,Dwelling stock estimates,1,1,,Cardiff,W06000015,16,WXX000003,31/03/2023,31/03/2023,1680307199000,,Owner occupied/Privately rented (Number),3,5,,
99500,99500,Dwelling stock estimates,1,1,,Cardiff,W06000015,16,WXX000003,31/03/2023,31/03/2023,1680307199000,,Owner occupied (Number),4,6,,
31300,31300,Dwelling stock estimates,1,1,,Cardiff,W06000015,16,WXX000003,31/03/2023,31/03/2023,1680307199000,,Privately rented (Number),5,8,,
157600,157600,Dwelling stock estimates,1,1,,Cardiff,W06000015,16,WXX000003,31/03/2023,31/03/2023,1680307199000,,All tenures (Number),6,10,,
13900,13900,Dwelling stock estimates,1,1,,Cardiff,W06000015,16,WXX000003,31/03/2022,31/03/2022,1648771199000,,Local Authority (Number),1,1,,
12500,12500,Dwelling stock estimates,1,1,,Cardiff,W06000015,16,WXX000003,31/03/2022,31/03/2022,1648771199000,,Registered Social Landlord (Number),2,3,,
130400,130400,Dwelling stock estimates,1,1,,Cardiff,W06000015,16,WXX000003,31/03/2022,31/03/2022,1648771199000,,Owner occupied/Privately rented (Number),3,5,,
100700,100700,Dwelling stock estimates,1,1,,Cardiff,W06000015,16,WXX000003,31/03/2022,31/03/2022,1648771199000,,Owner occupied (Number),4,6,,
29700,29700,Dwelling stock estimates,1,1,,Cardiff,W06000015,16,WXX000003,31/03/2022,31/03/2022,1648771199000,,Privately rented (Number),5,8,,
156700,156700,Dwelling stock estimates,1,1,,Cardiff,W06000015,16,WXX000003,31/03/2022,31/03/2022,1648771199000,,All tenures (Number),6,10,,
13700,13700,Dwelling stock estimates,1,1,,Cardiff,W06000015,16,WXX000003,31/03/2021,31/03/2021,1617235199000,,Local Authority (Number),1,1,,
12300,12300,Dwelling stock estimates,1,1,,Cardiff,W06000015,16,WXX000003,31/03/2021,31/03/2021,1617235199000,,Registered Social Landlord (Number),2,3,,
129900,129900,Dwelling stock estimates,1,1,,Cardiff,W06000015,16,WXX000003,31/03/2021,31/03/2021,1617235199000,,Owner occupied/Privately rented (Number),3,5,,
102600,102600,Dwelling stock estimates,1,1,,Cardiff,W06000015,16,WXX000003,31/03/2021,31/03/2021,1617235199000,,Owner occupied (Number),4,6,,
27300,27300,Dwelling stock estimates,1,1,,Cardiff,W06000015,16,WXX000003,31/03/2021,31/03/2021,1617235199000,,Privately rented (Number),5,8,,
155900,155900,Dwelling stock estimates,1,1,,Cardiff,W06000015,16,WXX000003,31/03/2021,31/03/2021,1617235199000,,All tenures (Number),6,10,,
13600,13600,Dwelling stock estimates,1,1,,Cardiff,W06000015,16,WXX000003,31/03/2020,31/03/2020,1585699199000,,Local Authority (Number),1,1,,
12300,12300,Dwelling stock estimates,1,1,,Cardiff,W06000015,16,WXX000003,31/03/2020,31/03/2020,1585699199000,,Registered Social Landlord (Number),2,3,,
129100,129100,Dwelling stock estimates,1,1,,Cardiff,W06000015,16,WXX000003,31/03/2020,31/03/2020,1585699199000,,Owner occupied/Privately rented (Number),3,5,,
101400,101400,Dwelling stock estimates,1,1,,Cardiff,W06000015,16,WXX000003,31/03/2020,31/03/2020,1585699199000,,Owner occupied (Number),4,6,,
27800,27800,Dwelling stock estimates,1,1,,Cardiff,W06000015,16,WXX000003,31/03/2020,31/03/2020,1585699199000,,Privately rented (Number),5,8,,
155000,155000,Dwelling stock estimates,1,1,,Cardiff,W06000015,16,WXX000003,31/03/2020,31/03/2020,1585699199000,,All tenures (Number),6,10,,
13500,13500,Dwelling stock estimates,1,1,,Cardiff,W06000015,16,WXX000003,31/03/2019,31/03/2019,1554076799000,,Local Authority (Number),1,1,,
12000,12000,Dwelling stock estimates,1,1,,Cardiff,W06000015,16,WXX000003,31/03/2019,31/03/2019,1554076799000,,Registered Social Landlord (Number),2,3,,
128400,128400,Dwelling stock estimates,1,1,,Cardiff,W06000015,16,WXX000003,31/03/2019,31/03/2019,1554076799000,,Owner occupied/Privately rented (Number),3,5,,
98100,98100,Dwelling stock estimates,1,1,,Cardiff,W06000015,16,WXX000003,31/03/2019,31/03/2019,1554076799000,,Owner occupied (Number),4,6,,
30300,30300,Dwelling stock estimates,1,1,,Cardiff,W06000015,16,WXX000003,31/03/2019,31/03/2019,1554076799000,,Privately rented (Number),5,8,,
153900,153900,Dwelling stock estimates,1,1,,Cardiff,W06000015,16,WXX000003,31/03/2019,31/03/2019,1554076799000,,All tenures (Number),6,10,,
13400,13400,Dwelling stock estimates,1,1,,Cardiff,W06000015,16,WXX000003,31/03/2018,31/03/2018,1522540799000,,Local Authority (Number),1,1,,
11700,11700,Dwelling stock estimates,1,1,,Cardiff,W06000015,16,WXX000003,31/03/2018,31/03/2018,1522540799000,,Registered Social Landlord (Number),2,3,,
127800,127800,Dwelling stock estimates,1,1,,Cardiff,W06000015,16,WXX000003,31/03/2018,31/03/2018,1522540799000,,Owner occupied/Privately rented (Number),3,5,,
96700,96700,Dwelling stock estimates,1,1,,Cardiff,W06000015,16,WXX000003,31/03/2018,31/03/2018,1522540799000,,Owner occupied (Number),4,6,,
31100,31100,Dwelling stock estimates,1,1,,Cardiff,W06000015,16,WXX000003,31/03/2018,31/03/2018,1522540799000,,Privately rented (Number),5,8,,
153000,153000,Dwelling stock estimates,1,1,,Cardiff,W06000015,16,WXX000003,31/03/2018,31/03/2018,1522540799000,,All tenures (Number),6,10,,
13400,13400,Dwelling stock estimates,1,1,,Cardiff,W06000015,16,WXX000003,31/03/2017,31/03/2017,1491004799000,,Local Authority (Number),1,1,,
11600,11600,Dwelling stock estimates,1,1,,Cardiff,W06000015,16,WXX000003,31/03/2017,31/03/2017,1491004799000,,Registered Social Landlord (Number),2,3,,
127300,127300,Dwelling stock estimates,1,1,,Cardiff,W06000015,16,WXX000003,31/03/2017,31/03/2017,1491004799000,,Owner occupied/Privately rented (Number),3,5,,
98700,98700,Dwelling stock estimates,1,1,,Cardiff,W06000015,16,WXX000003,31/03/2017,31/03/2017,1491004799000,,Owner occupied (Number),4,6,,
28600,28600,Dwelling stock estimates,1,1,,Cardiff,W06000015,16,WXX000003,31/03/2017,31/03/2017,1491004799000,,Privately rented (Number),5,8,,
152300,152300,Dwelling stock estimates,1,1,,Cardiff,W06000015,16,WXX000003,31/03/2017,31/03/2017,1491004799000,,All tenures (Number),6,10,,
13500,13500,Dwelling stock estimates,1,1,,Cardiff,W06000015,16,WXX000003,31/03/2016,31/03/2016,1459468799000,,Local Authority (Number),1,1,,
11400,11400,Dwelling stock estimates,1,1,,Cardiff,W06000015,16,WXX000003,31/03/2016,31/03/2016,1459468799000,,Registered Social Landlord (Number),2,3,,
126700,126700,Dwelling stock estimates,1,1,,Cardiff,W06000015,16,WXX000003,31/03/2016,31/03/2016,1459468799000,,Owner occupied/Privately rented (Number),3,5,,
98800,98800,Dwelling stock estimates,1,1,,Cardiff,W06000015,16,WXX000003,31/03/2016,31/03/2016,1459468799000,,Owner occupied (Number),4,6,,
27800,27800,Dwelling stock estimates,1,1,,Cardiff,W06000015,16,WXX000003,31/03/2016,31/03/2016,1459468799000,,Privately rented (Number),5,8,,
151500,151500,Dwelling stock estimates,1,1,,Cardiff,W06000015,16,WXX000003,31/03/2016,31/03/2016,1459468799000,,All tenures (Number),6,10,,
13600,13600,Dwelling stock estimates,1,1,,Cardiff,W06000015,16,WXX000003,31/03/2015,31/03/2015,1427846399000,,Local Authority (Number),1,1,,
11200,11200,Dwelling stock estimates,1,1,,Cardiff,W06000015,16,WXX000003,31/03/2015,31/03/2015,1427846399000,,Registered Social Landlord (Number),2,3,,
125900,125900,Dwelling stock estimates,1,1,,Cardiff,W06000015,16,WXX000003,31/03/2015,31/03/2015,1427846399000,,Owner occupied/Privately rented (Number),3,5,,
95400,95400,Dwelling stock estimates,1,1,,Cardiff,W06000015,16,WXX000003,31/03/2015,31/03/2015,1427846399000,,Owner occupied (Number),4,6,,
30500,30500,Dwelling stock estimates,1,1,,Cardiff,W06000015,16,WXX000003,31/03/2015,31/03/2015,1427846399000,,Privately rented (Number),5,8,,
150700,150700,Dwelling stock estimates,1,1,,Cardiff,W06000015,16,WXX000003,31/03/2015,31/03/2015,1427846399000,,All tenures (Number),6,10,,
13700,13700,Dwelling stock estimates,1,1,,Cardiff,W06000015,16,WXX000003,31/03/2014,31/03/2014,1396310399000,,Local Authority (Number),1,1,,
11100,11100,Dwelling stock estimates,1,1,,Cardiff,W06000015,16,WXX000003,31/03/2014,31/03/2014,1396310399000,,Registered Social Landlord (Number),2,3,,
125400,125400,Dwelling stock estimates,1,1,,Cardiff,W06000015,16,WXX000003,31/03/2014,31/03/2014,1396310399000,,Owner occupied/Privately rented (Number),3,5,,
93800,93800,Dwelling stock estimates,1,1,,Cardiff,W06000015,16,WXX000003,31/03/2014,31/03/2014,1396310399000,,Owner occupied (Number),4,6,,
31600,31600,Dwelling stock estimates,1,1,,Cardiff,W06000015,16,WXX000003,31/03/2014,31/03/2014,1396310399000,,Privately rented (Number),5,8,,
150100,150100,Dwelling stock estimates,1,1,,Cardiff,W06000015,16,WXX000003,31/03/2014,31/03/2014,1396310399000,,All tenures (Number),6,10,,
13700,13700,Dwelling stock estimates,1,1,,Cardiff,W06000015,16,WXX000003,31/03/2013,31/03/2013,1364774399000,,Local Authority (Number),1,1,,
10900,10900,Dwelling stock estimates,1,1,,Cardiff,W06000015,16,WXX000003,31/03/2013,31/03/2013,1364774399000,,Registered Social Landlord (Number),2,3,,
124800,124800,Dwelling stock estimates,1,1,,Cardiff,W06000015,16,WXX000003,31/03/2013,31/03/2013,1364774399000,,Owner occupied/Privately rented (Number),3,5,,
93700,93700,Dwelling stock estimates,1,1,,Cardiff,W06000015,16,WXX000003,31/03/2013,31/03/2013,1364774399000,,Owner occupied (Number),4,6,,
31100,31100,Dwelling stock estimates,1,1,,Cardiff,W06000015,16,WXX000003,31/03/2013,31/03/2013,1364774399000,,Privately rented (Number),5,8,,
149500,149500,Dwelling stock estimates,1,1,,Cardiff,W06000015,16,WXX000003,31/03/2013,31/03/2013,1364774399000,,All tenures (Number),6,10,,
13700,13700,Dwelling stock estimates,1,1,,Cardiff,W06000015,16,WXX000003,31/03/2012,31/03/2012,1333238399000,,Local Authority (Number),1,1,,
11000,11000,Dwelling stock estimates,1,1,,Cardiff,W06000015,16,WXX000003,31/03/2012,31/03/2012,1333238399000,,Registered Social Landlord (Number),2,3,,
124300,124300,Dwelling stock estimates,1,1,,Cardiff,W06000015,16,WXX000003,31/03/2012,31/03/2012,1333238399000,,Owner occupied/Privately rented (Number),3,5,,
93900,93900,Dwelling stock estimates,1,1,,Cardiff,W06000015,16,WXX000003,31/03/2012,31/03/2012,1333238399000,,Owner occupied (Number),4,6,,
30400,30400,Dwelling stock estimates,1,1,,Cardiff,W06000015,16,WXX000003,31/03/2012,31/03/2012,1333238399000,,Privately rented (Number),5,8,,
148900,148900,Dwelling stock estimates,1,1,,Cardiff,W06000015,16,WXX000003,31/03/2012,31/03/2012,1333238399000,,All tenures (Number),6,10,,
13700,13700,Dwelling stock estimates,1,1,,Cardiff,W06000015,16,WXX000003,31/03/2011,31/03/2011,1301615999000,,Local Authority (Number),1,1,,
10900,10900,Dwelling stock estimates,1,1,,Cardiff,W06000015,16,WXX000003,31/03/2011,31/03/2011,1301615999000,,Registered Social Landlord (Number),2,3,,
123500,123500,Dwelling stock estimates,1,1,,Cardiff,W06000015,16,WXX000003,31/03/2011,31/03/2011,1301615999000,,Owner occupied/Privately rented (Number),3,5,,
148100,148100,Dwelling stock estimates,1,1,,Cardiff,W06000015,16,WXX000003,31/03/2011,31/03/2011,1301615999000,,All tenures (Number),6,10,,
13700,13700,Dwelling stock estimates,1,1,,Cardiff,W06000015,16,WXX000003,31/03/2010,31/03/2010,1270079999000,,Local Authority (Number),1,1,,
10800,10800,Dwelling stock estimates,1,1,,Cardiff,W06000015,16,WXX000003,31/03/2010,31/03/2010,1270079999000,,Registered Social Landlord (Number),2,3,,
122200,122200,Dwelling stock estimates,1,1,,Cardiff,W06000015,16,WXX000003,31/03/2010,31/03/2010,1270079999000,,Owner occupied/Privately rented (Number),3,5,,
146700,146700,Dwelling stock estimates,1,1,,Cardiff,W06000015,16,WXX000003,31/03/2010,31/03/2010,1270079999000,,All tenures (Number),6,10,,
13700,13700,Dwelling stock estimates,1,1,,Cardiff,W06000015,16,WXX000003,31/03/2009,31/03/2009,1238543999000,,Local Authority (Number),1,1,,
10600,10600,Dwelling stock estimates,1,1,,Cardiff,W06000015,16,WXX000003,31/03/2009,31/03/2009,1238543999000,,Registered Social Landlord (Number),2,3,,
120900,120900,Dwelling stock estimates,1,1,,Cardiff,W06000015,16,WXX000003,31/03/2009,31/03/2009,1238543999000,,Owner occupied/Privately rented (Number),3,5,,
145200,145200,Dwelling stock estimates,1,1,,Cardiff,W06000015,16,WXX000003,31/03/2009,31/03/2009,1238543999000,,All tenures (Number),6,10,,
13800,13800,Dwelling stock estimates,1,1,,Cardiff,W06000015,16,WXX000003,31/03/2008,31/03/2008,1207007999000,,Local Authority (Number),1,1,,
10100,10100,Dwelling stock estimates,1,1,,Cardiff,W06000015,16,WXX000003,31/03/2008,31/03/2008,1207007999000,,Registered Social Landlord (Number),2,3,,
119000,119000,Dwelling stock estimates,1,1,,Cardiff,W06000015,16,WXX000003,31/03/2008,31/03/2008,1207007999000,,Owner occupied/Privately rented (Number),3,5,,
142900,142900,Dwelling stock estimates,1,1,,Cardiff,W06000015,16,WXX000003,31/03/2008,31/03/2008,1207007999000,,All tenures (Number),6,10,,
13800,13800,Dwelling stock estimates,1,1,,Cardiff,W06000015,16,WXX000003,31/03/2007,31/03/2007,1175385599000,,Local Authority (Number),1,1,,
9900,9900,Dwelling stock estimates,1,1,,Cardiff,W06000015,16,WXX000003,31/03/2007,31/03/2007,1175385599000,,Registered Social Landlord (Number),2,3,,
117000,117000,Dwelling stock estimates,1,1,,Cardiff,W06000015,16,WXX000003,31/03/2007,31/03/2007,1175385599000,,Owner occupied/Privately rented (Number),3,5,,
140800,140800,Dwelling stock estimates,1,1,,Cardiff,W06000015,16,WXX000003,31/03/2007,31/03/2007,1175385599000,,All tenures (Number),6,10,,
13900,13900,Dwelling stock estimates,1,1,,Cardiff,W06000015,16,WXX000003,31/03/2006,31/03/2006,1143849599000,,Local Authority (Number),1,1,,
9600,9600,Dwelling stock estimates,1,1,,Cardiff,W06000015,16,WXX000003,31/03/2006,31/03/2006,1143849599000,,Registered Social Landlord (Number),2,3,,
114400,114400,Dwelling stock estimates,1,1,,Cardiff,W06000015,16,WXX000003,31/03/2006,31/03/2006,1143849599000,,Owner occupied/Privately rented (Number),3,5,,
137900,137900,Dwelling stock estimates,1,1,,Cardiff,W06000015,16,WXX000003,31/03/2006,31/03/2006,1143849599000,,All tenures (Number),6,10,,
14000,14000,Dwelling stock estimates,1,1,,Cardiff,W06000015,16,WXX000003,31/03/2005,31/03/2005,1112313599000,,Local Authority (Number),1,1,,
9500,9500,Dwelling stock estimates,1,1,,Cardiff,W06000015,16,WXX000003,31/03/2005,31/03/2005,1112313599000,,Registered Social Landlord (Number),2,3,,
112100,112100,Dwelling stock estimates,1,1,,Cardiff,W06000015,16,WXX000003,31/03/2005,31/03/2005,1112313599000,,Owner occupied/Privately rented (Number),3,5,,
135600,135600,Dwelling stock estimates,1,1,,Cardiff,W06000015,16,WXX000003,31/03/2005,31/03/2005,1112313599000,,All tenures (Number),6,10,,
14200,14200,Dwelling stock estimates,1,1,,Cardiff,W06000015,16,WXX000003,31/03/2004,31/03/2004,1080777599000,,Local Authority (Number),1,1,,
9400,9400,Dwelling stock estimates,1,1,,Cardiff,W06000015,16,WXX000003,31/03/2004,31/03/2004,1080777599000,,Registered Social Landlord (Number),2,3,,
110000,110000,Dwelling stock estimates,1,1,,Cardiff,W06000015,16,WXX000003,31/03/2004,31/03/2004,1080777599000,,Owner occupied/Privately rented (Number),3,5,,
133500,133500,Dwelling stock estimates,1,1,,Cardiff,W06000015,16,WXX000003,31/03/2004,31/03/2004,1080777599000,,All tenures (Number),6,10,,
14700,14700,Dwelling stock estimates,1,1,,Cardiff,W06000015,16,WXX000003,31/03/2003,31/03/2003,1049155199000,,Local Authority (Number),1,1,,
9400,9400,Dwelling stock estimates,1,1,,Cardiff,W06000015,16,WXX000003,31/03/2003,31/03/2003,1049155199000,,Registered Social Landlord (Number),2,3,,
107000,107000,Dwelling stock estimates,1,1,,Cardiff,W06000015,16,WXX000003,31/03/2003,31/03/2003,1049155199000,,Owner occupied/Privately rented (Number),3,5,,
131100,131100,Dwelling stock estimates,1,1,,Cardiff,W06000015,16,WXX000003,31/03/2003,31/03/2003,1049155199000,,All tenures (Number),6,10,,
15500,15500,Dwelling stock estimates,1,1,,Cardiff,W06000015,16,WXX000003,31/03/2002,31/03/2002,1017619199000,,Local Authority (Number),1,1,,
9400,9400,Dwelling stock estimates,1,1,,Cardiff,W06000015,16,WXX000003,31/03/2002,31/03/2002,1017619199000,,Registered Social Landlord (Number),2,3,,
104200,104200,Dwelling stock estimates,1,1,,Cardiff,W06000015,16,WXX000003,31/03/2002,31/03/2002,1017619199000,,Owner occupied/Privately rented (Number),3,5,,
129100,129100,Dwelling stock estimates,1,1,,Cardiff,W06000015,16,WXX000003,31/03/2002,31/03/2002,1017619199000,,All tenures (Number),6,10,,
16000,16000,Dwelling stock estimates,1,1,,Cardiff,W06000015,16,WXX000003,31/03/2001,31/03/2001,986083199000,,Local Authority (Number),1,1,,
9100,9100,Dwelling stock estimates,1,1,,Cardiff,W06000015,16,WXX000003,31/03/2001,31/03/2001,986083199000,,Registered Social Landlord (Number),2,3,,
102200,102200,Dwelling stock estimates,1,1,,Cardiff,W06000015,16,WXX000003,31/03/2001,31/03/2001,986083199000,,Owner occupied/Privately rented (Number),3,5,,
127300,127300,Dwelling stock estimates,1,1,,Cardiff,W06000015,16,WXX000003,31/03/2001,31/03/2001,986083199000,,All tenures (Number),6,10,,
16000,16000,Dwelling stock estimates,1,1,,Rhondda Cynon Taf,W06000016,17,WXX000003,31/03/2024,31/03/2024,1711929599000,,Registered Social Landlord (Number),2,3,,
95300,95300,Dwelling stock estimates,1,1,,Rhondda Cynon Taf,W06000016,17,WXX000003,31/03/2024,31/03/2024,1711929599000,,Owner occupied/Privately rented (Number),3,5,,
78500,78500,Dwelling stock estimates,1,1,,Rhondda Cynon Taf,W06000016,17,WXX000003,31/03/2024,31/03/2024,1711929599000,,Owner occupied (Number),4,6,,Provisional
16800,16800,Dwelling stock estimates,1,1,,Rhondda Cynon Taf,W06000016,17,WXX000003,31/03/2024,31/03/2024,1711929599000,,Privately rented (Number),5,8,,Provisional
111300,111300,Dwelling stock estimates,1,1,,Rhondda Cynon Taf,W06000016,17,WXX000003,31/03/2024,31/03/2024,1711929599000,,All tenures (Number),6,10,,
16000,16000,Dwelling stock estimates,1,1,,Rhondda Cynon Taf,W06000016,17,WXX000003,31/03/2023,31/03/2023,1680307199000,,Registered Social Landlord (Number),2,3,,
95100,95100,Dwelling stock estimates,1,1,,Rhondda Cynon Taf,W06000016,17,WXX000003,31/03/2023,31/03/2023,1680307199000,,Owner occupied/Privately rented (Number),3,5,,
78300,78300,Dwelling stock estimates,1,1,,Rhondda Cynon Taf,W06000016,17,WXX000003,31/03/2023,31/03/2023,1680307199000,,Owner occupied (Number),4,6,,
16800,16800,Dwelling stock estimates,1,1,,Rhondda Cynon Taf,W06000016,17,WXX000003,31/03/2023,31/03/2023,1680307199000,,Privately rented (Number),5,8,,
111100,111100,Dwelling stock estimates,1,1,,Rhondda Cynon Taf,W06000016,17,WXX000003,31/03/2023,31/03/2023,1680307199000,,All tenures (Number),6,10,,
15900,15900,Dwelling stock estimates,1,1,,Rhondda Cynon Taf,W06000016,17,WXX000003,31/03/2022,31/03/2022,1648771199000,,Registered Social Landlord (Number),2,3,,
95000,95000,Dwelling stock estimates,1,1,,Rhondda Cynon Taf,W06000016,17,WXX000003,31/03/2022,31/03/2022,1648771199000,,Owner occupied/Privately rented (Number),3,5,,
78800,78800,Dwelling stock estimates,1,1,,Rhondda Cynon Taf,W06000016,17,WXX000003,31/03/2022,31/03/2022,1648771199000,,Owner occupied (Number),4,6,,
16200,16200,Dwelling stock estimates,1,1,,Rhondda Cynon Taf,W06000016,17,WXX000003,31/03/2022,31/03/2022,1648771199000,,Privately rented (Number),5,8,,
110900,110900,Dwelling stock estimates,1,1,,Rhondda Cynon Taf,W06000016,17,WXX000003,31/03/2022,31/03/2022,1648771199000,,All tenures (Number),6,10,,
15800,15800,Dwelling stock estimates,1,1,,Rhondda Cynon Taf,W06000016,17,WXX000003,31/03/2021,31/03/2021,1617235199000,,Registered Social Landlord (Number),2,3,,
95000,95000,Dwelling stock estimates,1,1,,Rhondda Cynon Taf,W06000016,17,WXX000003,31/03/2021,31/03/2021,1617235199000,,Owner occupied/Privately rented (Number),3,5,,
79000,79000,Dwelling stock estimates,1,1,,Rhondda Cynon Taf,W06000016,17,WXX000003,31/03/2021,31/03/2021,1617235199000,,Owner occupied (Number),4,6,,
15900,15900,Dwelling stock estimates,1,1,,Rhondda Cynon Taf,W06000016,17,WXX000003,31/03/2021,31/03/2021,1617235199000,,Privately rented (Number),5,8,,
110800,110800,Dwelling stock estimates,1,1,,Rhondda Cynon Taf,W06000016,17,WXX000003,31/03/2021,31/03/2021,1617235199000,,All tenures (Number),6,10,,
15500,15500,Dwelling stock estimates,1,1,,Rhondda Cynon Taf,W06000016,17,WXX000003,31/03/2020,31/03/2020,1585699199000,,Registered Social Landlord (Number),2,3,,
94900,94900,Dwelling stock estimates,1,1,,Rhondda Cynon Taf,W06000016,17,WXX000003,31/03/2020,31/03/2020,1585699199000,,Owner occupied/Privately rented (Number),3,5,,
77600,77600,Dwelling stock estimates,1,1,,Rhondda Cynon Taf,W06000016,17,WXX000003,31/03/2020,31/03/2020,1585699199000,,Owner occupied (Number),4,6,,
17400,17400,Dwelling stock estimates,1,1,,Rhondda Cynon Taf,W06000016,17,WXX000003,31/03/2020,31/03/2020,1585699199000,,Privately rented (Number),5,8,,
110400,110400,Dwelling stock estimates,1,1,,Rhondda Cynon Taf,W06000016,17,WXX000003,31/03/2020,31/03/2020,1585699199000,,All tenures (Number),6,10,,
15500,15500,Dwelling stock estimates,1,1,,Rhondda Cynon Taf,W06000016,17,WXX000003,31/03/2019,31/03/2019,1554076799000,,Registered Social Landlord (Number),2,3,,
94600,94600,Dwelling stock estimates,1,1,,Rhondda Cynon Taf,W06000016,17,WXX000003,31/03/2019,31/03/2019,1554076799000,,Owner occupied/Privately rented (Number),3,5,,
76200,76200,Dwelling stock estimates,1,1,,Rhondda Cynon Taf,W06000016,17,WXX000003,31/03/2019,31/03/2019,1554076799000,,Owner occupied (Number),4,6,,
18400,18400,Dwelling stock estimates,1,1,,Rhondda Cynon Taf,W06000016,17,WXX000003,31/03/2019,31/03/2019,1554076799000,,Privately rented (Number),5,8,,
110100,110100,Dwelling stock estimates,1,1,,Rhondda Cynon Taf,W06000016,17,WXX000003,31/03/2019,31/03/2019,1554076799000,,All tenures (Number),6,10,,
15500,15500,Dwelling stock estimates,1,1,,Rhondda Cynon Taf,W06000016,17,WXX000003,31/03/2018,31/03/2018,1522540799000,,Registered Social Landlord (Number),2,3,,
94200,94200,Dwelling stock estimates,1,1,,Rhondda Cynon Taf,W06000016,17,WXX000003,31/03/2018,31/03/2018,1522540799000,,Owner occupied/Privately rented (Number),3,5,,
77100,77100,Dwelling stock estimates,1,1,,Rhondda Cynon Taf,W06000016,17,WXX000003,31/03/2018,31/03/2018,1522540799000,,Owner occupied (Number),4,6,,
17100,17100,Dwelling stock estimates,1,1,,Rhondda Cynon Taf,W06000016,17,WXX000003,31/03/2018,31/03/2018,1522540799000,,Privately rented (Number),5,8,,
109700,109700,Dwelling stock estimates,1,1,,Rhondda Cynon Taf,W06000016,17,WXX000003,31/03/2018,31/03/2018,1522540799000,,All tenures (Number),6,10,,
15400,15400,Dwelling stock estimates,1,1,,Rhondda Cynon Taf,W06000016,17,WXX000003,31/03/2017,31/03/2017,1491004799000,,Registered Social Landlord (Number),2,3,,
93600,93600,Dwelling stock estimates,1,1,,Rhondda Cynon Taf,W06000016,17,WXX000003,31/03/2017,31/03/2017,1491004799000,,Owner occupied/Privately rented (Number),3,5,,
78300,78300,Dwelling stock estimates,1,1,,Rhondda Cynon Taf,W06000016,17,WXX000003,31/03/2017,31/03/2017,1491004799000,,Owner occupied (Number),4,6,,
15200,15200,Dwelling stock estimates,1,1,,Rhondda Cynon Taf,W06000016,17,WXX000003,31/03/2017,31/03/2017,1491004799000,,Privately rented (Number),5,8,,
109000,109000,Dwelling stock estimates,1,1,,Rhondda Cynon Taf,W06000016,17,WXX000003,31/03/2017,31/03/2017,1491004799000,,All tenures (Number),6,10,,
15200,15200,Dwelling stock estimates,1,1,,Rhondda Cynon Taf,W06000016,17,WXX000003,31/03/2016,31/03/2016,1459468799000,,Registered Social Landlord (Number),2,3,,
93000,93000,Dwelling stock estimates,1,1,,Rhondda Cynon Taf,W06000016,17,WXX000003,31/03/2016,31/03/2016,1459468799000,,Owner occupied/Privately rented (Number),3,5,,
78100,78100,Dwelling stock estimates,1,1,,Rhondda Cynon Taf,W06000016,17,WXX000003,31/03/2016,31/03/2016,1459468799000,,Owner occupied (Number),4,6,,
14900,14900,Dwelling stock estimates,1,1,,Rhondda Cynon Taf,W06000016,17,WXX000003,31/03/2016,31/03/2016,1459468799000,,Privately rented (Number),5,8,,
108300,108300,Dwelling stock estimates,1,1,,Rhondda Cynon Taf,W06000016,17,WXX000003,31/03/2016,31/03/2016,1459468799000,,All tenures (Number),6,10,,
15300,15300,Dwelling stock estimates,1,1,,Rhondda Cynon Taf,W06000016,17,WXX000003,31/03/2015,31/03/2015,1427846399000,,Registered Social Landlord (Number),2,3,,
92400,92400,Dwelling stock estimates,1,1,,Rhondda Cynon Taf,W06000016,17,WXX000003,31/03/2015,31/03/2015,1427846399000,,Owner occupied/Privately rented (Number),3,5,,
77500,77500,Dwelling stock estimates,1,1,,Rhondda Cynon Taf,W06000016,17,WXX000003,31/03/2015,31/03/2015,1427846399000,,Owner occupied (Number),4,6,,
14900,14900,Dwelling stock estimates,1,1,,Rhondda Cynon Taf,W06000016,17,WXX000003,31/03/2015,31/03/2015,1427846399000,,Privately rented (Number),5,8,,
107700,107700,Dwelling stock estimates,1,1,,Rhondda Cynon Taf,W06000016,17,WXX000003,31/03/2015,31/03/2015,1427846399000,,All tenures (Number),6,10,,
15300,15300,Dwelling stock estimates,1,1,,Rhondda Cynon Taf,W06000016,17,WXX000003,31/03/2014,31/03/2014,1396310399000,,Registered Social Landlord (Number),2,3,,
91700,91700,Dwelling stock estimates,1,1,,Rhondda Cynon Taf,W06000016,17,WXX000003,31/03/2014,31/03/2014,1396310399000,,Owner occupied/Privately rented (Number),3,5,,
76600,76600,Dwelling stock estimates,1,1,,Rhondda Cynon Taf,W06000016,17,WXX000003,31/03/2014,31/03/2014,1396310399000,,Owner occupied (Number),4,6,,
15100,15100,Dwelling stock estimates,1,1,,Rhondda Cynon Taf,W06000016,17,WXX000003,31/03/2014,31/03/2014,1396310399000,,Privately rented (Number),5,8,,
107000,107000,Dwelling stock estimates,1,1,,Rhondda Cynon Taf,W06000016,17,WXX000003,31/03/2014,31/03/2014,1396310399000,,All tenures (Number),6,10,,
15300,15300,Dwelling stock estimates,1,1,,Rhondda Cynon Taf,W06000016,17,WXX000003,31/03/2013,31/03/2013,1364774399000,,Registered Social Landlord (Number),2,3,,
91100,91100,Dwelling stock estimates,1,1,,Rhondda Cynon Taf,W06000016,17,WXX000003,31/03/2013,31/03/2013,1364774399000,,Owner occupied/Privately rented (Number),3,5,,
74900,74900,Dwelling stock estimates,1,1,,Rhondda Cynon Taf,W06000016,17,WXX000003,31/03/2013,31/03/2013,1364774399000,,Owner occupied (Number),4,6,,
16200,16200,Dwelling stock estimates,1,1,,Rhondda Cynon Taf,W06000016,17,WXX000003,31/03/2013,31/03/2013,1364774399000,,Privately rented (Number),5,8,,
106400,106400,Dwelling stock estimates,1,1,,Rhondda Cynon Taf,W06000016,17,WXX000003,31/03/2013,31/03/2013,1364774399000,,All tenures (Number),6,10,,
15300,15300,Dwelling stock estimates,1,1,,Rhondda Cynon Taf,W06000016,17,WXX000003,31/03/2012,31/03/2012,1333238399000,,Registered Social Landlord (Number),2,3,,
90500,90500,Dwelling stock estimates,1,1,,Rhondda Cynon Taf,W06000016,17,WXX000003,31/03/2012,31/03/2012,1333238399000,,Owner occupied/Privately rented (Number),3,5,,
74100,74100,Dwelling stock estimates,1,1,,Rhondda Cynon Taf,W06000016,17,WXX000003,31/03/2012,31/03/2012,1333238399000,,Owner occupied (Number),4,6,,
16400,16400,Dwelling stock estimates,1,1,,Rhondda Cynon Taf,W06000016,17,WXX000003,31/03/2012,31/03/2012,1333238399000,,Privately rented (Number),5,8,,
105800,105800,Dwelling stock estimates,1,1,,Rhondda Cynon Taf,W06000016,17,WXX000003,31/03/2012,31/03/2012,1333238399000,,All tenures (Number),6,10,,
15300,15300,Dwelling stock estimates,1,1,,Rhondda Cynon Taf,W06000016,17,WXX000003,31/03/2011,31/03/2011,1301615999000,,Registered Social Landlord (Number),2,3,,
90000,90000,Dwelling stock estimates,1,1,,Rhondda Cynon Taf,W06000016,17,WXX000003,31/03/2011,31/03/2011,1301615999000,,Owner occupied/Privately rented (Number),3,5,,
105300,105300,Dwelling stock estimates,1,1,,Rhondda Cynon Taf,W06000016,17,WXX000003,31/03/2011,31/03/2011,1301615999000,,All tenures (Number),6,10,,
15300,15300,Dwelling stock estimates,1,1,,Rhondda Cynon Taf,W06000016,17,WXX000003,31/03/2010,31/03/2010,1270079999000,,Registered Social Landlord (Number),2,3,,
89500,89500,Dwelling stock estimates,1,1,,Rhondda Cynon Taf,W06000016,17,WXX000003,31/03/2010,31/03/2010,1270079999000,,Owner occupied/Privately rented (Number),3,5,,
104800,104800,Dwelling stock estimates,1,1,,Rhondda Cynon Taf,W06000016,17,WXX000003,31/03/2010,31/03/2010,1270079999000,,All tenures (Number),6,10,,
15200,15200,Dwelling stock estimates,1,1,,Rhondda Cynon Taf,W06000016,17,WXX000003,31/03/2009,31/03/2009,1238543999000,,Registered Social Landlord (Number),2,3,,
89100,89100,Dwelling stock estimates,1,1,,Rhondda Cynon Taf,W06000016,17,WXX000003,31/03/2009,31/03/2009,1238543999000,,Owner occupied/Privately rented (Number),3,5,,
104300,104300,Dwelling stock estimates,1,1,,Rhondda Cynon Taf,W06000016,17,WXX000003,31/03/2009,31/03/2009,1238543999000,,All tenures (Number),6,10,,
15200,15200,Dwelling stock estimates,1,1,,Rhondda Cynon Taf,W06000016,17,WXX000003,31/03/2008,31/03/2008,1207007999000,,Registered Social Landlord (Number),2,3,,
88500,88500,Dwelling stock estimates,1,1,,Rhondda Cynon Taf,W06000016,17,WXX000003,31/03/2008,31/03/2008,1207007999000,,Owner occupied/Privately rented (Number),3,5,,
103700,103700,Dwelling stock estimates,1,1,,Rhondda Cynon Taf,W06000016,17,WXX000003,31/03/2008,31/03/2008,1207007999000,,All tenures (Number),6,10,,
10400,10400,Dwelling stock estimates,1,1,,Rhondda Cynon Taf,W06000016,17,WXX000003,31/03/2007,31/03/2007,1175385599000,,Local Authority (Number),1,1,,
4900,4900,Dwelling stock estimates,1,1,,Rhondda Cynon Taf,W06000016,17,WXX000003,31/03/2007,31/03/2007,1175385599000,,Registered Social Landlord (Number),2,3,,
87900,87900,Dwelling stock estimates,1,1,,Rhondda Cynon Taf,W06000016,17,WXX000003,31/03/2007,31/03/2007,1175385599000,,Owner occupied/Privately rented (Number),3,5,,
103100,103100,Dwelling stock estimates,1,1,,Rhondda Cynon Taf,W06000016,17,WXX000003,31/03/2007,31/03/2007,1175385599000,,All tenures (Number),6,10,,
10600,10600,Dwelling stock estimates,1,1,,Rhondda Cynon Taf,W06000016,17,WXX000003,31/03/2006,31/03/2006,1143849599000,,Local Authority (Number),1,1,,
4800,4800,Dwelling stock estimates,1,1,,Rhondda Cynon Taf,W06000016,17,WXX000003,31/03/2006,31/03/2006,1143849599000,,Registered Social Landlord (Number),2,3,,
87000,87000,Dwelling stock estimates,1,1,,Rhondda Cynon Taf,W06000016,17,WXX000003,31/03/2006,31/03/2006,1143849599000,,Owner occupied/Privately rented (Number),3,5,,
102500,102500,Dwelling stock estimates,1,1,,Rhondda Cynon Taf,W06000016,17,WXX000003,31/03/2006,31/03/2006,1143849599000,,All tenures (Number),6,10,,
10700,10700,Dwelling stock estimates,1,1,,Rhondda Cynon Taf,W06000016,17,WXX000003,31/03/2005,31/03/2005,1112313599000,,Local Authority (Number),1,1,,
4800,4800,Dwelling stock estimates,1,1,,Rhondda Cynon Taf,W06000016,17,WXX000003,31/03/2005,31/03/2005,1112313599000,,Registered Social Landlord (Number),2,3,,
86300,86300,Dwelling stock estimates,1,1,,Rhondda Cynon Taf,W06000016,17,WXX000003,31/03/2005,31/03/2005,1112313599000,,Owner occupied/Privately rented (Number),3,5,,
101800,101800,Dwelling stock estimates,1,1,,Rhondda Cynon Taf,W06000016,17,WXX000003,31/03/2005,31/03/2005,1112313599000,,All tenures (Number),6,10,,
11400,11400,Dwelling stock estimates,1,1,,Rhondda Cynon Taf,W06000016,17,WXX000003,31/03/2004,31/03/2004,1080777599000,,Local Authority (Number),1,1,,
4800,4800,Dwelling stock estimates,1,1,,Rhondda Cynon Taf,W06000016,17,WXX000003,31/03/2004,31/03/2004,1080777599000,,Registered Social Landlord (Number),2,3,,
84800,84800,Dwelling stock estimates,1,1,,Rhondda Cynon Taf,W06000016,17,WXX000003,31/03/2004,31/03/2004,1080777599000,,Owner occupied/Privately rented (Number),3,5,,
101000,101000,Dwelling stock estimates,1,1,,Rhondda Cynon Taf,W06000016,17,WXX000003,31/03/2004,31/03/2004,1080777599000,,All tenures (Number),6,10,,
12000,12000,Dwelling stock estimates,1,1,,Rhondda Cynon Taf,W06000016,17,WXX000003,31/03/2003,31/03/2003,1049155199000,,Local Authority (Number),1,1,,
4800,4800,Dwelling stock estimates,1,1,,Rhondda Cynon Taf,W06000016,17,WXX000003,31/03/2003,31/03/2003,1049155199000,,Registered Social Landlord (Number),2,3,,
83500,83500,Dwelling stock estimates,1,1,,Rhondda Cynon Taf,W06000016,17,WXX000003,31/03/2003,31/03/2003,1049155199000,,Owner occupied/Privately rented (Number),3,5,,
100300,100300,Dwelling stock estimates,1,1,,Rhondda Cynon Taf,W06000016,17,WXX000003,31/03/2003,31/03/2003,1049155199000,,All tenures (Number),6,10,,
12400,12400,Dwelling stock estimates,1,1,,Rhondda Cynon Taf,W06000016,17,WXX000003,31/03/2002,31/03/2002,1017619199000,,Local Authority (Number),1,1,,
4700,4700,Dwelling stock estimates,1,1,,Rhondda Cynon Taf,W06000016,17,WXX000003,31/03/2002,31/03/2002,1017619199000,,Registered Social Landlord (Number),2,3,,
82400,82400,Dwelling stock estimates,1,1,,Rhondda Cynon Taf,W06000016,17,WXX000003,31/03/2002,31/03/2002,1017619199000,,Owner occupied/Privately rented (Number),3,5,,
99400,99400,Dwelling stock estimates,1,1,,Rhondda Cynon Taf,W06000016,17,WXX000003,31/03/2002,31/03/2002,1017619199000,,All tenures (Number),6,10,,
13000,13000,Dwelling stock estimates,1,1,,Rhondda Cynon Taf,W06000016,17,WXX000003,31/03/2001,31/03/2001,986083199000,,Local Authority (Number),1,1,,
4700,4700,Dwelling stock estimates,1,1,,Rhondda Cynon Taf,W06000016,17,WXX000003,31/03/2001,31/03/2001,986083199000,,Registered Social Landlord (Number),2,3,,
81500,81500,Dwelling stock estimates,1,1,,Rhondda Cynon Taf,W06000016,17,WXX000003,31/03/2001,31/03/2001,986083199000,,Owner occupied/Privately rented (Number),3,5,,
99200,99200,Dwelling stock estimates,1,1,,Rhondda Cynon Taf,W06000016,17,WXX000003,31/03/2001,31/03/2001,986083199000,,All tenures (Number),6,10,,
10600,10600,Dwelling stock estimates,1,1,,Caerphilly,W06000018,18,WXX000003,31/03/2024,31/03/2024,1711929599000,,Local Authority (Number),1,1,,
4600,4600,Dwelling stock estimates,1,1,,Caerphilly,W06000018,18,WXX000003,31/03/2024,31/03/2024,1711929599000,,Registered Social Landlord (Number),2,3,,
65800,65800,Dwelling stock estimates,1,1,,Caerphilly,W06000018,18,WXX000003,31/03/2024,31/03/2024,1711929599000,,Owner occupied/Privately rented (Number),3,5,,
56400,56400,Dwelling stock estimates,1,1,,Caerphilly,W06000018,18,WXX000003,31/03/2024,31/03/2024,1711929599000,,Owner occupied (Number),4,6,,Provisional
9400,9400,Dwelling stock estimates,1,1,,Caerphilly,W06000018,18,WXX000003,31/03/2024,31/03/2024,1711929599000,,Privately rented (Number),5,8,,Provisional
81000,81000,Dwelling stock estimates,1,1,,Caerphilly,W06000018,18,WXX000003,31/03/2024,31/03/2024,1711929599000,,All tenures (Number),6,10,,
10700,10700,Dwelling stock estimates,1,1,,Caerphilly,W06000018,18,WXX000003,31/03/2023,31/03/2023,1680307199000,,Local Authority (Number),1,1,,
4500,4500,Dwelling stock estimates,1,1,,Caerphilly,W06000018,18,WXX000003,31/03/2023,31/03/2023,1680307199000,,Registered Social Landlord (Number),2,3,,
65600,65600,Dwelling stock estimates,1,1,,Caerphilly,W06000018,18,WXX000003,31/03/2023,31/03/2023,1680307199000,,Owner occupied/Privately rented (Number),3,5,,
56300,56300,Dwelling stock estimates,1,1,,Caerphilly,W06000018,18,WXX000003,31/03/2023,31/03/2023,1680307199000,,Owner occupied (Number),4,6,,
9400,9400,Dwelling stock estimates,1,1,,Caerphilly,W06000018,18,WXX000003,31/03/2023,31/03/2023,1680307199000,,Privately rented (Number),5,8,,
80800,80800,Dwelling stock estimates,1,1,,Caerphilly,W06000018,18,WXX000003,31/03/2023,31/03/2023,1680307199000,,All tenures (Number),6,10,,
10600,10600,Dwelling stock estimates,1,1,,Caerphilly,W06000018,18,WXX000003,31/03/2022,31/03/2022,1648771199000,,Local Authority (Number),1,1,,
4400,4400,Dwelling stock estimates,1,1,,Caerphilly,W06000018,18,WXX000003,31/03/2022,31/03/2022,1648771199000,,Registered Social Landlord (Number),2,3,,
65400,65400,Dwelling stock estimates,1,1,,Caerphilly,W06000018,18,WXX000003,31/03/2022,31/03/2022,1648771199000,,Owner occupied/Privately rented (Number),3,5,,
55300,55300,Dwelling stock estimates,1,1,,Caerphilly,W06000018,18,WXX000003,31/03/2022,31/03/2022,1648771199000,,Owner occupied (Number),4,6,,
10100,10100,Dwelling stock estimates,1,1,,Caerphilly,W06000018,18,WXX000003,31/03/2022,31/03/2022,1648771199000,,Privately rented (Number),5,8,,
80400,80400,Dwelling stock estimates,1,1,,Caerphilly,W06000018,18,WXX000003,31/03/2022,31/03/2022,1648771199000,,All tenures (Number),6,10,,
10600,10600,Dwelling stock estimates,1,1,,Caerphilly,W06000018,18,WXX000003,31/03/2021,31/03/2021,1617235199000,,Local Authority (Number),1,1,,
4300,4300,Dwelling stock estimates,1,1,,Caerphilly,W06000018,18,WXX000003,31/03/2021,31/03/2021,1617235199000,,Registered Social Landlord (Number),2,3,,
65300,65300,Dwelling stock estimates,1,1,,Caerphilly,W06000018,18,WXX000003,31/03/2021,31/03/2021,1617235199000,,Owner occupied/Privately rented (Number),3,5,,
55300,55300,Dwelling stock estimates,1,1,,Caerphilly,W06000018,18,WXX000003,31/03/2021,31/03/2021,1617235199000,,Owner occupied (Number),4,6,,
10000,10000,Dwelling stock estimates,1,1,,Caerphilly,W06000018,18,WXX000003,31/03/2021,31/03/2021,1617235199000,,Privately rented (Number),5,8,,
80200,80200,Dwelling stock estimates,1,1,,Caerphilly,W06000018,18,WXX000003,31/03/2021,31/03/2021,1617235199000,,All tenures (Number),6,10,,
10700,10700,Dwelling stock estimates,1,1,,Caerphilly,W06000018,18,WXX000003,31/03/2020,31/03/2020,1585699199000,,Local Authority (Number),1,1,,
4000,4000,Dwelling stock estimates,1,1,,Caerphilly,W06000018,18,WXX000003,31/03/2020,31/03/2020,1585699199000,,Registered Social Landlord (Number),2,3,,
65200,65200,Dwelling stock estimates,1,1,,Caerphilly,W06000018,18,WXX000003,31/03/2020,31/03/2020,1585699199000,,Owner occupied/Privately rented (Number),3,5,,
55400,55400,Dwelling stock estimates,1,1,,Caerphilly,W06000018,18,WXX000003,31/03/2020,31/03/2020,1585699199000,,Owner occupied (Number),4,6,,
9800,9800,Dwelling stock estimates,1,1,,Caerphilly,W06000018,18,WXX000003,31/03/2020,31/03/2020,1585699199000,,Privately rented (Number),5,8,,
79900,79900,Dwelling stock estimates,1,1,,Caerphilly,W06000018,18,WXX000003,31/03/2020,31/03/2020,1585699199000,,All tenures (Number),6,10,,
10700,10700,Dwelling stock estimates,1,1,,Caerphilly,W06000018,18,WXX000003,31/03/2019,31/03/2019,1554076799000,,Local Authority (Number),1,1,,
4000,4000,Dwelling stock estimates,1,1,,Caerphilly,W06000018,18,WXX000003,31/03/2019,31/03/2019,1554076799000,,Registered Social Landlord (Number),2,3,,
65000,65000,Dwelling stock estimates,1,1,,Caerphilly,W06000018,18,WXX000003,31/03/2019,31/03/2019,1554076799000,,Owner occupied/Privately rented (Number),3,5,,
55200,55200,Dwelling stock estimates,1,1,,Caerphilly,W06000018,18,WXX000003,31/03/2019,31/03/2019,1554076799000,,Owner occupied (Number),4,6,,
9800,9800,Dwelling stock estimates,1,1,,Caerphilly,W06000018,18,WXX000003,31/03/2019,31/03/2019,1554076799000,,Privately rented (Number),5,8,,
79700,79700,Dwelling stock estimates,1,1,,Caerphilly,W06000018,18,WXX000003,31/03/2019,31/03/2019,1554076799000,,All tenures (Number),6,10,,
10800,10800,Dwelling stock estimates,1,1,,Caerphilly,W06000018,18,WXX000003,31/03/2018,31/03/2018,1522540799000,,Local Authority (Number),1,1,,
4000,4000,Dwelling stock estimates,1,1,,Caerphilly,W06000018,18,WXX000003,31/03/2018,31/03/2018,1522540799000,,Registered Social Landlord (Number),2,3,,
64700,64700,Dwelling stock estimates,1,1,,Caerphilly,W06000018,18,WXX000003,31/03/2018,31/03/2018,1522540799000,,Owner occupied/Privately rented (Number),3,5,,
55100,55100,Dwelling stock estimates,1,1,,Caerphilly,W06000018,18,WXX000003,31/03/2018,31/03/2018,1522540799000,,Owner occupied (Number),4,6,,
9700,9700,Dwelling stock estimates,1,1,,Caerphilly,W06000018,18,WXX000003,31/03/2018,31/03/2018,1522540799000,,Privately rented (Number),5,8,,
79500,79500,Dwelling stock estimates,1,1,,Caerphilly,W06000018,18,WXX000003,31/03/2018,31/03/2018,1522540799000,,All tenures (Number),6,10,,
10800,10800,Dwelling stock estimates,1,1,,Caerphilly,W06000018,18,WXX000003,31/03/2017,31/03/2017,1491004799000,,Local Authority (Number),1,1,,
3900,3900,Dwelling stock estimates,1,1,,Caerphilly,W06000018,18,WXX000003,31/03/2017,31/03/2017,1491004799000,,Registered Social Landlord (Number),2,3,,
64500,64500,Dwelling stock estimates,1,1,,Caerphilly,W06000018,18,WXX000003,31/03/2017,31/03/2017,1491004799000,,Owner occupied/Privately rented (Number),3,5,,
55100,55100,Dwelling stock estimates,1,1,,Caerphilly,W06000018,18,WXX000003,31/03/2017,31/03/2017,1491004799000,,Owner occupied (Number),4,6,,
9400,9400,Dwelling stock estimates,1,1,,Caerphilly,W06000018,18,WXX000003,31/03/2017,31/03/2017,1491004799000,,Privately rented (Number),5,8,,
79300,79300,Dwelling stock estimates,1,1,,Caerphilly,W06000018,18,WXX000003,31/03/2017,31/03/2017,1491004799000,,All tenures (Number),6,10,,
10900,10900,Dwelling stock estimates,1,1,,Caerphilly,W06000018,18,WXX000003,31/03/2016,31/03/2016,1459468799000,,Local Authority (Number),1,1,,
3800,3800,Dwelling stock estimates,1,1,,Caerphilly,W06000018,18,WXX000003,31/03/2016,31/03/2016,1459468799000,,Registered Social Landlord (Number),2,3,,
64400,64400,Dwelling stock estimates,1,1,,Caerphilly,W06000018,18,WXX000003,31/03/2016,31/03/2016,1459468799000,,Owner occupied/Privately rented (Number),3,5,,
55300,55300,Dwelling stock estimates,1,1,,Caerphilly,W06000018,18,WXX000003,31/03/2016,31/03/2016,1459468799000,,Owner occupied (Number),4,6,,
9100,9100,Dwelling stock estimates,1,1,,Caerphilly,W06000018,18,WXX000003,31/03/2016,31/03/2016,1459468799000,,Privately rented (Number),5,8,,
79100,79100,Dwelling stock estimates,1,1,,Caerphilly,W06000018,18,WXX000003,31/03/2016,31/03/2016,1459468799000,,All tenures (Number),6,10,,
10900,10900,Dwelling stock estimates,1,1,,Caerphilly,W06000018,18,WXX000003,31/03/2015,31/03/2015,1427846399000,,Local Authority (Number),1,1,,
3700,3700,Dwelling stock estimates,1,1,,Caerphilly,W06000018,18,WXX000003,31/03/2015,31/03/2015,1427846399000,,Registered Social Landlord (Number),2,3,,
64200,64200,Dwelling stock estimates,1,1,,Caerphilly,W06000018,18,WXX000003,31/03/2015,31/03/2015,1427846399000,,Owner occupied/Privately rented (Number),3,5,,
55500,55500,Dwelling stock estimates,1,1,,Caerphilly,W06000018,18,WXX000003,31/03/2015,31/03/2015,1427846399000,,Owner occupied (Number),4,6,,
8700,8700,Dwelling stock estimates,1,1,,Caerphilly,W06000018,18,WXX000003,31/03/2015,31/03/2015,1427846399000,,Privately rented (Number),5,8,,
78800,78800,Dwelling stock estimates,1,1,,Caerphilly,W06000018,18,WXX000003,31/03/2015,31/03/2015,1427846399000,,All tenures (Number),6,10,,
10900,10900,Dwelling stock estimates,1,1,,Caerphilly,W06000018,18,WXX000003,31/03/2014,31/03/2014,1396310399000,,Local Authority (Number),1,1,,
3500,3500,Dwelling stock estimates,1,1,,Caerphilly,W06000018,18,WXX000003,31/03/2014,31/03/2014,1396310399000,,Registered Social Landlord (Number),2,3,,
63900,63900,Dwelling stock estimates,1,1,,Caerphilly,W06000018,18,WXX000003,31/03/2014,31/03/2014,1396310399000,,Owner occupied/Privately rented (Number),3,5,,
56000,56000,Dwelling stock estimates,1,1,,Caerphilly,W06000018,18,WXX000003,31/03/2014,31/03/2014,1396310399000,,Owner occupied (Number),4,6,,
7900,7900,Dwelling stock estimates,1,1,,Caerphilly,W06000018,18,WXX000003,31/03/2014,31/03/2014,1396310399000,,Privately rented (Number),5,8,,
78400,78400,Dwelling stock estimates,1,1,,Caerphilly,W06000018,18,WXX000003,31/03/2014,31/03/2014,1396310399000,,All tenures (Number),6,10,,
10900,10900,Dwelling stock estimates,1,1,,Caerphilly,W06000018,18,WXX000003,31/03/2013,31/03/2013,1364774399000,,Local Authority (Number),1,1,,
3500,3500,Dwelling stock estimates,1,1,,Caerphilly,W06000018,18,WXX000003,31/03/2013,31/03/2013,1364774399000,,Registered Social Landlord (Number),2,3,,
63500,63500,Dwelling stock estimates,1,1,,Caerphilly,W06000018,18,WXX000003,31/03/2013,31/03/2013,1364774399000,,Owner occupied/Privately rented (Number),3,5,,
55900,55900,Dwelling stock estimates,1,1,,Caerphilly,W06000018,18,WXX000003,31/03/2013,31/03/2013,1364774399000,,Owner occupied (Number),4,6,,
7600,7600,Dwelling stock estimates,1,1,,Caerphilly,W06000018,18,WXX000003,31/03/2013,31/03/2013,1364774399000,,Privately rented (Number),5,8,,
78000,78000,Dwelling stock estimates,1,1,,Caerphilly,W06000018,18,WXX000003,31/03/2013,31/03/2013,1364774399000,,All tenures (Number),6,10,,
10900,10900,Dwelling stock estimates,1,1,,Caerphilly,W06000018,18,WXX000003,31/03/2012,31/03/2012,1333238399000,,Local Authority (Number),1,1,,
3500,3500,Dwelling stock estimates,1,1,,Caerphilly,W06000018,18,WXX000003,31/03/2012,31/03/2012,1333238399000,,Registered Social Landlord (Number),2,3,,
63100,63100,Dwelling stock estimates,1,1,,Caerphilly,W06000018,18,WXX000003,31/03/2012,31/03/2012,1333238399000,,Owner occupied/Privately rented (Number),3,5,,
54800,54800,Dwelling stock estimates,1,1,,Caerphilly,W06000018,18,WXX000003,31/03/2012,31/03/2012,1333238399000,,Owner occupied (Number),4,6,,
8300,8300,Dwelling stock estimates,1,1,,Caerphilly,W06000018,18,WXX000003,31/03/2012,31/03/2012,1333238399000,,Privately rented (Number),5,8,,
77500,77500,Dwelling stock estimates,1,1,,Caerphilly,W06000018,18,WXX000003,31/03/2012,31/03/2012,1333238399000,,All tenures (Number),6,10,,
10900,10900,Dwelling stock estimates,1,1,,Caerphilly,W06000018,18,WXX000003,31/03/2011,31/03/2011,1301615999000,,Local Authority (Number),1,1,,
3500,3500,Dwelling stock estimates,1,1,,Caerphilly,W06000018,18,WXX000003,31/03/2011,31/03/2011,1301615999000,,Registered Social Landlord (Number),2,3,,
62800,62800,Dwelling stock estimates,1,1,,Caerphilly,W06000018,18,WXX000003,31/03/2011,31/03/2011,1301615999000,,Owner occupied/Privately rented (Number),3,5,,
77200,77200,Dwelling stock estimates,1,1,,Caerphilly,W06000018,18,WXX000003,31/03/2011,31/03/2011,1301615999000,,All tenures (Number),6,10,,
11000,11000,Dwelling stock estimates,1,1,,Caerphilly,W06000018,18,WXX000003,31/03/2010,31/03/2010,1270079999000,,Local Authority (Number),1,1,,
3400,3400,Dwelling stock estimates,1,1,,Caerphilly,W06000018,18,WXX000003,31/03/2010,31/03/2010,1270079999000,,Registered Social Landlord (Number),2,3,,
62500,62500,Dwelling stock estimates,1,1,,Caerphilly,W06000018,18,WXX000003,31/03/2010,31/03/2010,1270079999000,,Owner occupied/Privately rented (Number),3,5,,
76800,76800,Dwelling stock estimates,1,1,,Caerphilly,W06000018,18,WXX000003,31/03/2010,31/03/2010,1270079999000,,All tenures (Number),6,10,,
11000,11000,Dwelling stock estimates,1,1,,Caerphilly,W06000018,18,WXX000003,31/03/2009,31/03/2009,1238543999000,,Local Authority (Number),1,1,,
3200,3200,Dwelling stock estimates,1,1,,Caerphilly,W06000018,18,WXX000003,31/03/2009,31/03/2009,1238543999000,,Registered Social Landlord (Number),2,3,,
62100,62100,Dwelling stock estimates,1,1,,Caerphilly,W06000018,18,WXX000003,31/03/2009,31/03/2009,1238543999000,,Owner occupied/Privately rented (Number),3,5,,
76400,76400,Dwelling stock estimates,1,1,,Caerphilly,W06000018,18,WXX000003,31/03/2009,31/03/2009,1238543999000,,All tenures (Number),6,10,,
11000,11000,Dwelling stock estimates,1,1,,Caerphilly,W06000018,18,WXX000003,31/03/2008,31/03/2008,1207007999000,,Local Authority (Number),1,1,,
3100,3100,Dwelling stock estimates,1,1,,Caerphilly,W06000018,18,WXX000003,31/03/2008,31/03/2008,1207007999000,,Registered Social Landlord (Number),2,3,,
61700,61700,Dwelling stock estimates,1,1,,Caerphilly,W06000018,18,WXX000003,31/03/2008,31/03/2008,1207007999000,,Owner occupied/Privately rented (Number),3,5,,
75900,75900,Dwelling stock estimates,1,1,,Caerphilly,W06000018,18,WXX000003,31/03/2008,31/03/2008,1207007999000,,All tenures (Number),6,10,,
11100,11100,Dwelling stock estimates,1,1,,Caerphilly,W06000018,18,WXX000003,31/03/2007,31/03/2007,1175385599000,,Local Authority (Number),1,1,,
3100,3100,Dwelling stock estimates,1,1,,Caerphilly,W06000018,18,WXX000003,31/03/2007,31/03/2007,1175385599000,,Registered Social Landlord (Number),2,3,,
60800,60800,Dwelling stock estimates,1,1,,Caerphilly,W06000018,18,WXX000003,31/03/2007,31/03/2007,1175385599000,,Owner occupied/Privately rented (Number),3,5,,
75000,75000,Dwelling stock estimates,1,1,,Caerphilly,W06000018,18,WXX000003,31/03/2007,31/03/2007,1175385599000,,All tenures (Number),6,10,,
11200,11200,Dwelling stock estimates,1,1,,Caerphilly,W06000018,18,WXX000003,31/03/2006,31/03/2006,1143849599000,,Local Authority (Number),1,1,,
3100,3100,Dwelling stock estimates,1,1,,Caerphilly,W06000018,18,WXX000003,31/03/2006,31/03/2006,1143849599000,,Registered Social Landlord (Number),2,3,,
59900,59900,Dwelling stock estimates,1,1,,Caerphilly,W06000018,18,WXX000003,31/03/2006,31/03/2006,1143849599000,,Owner occupied/Privately rented (Number),3,5,,
74200,74200,Dwelling stock estimates,1,1,,Caerphilly,W06000018,18,WXX000003,31/03/2006,31/03/2006,1143849599000,,All tenures (Number),6,10,,
11200,11200,Dwelling stock estimates,1,1,,Caerphilly,W06000018,18,WXX000003,31/03/2005,31/03/2005,1112313599000,,Local Authority (Number),1,1,,
3000,3000,Dwelling stock estimates,1,1,,Caerphilly,W06000018,18,WXX000003,31/03/2005,31/03/2005,1112313599000,,Registered Social Landlord (Number),2,3,,
59600,59600,Dwelling stock estimates,1,1,,Caerphilly,W06000018,18,WXX000003,31/03/2005,31/03/2005,1112313599000,,Owner occupied/Privately rented (Number),3,5,,
73700,73700,Dwelling stock estimates,1,1,,Caerphilly,W06000018,18,WXX000003,31/03/2005,31/03/2005,1112313599000,,All tenures (Number),6,10,,
11600,11600,Dwelling stock estimates,1,1,,Caerphilly,W06000018,18,WXX000003,31/03/2004,31/03/2004,1080777599000,,Local Authority (Number),1,1,,
3000,3000,Dwelling stock estimates,1,1,,Caerphilly,W06000018,18,WXX000003,31/03/2004,31/03/2004,1080777599000,,Registered Social Landlord (Number),2,3,,
58700,58700,Dwelling stock estimates,1,1,,Caerphilly,W06000018,18,WXX000003,31/03/2004,31/03/2004,1080777599000,,Owner occupied/Privately rented (Number),3,5,,
73300,73300,Dwelling stock estimates,1,1,,Caerphilly,W06000018,18,WXX000003,31/03/2004,31/03/2004,1080777599000,,All tenures (Number),6,10,,
12000,12000,Dwelling stock estimates,1,1,,Caerphilly,W06000018,18,WXX000003,31/03/2003,31/03/2003,1049155199000,,Local Authority (Number),1,1,,
3000,3000,Dwelling stock estimates,1,1,,Caerphilly,W06000018,18,WXX000003,31/03/2003,31/03/2003,1049155199000,,Registered Social Landlord (Number),2,3,,
58100,58100,Dwelling stock estimates,1,1,,Caerphilly,W06000018,18,WXX000003,31/03/2003,31/03/2003,1049155199000,,Owner occupied/Privately rented (Number),3,5,,
73100,73100,Dwelling stock estimates,1,1,,Caerphilly,W06000018,18,WXX000003,31/03/2003,31/03/2003,1049155199000,,All tenures (Number),6,10,,
12500,12500,Dwelling stock estimates,1,1,,Caerphilly,W06000018,18,WXX000003,31/03/2002,31/03/2002,1017619199000,,Local Authority (Number),1,1,,
3000,3000,Dwelling stock estimates,1,1,,Caerphilly,W06000018,18,WXX000003,31/03/2002,31/03/2002,1017619199000,,Registered Social Landlord (Number),2,3,,
57200,57200,Dwelling stock estimates,1,1,,Caerphilly,W06000018,18,WXX000003,31/03/2002,31/03/2002,1017619199000,,Owner occupied/Privately rented (Number),3,5,,
72700,72700,Dwelling stock estimates,1,1,,Caerphilly,W06000018,18,WXX000003,31/03/2002,31/03/2002,1017619199000,,All tenures (Number),6,10,,
12700,12700,Dwelling stock estimates,1,1,,Caerphilly,W06000018,18,WXX000003,31/03/2001,31/03/2001,986083199000,,Local Authority (Number),1,1,,
2900,2900,Dwelling stock estimates,1,1,,Caerphilly,W06000018,18,WXX000003,31/03/2001,31/03/2001,986083199000,,Registered Social Landlord (Number),2,3,,
56400,56400,Dwelling stock estimates,1,1,,Caerphilly,W06000018,18,WXX000003,31/03/2001,31/03/2001,986083199000,,Owner occupied/Privately rented (Number),3,5,,
72000,72000,Dwelling stock estimates,1,1,,Caerphilly,W06000018,18,WXX000003,31/03/2001,31/03/2001,986083199000,,All tenures (Number),6,10,,
7900,7900,Dwelling stock estimates,1,1,,Blaenau Gwent,W06000019,19,WXX000003,31/03/2024,31/03/2024,1711929599000,,Registered Social Landlord (Number),2,3,,
25300,25300,Dwelling stock estimates,1,1,,Blaenau Gwent,W06000019,19,WXX000003,31/03/2024,31/03/2024,1711929599000,,Owner occupied/Privately rented (Number),3,5,,
20900,20900,Dwelling stock estimates,1,1,,Blaenau Gwent,W06000019,19,WXX000003,31/03/2024,31/03/2024,1711929599000,,Owner occupied (Number),4,6,,Provisional
4300,4300,Dwelling stock estimates,1,1,,Blaenau Gwent,W06000019,19,WXX000003,31/03/2024,31/03/2024,1711929599000,,Privately rented (Number),5,8,,Provisional
33100,33100,Dwelling stock estimates,1,1,,Blaenau Gwent,W06000019,19,WXX000003,31/03/2024,31/03/2024,1711929599000,,All tenures (Number),6,10,,
7900,7900,Dwelling stock estimates,1,1,,Blaenau Gwent,W06000019,19,WXX000003,31/03/2023,31/03/2023,1680307199000,,Registered Social Landlord (Number),2,3,,
25200,25200,Dwelling stock estimates,1,1,,Blaenau Gwent,W06000019,19,WXX000003,31/03/2023,31/03/2023,1680307199000,,Owner occupied/Privately rented (Number),3,5,,
20900,20900,Dwelling stock estimates,1,1,,Blaenau Gwent,W06000019,19,WXX000003,31/03/2023,31/03/2023,1680307199000,,Owner occupied (Number),4,6,,
4300,4300,Dwelling stock estimates,1,1,,Blaenau Gwent,W06000019,19,WXX000003,31/03/2023,31/03/2023,1680307199000,,Privately rented (Number),5,8,,
33100,33100,Dwelling stock estimates,1,1,,Blaenau Gwent,W06000019,19,WXX000003,31/03/2023,31/03/2023,1680307199000,,All tenures (Number),6,10,,
7900,7900,Dwelling stock estimates,1,1,,Blaenau Gwent,W06000019,19,WXX000003,31/03/2022,31/03/2022,1648771199000,,Registered Social Landlord (Number),2,3,,
25000,25000,Dwelling stock estimates,1,1,,Blaenau Gwent,W06000019,19,WXX000003,31/03/2022,31/03/2022,1648771199000,,Owner occupied/Privately rented (Number),3,5,,
20700,20700,Dwelling stock estimates,1,1,,Blaenau Gwent,W06000019,19,WXX000003,31/03/2022,31/03/2022,1648771199000,,Owner occupied (Number),4,6,,
4400,4400,Dwelling stock estimates,1,1,,Blaenau Gwent,W06000019,19,WXX000003,31/03/2022,31/03/2022,1648771199000,,Privately rented (Number),5,8,,
32900,32900,Dwelling stock estimates,1,1,,Blaenau Gwent,W06000019,19,WXX000003,31/03/2022,31/03/2022,1648771199000,,All tenures (Number),6,10,,
7800,7800,Dwelling stock estimates,1,1,,Blaenau Gwent,W06000019,19,WXX000003,31/03/2021,31/03/2021,1617235199000,,Registered Social Landlord (Number),2,3,,
25000,25000,Dwelling stock estimates,1,1,,Blaenau Gwent,W06000019,19,WXX000003,31/03/2021,31/03/2021,1617235199000,,Owner occupied/Privately rented (Number),3,5,,
20700,20700,Dwelling stock estimates,1,1,,Blaenau Gwent,W06000019,19,WXX000003,31/03/2021,31/03/2021,1617235199000,,Owner occupied (Number),4,6,,
4300,4300,Dwelling stock estimates,1,1,,Blaenau Gwent,W06000019,19,WXX000003,31/03/2021,31/03/2021,1617235199000,,Privately rented (Number),5,8,,
32900,32900,Dwelling stock estimates,1,1,,Blaenau Gwent,W06000019,19,WXX000003,31/03/2021,31/03/2021,1617235199000,,All tenures (Number),6,10,,
7700,7700,Dwelling stock estimates,1,1,,Blaenau Gwent,W06000019,19,WXX000003,31/03/2020,31/03/2020,1585699199000,,Registered Social Landlord (Number),2,3,,
25000,25000,Dwelling stock estimates,1,1,,Blaenau Gwent,W06000019,19,WXX000003,31/03/2020,31/03/2020,1585699199000,,Owner occupied/Privately rented (Number),3,5,,
20500,20500,Dwelling stock estimates,1,1,,Blaenau Gwent,W06000019,19,WXX000003,31/03/2020,31/03/2020,1585699199000,,Owner occupied (Number),4,6,,
4500,4500,Dwelling stock estimates,1,1,,Blaenau Gwent,W06000019,19,WXX000003,31/03/2020,31/03/2020,1585699199000,,Privately rented (Number),5,8,,
32800,32800,Dwelling stock estimates,1,1,,Blaenau Gwent,W06000019,19,WXX000003,31/03/2020,31/03/2020,1585699199000,,All tenures (Number),6,10,,
7800,7800,Dwelling stock estimates,1,1,,Blaenau Gwent,W06000019,19,WXX000003,31/03/2019,31/03/2019,1554076799000,,Registered Social Landlord (Number),2,3,,
24900,24900,Dwelling stock estimates,1,1,,Blaenau Gwent,W06000019,19,WXX000003,31/03/2019,31/03/2019,1554076799000,,Owner occupied/Privately rented (Number),3,5,,
20400,20400,Dwelling stock estimates,1,1,,Blaenau Gwent,W06000019,19,WXX000003,31/03/2019,31/03/2019,1554076799000,,Owner occupied (Number),4,6,,
4600,4600,Dwelling stock estimates,1,1,,Blaenau Gwent,W06000019,19,WXX000003,31/03/2019,31/03/2019,1554076799000,,Privately rented (Number),5,8,,
32700,32700,Dwelling stock estimates,1,1,,Blaenau Gwent,W06000019,19,WXX000003,31/03/2019,31/03/2019,1554076799000,,All tenures (Number),6,10,,
7800,7800,Dwelling stock estimates,1,1,,Blaenau Gwent,W06000019,19,WXX000003,31/03/2018,31/03/2018,1522540799000,,Registered Social Landlord (Number),2,3,,
24800,24800,Dwelling stock estimates,1,1,,Blaenau Gwent,W06000019,19,WXX000003,31/03/2018,31/03/2018,1522540799000,,Owner occupied/Privately rented (Number),3,5,,
20500,20500,Dwelling stock estimates,1,1,,Blaenau Gwent,W06000019,19,WXX000003,31/03/2018,31/03/2018,1522540799000,,Owner occupied (Number),4,6,,
4300,4300,Dwelling stock estimates,1,1,,Blaenau Gwent,W06000019,19,WXX000003,31/03/2018,31/03/2018,1522540799000,,Privately rented (Number),5,8,,
32600,32600,Dwelling stock estimates,1,1,,Blaenau Gwent,W06000019,19,WXX000003,31/03/2018,31/03/2018,1522540799000,,All tenures (Number),6,10,,
7900,7900,Dwelling stock estimates,1,1,,Blaenau Gwent,W06000019,19,WXX000003,31/03/2017,31/03/2017,1491004799000,,Registered Social Landlord (Number),2,3,,
24700,24700,Dwelling stock estimates,1,1,,Blaenau Gwent,W06000019,19,WXX000003,31/03/2017,31/03/2017,1491004799000,,Owner occupied/Privately rented (Number),3,5,,
20200,20200,Dwelling stock estimates,1,1,,Blaenau Gwent,W06000019,19,WXX000003,31/03/2017,31/03/2017,1491004799000,,Owner occupied (Number),4,6,,
4500,4500,Dwelling stock estimates,1,1,,Blaenau Gwent,W06000019,19,WXX000003,31/03/2017,31/03/2017,1491004799000,,Privately rented (Number),5,8,,
32600,32600,Dwelling stock estimates,1,1,,Blaenau Gwent,W06000019,19,WXX000003,31/03/2017,31/03/2017,1491004799000,,All tenures (Number),6,10,,
7900,7900,Dwelling stock estimates,1,1,,Blaenau Gwent,W06000019,19,WXX000003,31/03/2016,31/03/2016,1459468799000,,Registered Social Landlord (Number),2,3,,
24600,24600,Dwelling stock estimates,1,1,,Blaenau Gwent,W06000019,19,WXX000003,31/03/2016,31/03/2016,1459468799000,,Owner occupied/Privately rented (Number),3,5,,
19700,19700,Dwelling stock estimates,1,1,,Blaenau Gwent,W06000019,19,WXX000003,31/03/2016,31/03/2016,1459468799000,,Owner occupied (Number),4,6,,
4800,4800,Dwelling stock estimates,1,1,,Blaenau Gwent,W06000019,19,WXX000003,31/03/2016,31/03/2016,1459468799000,,Privately rented (Number),5,8,,
32500,32500,Dwelling stock estimates,1,1,,Blaenau Gwent,W06000019,19,WXX000003,31/03/2016,31/03/2016,1459468799000,,All tenures (Number),6,10,,
7900,7900,Dwelling stock estimates,1,1,,Blaenau Gwent,W06000019,19,WXX000003,31/03/2015,31/03/2015,1427846399000,,Registered Social Landlord (Number),2,3,,
24500,24500,Dwelling stock estimates,1,1,,Blaenau Gwent,W06000019,19,WXX000003,31/03/2015,31/03/2015,1427846399000,,Owner occupied/Privately rented (Number),3,5,,
19600,19600,Dwelling stock estimates,1,1,,Blaenau Gwent,W06000019,19,WXX000003,31/03/2015,31/03/2015,1427846399000,,Owner occupied (Number),4,6,,
4900,4900,Dwelling stock estimates,1,1,,Blaenau Gwent,W06000019,19,WXX000003,31/03/2015,31/03/2015,1427846399000,,Privately rented (Number),5,8,,
32400,32400,Dwelling stock estimates,1,1,,Blaenau Gwent,W06000019,19,WXX000003,31/03/2015,31/03/2015,1427846399000,,All tenures (Number),6,10,,
7900,7900,Dwelling stock estimates,1,1,,Blaenau Gwent,W06000019,19,WXX000003,31/03/2014,31/03/2014,1396310399000,,Registered Social Landlord (Number),2,3,,
24300,24300,Dwelling stock estimates,1,1,,Blaenau Gwent,W06000019,19,WXX000003,31/03/2014,31/03/2014,1396310399000,,Owner occupied/Privately rented (Number),3,5,,
19700,19700,Dwelling stock estimates,1,1,,Blaenau Gwent,W06000019,19,WXX000003,31/03/2014,31/03/2014,1396310399000,,Owner occupied (Number),4,6,,
4600,4600,Dwelling stock estimates,1,1,,Blaenau Gwent,W06000019,19,WXX000003,31/03/2014,31/03/2014,1396310399000,,Privately rented (Number),5,8,,
32300,32300,Dwelling stock estimates,1,1,,Blaenau Gwent,W06000019,19,WXX000003,31/03/2014,31/03/2014,1396310399000,,All tenures (Number),6,10,,
7900,7900,Dwelling stock estimates,1,1,,Blaenau Gwent,W06000019,19,WXX000003,31/03/2013,31/03/2013,1364774399000,,Registered Social Landlord (Number),2,3,,
24300,24300,Dwelling stock estimates,1,1,,Blaenau Gwent,W06000019,19,WXX000003,31/03/2013,31/03/2013,1364774399000,,Owner occupied/Privately rented (Number),3,5,,
20100,20100,Dwelling stock estimates,1,1,,Blaenau Gwent,W06000019,19,WXX000003,31/03/2013,31/03/2013,1364774399000,,Owner occupied (Number),4,6,,
4200,4200,Dwelling stock estimates,1,1,,Blaenau Gwent,W06000019,19,WXX000003,31/03/2013,31/03/2013,1364774399000,,Privately rented (Number),5,8,,
32200,32200,Dwelling stock estimates,1,1,,Blaenau Gwent,W06000019,19,WXX000003,31/03/2013,31/03/2013,1364774399000,,All tenures (Number),6,10,,
7900,7900,Dwelling stock estimates,1,1,,Blaenau Gwent,W06000019,19,WXX000003,31/03/2012,31/03/2012,1333238399000,,Registered Social Landlord (Number),2,3,,
24200,24200,Dwelling stock estimates,1,1,,Blaenau Gwent,W06000019,19,WXX000003,31/03/2012,31/03/2012,1333238399000,,Owner occupied/Privately rented (Number),3,5,,
20200,20200,Dwelling stock estimates,1,1,,Blaenau Gwent,W06000019,19,WXX000003,31/03/2012,31/03/2012,1333238399000,,Owner occupied (Number),4,6,,
4000,4000,Dwelling stock estimates,1,1,,Blaenau Gwent,W06000019,19,WXX000003,31/03/2012,31/03/2012,1333238399000,,Privately rented (Number),5,8,,
32100,32100,Dwelling stock estimates,1,1,,Blaenau Gwent,W06000019,19,WXX000003,31/03/2012,31/03/2012,1333238399000,,All tenures (Number),6,10,,
7800,7800,Dwelling stock estimates,1,1,,Blaenau Gwent,W06000019,19,WXX000003,31/03/2011,31/03/2011,1301615999000,,Registered Social Landlord (Number),2,3,,
24200,24200,Dwelling stock estimates,1,1,,Blaenau Gwent,W06000019,19,WXX000003,31/03/2011,31/03/2011,1301615999000,,Owner occupied/Privately rented (Number),3,5,,
32000,32000,Dwelling stock estimates,1,1,,Blaenau Gwent,W06000019,19,WXX000003,31/03/2011,31/03/2011,1301615999000,,All tenures (Number),6,10,,
6300,6300,Dwelling stock estimates,1,1,,Blaenau Gwent,W06000019,19,WXX000003,31/03/2010,31/03/2010,1270079999000,,Local Authority (Number),1,1,,
1500,1500,Dwelling stock estimates,1,1,,Blaenau Gwent,W06000019,19,WXX000003,31/03/2010,31/03/2010,1270079999000,,Registered Social Landlord (Number),2,3,,
24100,24100,Dwelling stock estimates,1,1,,Blaenau Gwent,W06000019,19,WXX000003,31/03/2010,31/03/2010,1270079999000,,Owner occupied/Privately rented (Number),3,5,,
31900,31900,Dwelling stock estimates,1,1,,Blaenau Gwent,W06000019,19,WXX000003,31/03/2010,31/03/2010,1270079999000,,All tenures (Number),6,10,,
6300,6300,Dwelling stock estimates,1,1,,Blaenau Gwent,W06000019,19,WXX000003,31/03/2009,31/03/2009,1238543999000,,Local Authority (Number),1,1,,
1500,1500,Dwelling stock estimates,1,1,,Blaenau Gwent,W06000019,19,WXX000003,31/03/2009,31/03/2009,1238543999000,,Registered Social Landlord (Number),2,3,,
24100,24100,Dwelling stock estimates,1,1,,Blaenau Gwent,W06000019,19,WXX000003,31/03/2009,31/03/2009,1238543999000,,Owner occupied/Privately rented (Number),3,5,,
31900,31900,Dwelling stock estimates,1,1,,Blaenau Gwent,W06000019,19,WXX000003,31/03/2009,31/03/2009,1238543999000,,All tenures (Number),6,10,,
6000,6000,Dwelling stock estimates,1,1,,Blaenau Gwent,W06000019,19,WXX000003,31/03/2008,31/03/2008,1207007999000,,Local Authority (Number),1,1,,
1500,1500,Dwelling stock estimates,1,1,,Blaenau Gwent,W06000019,19,WXX000003,31/03/2008,31/03/2008,1207007999000,,Registered Social Landlord (Number),2,3,,
24300,24300,Dwelling stock estimates,1,1,,Blaenau Gwent,W06000019,19,WXX000003,31/03/2008,31/03/2008,1207007999000,,Owner occupied/Privately rented (Number),3,5,,
31800,31800,Dwelling stock estimates,1,1,,Blaenau Gwent,W06000019,19,WXX000003,31/03/2008,31/03/2008,1207007999000,,All tenures (Number),6,10,,
6100,6100,Dwelling stock estimates,1,1,,Blaenau Gwent,W06000019,19,WXX000003,31/03/2007,31/03/2007,1175385599000,,Local Authority (Number),1,1,,
1500,1500,Dwelling stock estimates,1,1,,Blaenau Gwent,W06000019,19,WXX000003,31/03/2007,31/03/2007,1175385599000,,Registered Social Landlord (Number),2,3,,
24100,24100,Dwelling stock estimates,1,1,,Blaenau Gwent,W06000019,19,WXX000003,31/03/2007,31/03/2007,1175385599000,,Owner occupied/Privately rented (Number),3,5,,
31700,31700,Dwelling stock estimates,1,1,,Blaenau Gwent,W06000019,19,WXX000003,31/03/2007,31/03/2007,1175385599000,,All tenures (Number),6,10,,
6300,6300,Dwelling stock estimates,1,1,,Blaenau Gwent,W06000019,19,WXX000003,31/03/2006,31/03/2006,1143849599000,,Local Authority (Number),1,1,,
1500,1500,Dwelling stock estimates,1,1,,Blaenau Gwent,W06000019,19,WXX000003,31/03/2006,31/03/2006,1143849599000,,Registered Social Landlord (Number),2,3,,
23900,23900,Dwelling stock estimates,1,1,,Blaenau Gwent,W06000019,19,WXX000003,31/03/2006,31/03/2006,1143849599000,,Owner occupied/Privately rented (Number),3,5,,
31600,31600,Dwelling stock estimates,1,1,,Blaenau Gwent,W06000019,19,WXX000003,31/03/2006,31/03/2006,1143849599000,,All tenures (Number),6,10,,
6500,6500,Dwelling stock estimates,1,1,,Blaenau Gwent,W06000019,19,WXX000003,31/03/2005,31/03/2005,1112313599000,,Local Authority (Number),1,1,,
1500,1500,Dwelling stock estimates,1,1,,Blaenau Gwent,W06000019,19,WXX000003,31/03/2005,31/03/2005,1112313599000,,Registered Social Landlord (Number),2,3,,
23600,23600,Dwelling stock estimates,1,1,,Blaenau Gwent,W06000019,19,WXX000003,31/03/2005,31/03/2005,1112313599000,,Owner occupied/Privately rented (Number),3,5,,
31500,31500,Dwelling stock estimates,1,1,,Blaenau Gwent,W06000019,19,WXX000003,31/03/2005,31/03/2005,1112313599000,,All tenures (Number),6,10,,
6700,6700,Dwelling stock estimates,1,1,,Blaenau Gwent,W06000019,19,WXX000003,31/03/2004,31/03/2004,1080777599000,,Local Authority (Number),1,1,,
1500,1500,Dwelling stock estimates,1,1,,Blaenau Gwent,W06000019,19,WXX000003,31/03/2004,31/03/2004,1080777599000,,Registered Social Landlord (Number),2,3,,
23300,23300,Dwelling stock estimates,1,1,,Blaenau Gwent,W06000019,19,WXX000003,31/03/2004,31/03/2004,1080777599000,,Owner occupied/Privately rented (Number),3,5,,
31500,31500,Dwelling stock estimates,1,1,,Blaenau Gwent,W06000019,19,WXX000003,31/03/2004,31/03/2004,1080777599000,,All tenures (Number),6,10,,
7800,7800,Dwelling stock estimates,1,1,,Blaenau Gwent,W06000019,19,WXX000003,31/03/2003,31/03/2003,1049155199000,,Local Authority (Number),1,1,,
1500,1500,Dwelling stock estimates,1,1,,Blaenau Gwent,W06000019,19,WXX000003,31/03/2003,31/03/2003,1049155199000,,Registered Social Landlord (Number),2,3,,
22200,22200,Dwelling stock estimates,1,1,,Blaenau Gwent,W06000019,19,WXX000003,31/03/2003,31/03/2003,1049155199000,,Owner occupied/Privately rented (Number),3,5,,
31500,31500,Dwelling stock estimates,1,1,,Blaenau Gwent,W06000019,19,WXX000003,31/03/2003,31/03/2003,1049155199000,,All tenures (Number),6,10,,
8000,8000,Dwelling stock estimates,1,1,,Blaenau Gwent,W06000019,19,WXX000003,31/03/2002,31/03/2002,1017619199000,,Local Authority (Number),1,1,,
1600,1600,Dwelling stock estimates,1,1,,Blaenau Gwent,W06000019,19,WXX000003,31/03/2002,31/03/2002,1017619199000,,Registered Social Landlord (Number),2,3,,
21800,21800,Dwelling stock estimates,1,1,,Blaenau Gwent,W06000019,19,WXX000003,31/03/2002,31/03/2002,1017619199000,,Owner occupied/Privately rented (Number),3,5,,
31400,31400,Dwelling stock estimates,1,1,,Blaenau Gwent,W06000019,19,WXX000003,31/03/2002,31/03/2002,1017619199000,,All tenures (Number),6,10,,
8200,8200,Dwelling stock estimates,1,1,,Blaenau Gwent,W06000019,19,WXX000003,31/03/2001,31/03/2001,986083199000,,Local Authority (Number),1,1,,
1500,1500,Dwelling stock estimates,1,1,,Blaenau Gwent,W06000019,19,WXX000003,31/03/2001,31/03/2001,986083199000,,Registered Social Landlord (Number),2,3,,
21700,21700,Dwelling stock estimates,1,1,,Blaenau Gwent,W06000019,19,WXX000003,31/03/2001,31/03/2001,986083199000,,Owner occupied/Privately rented (Number),3,5,,
31400,31400,Dwelling stock estimates,1,1,,Blaenau Gwent,W06000019,19,WXX000003,31/03/2001,31/03/2001,986083199000,,All tenures (Number),6,10,,
10400,10400,Dwelling stock estimates,1,1,,Torfaen,W06000020,20,WXX000003,31/03/2024,31/03/2024,1711929599000,,Registered Social Landlord (Number),2,3,,
32900,32900,Dwelling stock estimates,1,1,,Torfaen,W06000020,20,WXX000003,31/03/2024,31/03/2024,1711929599000,,Owner occupied/Privately rented (Number),3,5,,
29000,29000,Dwelling stock estimates,1,1,,Torfaen,W06000020,20,WXX000003,31/03/2024,31/03/2024,1711929599000,,Owner occupied (Number),4,6,,Provisional
3900,3900,Dwelling stock estimates,1,1,,Torfaen,W06000020,20,WXX000003,31/03/2024,31/03/2024,1711929599000,,Privately rented (Number),5,8,,Provisional
43200,43200,Dwelling stock estimates,1,1,,Torfaen,W06000020,20,WXX000003,31/03/2024,31/03/2024,1711929599000,,All tenures (Number),6,10,,
10300,10300,Dwelling stock estimates,1,1,,Torfaen,W06000020,20,WXX000003,31/03/2023,31/03/2023,1680307199000,,Registered Social Landlord (Number),2,3,,
32800,32800,Dwelling stock estimates,1,1,,Torfaen,W06000020,20,WXX000003,31/03/2023,31/03/2023,1680307199000,,Owner occupied/Privately rented (Number),3,5,,
28900,28900,Dwelling stock estimates,1,1,,Torfaen,W06000020,20,WXX000003,31/03/2023,31/03/2023,1680307199000,,Owner occupied (Number),4,6,,
3900,3900,Dwelling stock estimates,1,1,,Torfaen,W06000020,20,WXX000003,31/03/2023,31/03/2023,1680307199000,,Privately rented (Number),5,8,,
43100,43100,Dwelling stock estimates,1,1,,Torfaen,W06000020,20,WXX000003,31/03/2023,31/03/2023,1680307199000,,All tenures (Number),6,10,,
10300,10300,Dwelling stock estimates,1,1,,Torfaen,W06000020,20,WXX000003,31/03/2022,31/03/2022,1648771199000,,Registered Social Landlord (Number),2,3,,
32700,32700,Dwelling stock estimates,1,1,,Torfaen,W06000020,20,WXX000003,31/03/2022,31/03/2022,1648771199000,,Owner occupied/Privately rented (Number),3,5,,
29000,29000,Dwelling stock estimates,1,1,,Torfaen,W06000020,20,WXX000003,31/03/2022,31/03/2022,1648771199000,,Owner occupied (Number),4,6,,
3700,3700,Dwelling stock estimates,1,1,,Torfaen,W06000020,20,WXX000003,31/03/2022,31/03/2022,1648771199000,,Privately rented (Number),5,8,,
43000,43000,Dwelling stock estimates,1,1,,Torfaen,W06000020,20,WXX000003,31/03/2022,31/03/2022,1648771199000,,All tenures (Number),6,10,,
10200,10200,Dwelling stock estimates,1,1,,Torfaen,W06000020,20,WXX000003,31/03/2021,31/03/2021,1617235199000,,Registered Social Landlord (Number),2,3,,
32500,32500,Dwelling stock estimates,1,1,,Torfaen,W06000020,20,WXX000003,31/03/2021,31/03/2021,1617235199000,,Owner occupied/Privately rented (Number),3,5,,
29100,29100,Dwelling stock estimates,1,1,,Torfaen,W06000020,20,WXX000003,31/03/2021,31/03/2021,1617235199000,,Owner occupied (Number),4,6,,
3400,3400,Dwelling stock estimates,1,1,,Torfaen,W06000020,20,WXX000003,31/03/2021,31/03/2021,1617235199000,,Privately rented (Number),5,8,,
42800,42800,Dwelling stock estimates,1,1,,Torfaen,W06000020,20,WXX000003,31/03/2021,31/03/2021,1617235199000,,All tenures (Number),6,10,,
10100,10100,Dwelling stock estimates,1,1,,Torfaen,W06000020,20,WXX000003,31/03/2020,31/03/2020,1585699199000,,Registered Social Landlord (Number),2,3,,
32400,32400,Dwelling stock estimates,1,1,,Torfaen,W06000020,20,WXX000003,31/03/2020,31/03/2020,1585699199000,,Owner occupied/Privately rented (Number),3,5,,
28900,28900,Dwelling stock estimates,1,1,,Torfaen,W06000020,20,WXX000003,31/03/2020,31/03/2020,1585699199000,,Owner occupied (Number),4,6,,
3600,3600,Dwelling stock estimates,1,1,,Torfaen,W06000020,20,WXX000003,31/03/2020,31/03/2020,1585699199000,,Privately rented (Number),5,8,,
42500,42500,Dwelling stock estimates,1,1,,Torfaen,W06000020,20,WXX000003,31/03/2020,31/03/2020,1585699199000,,All tenures (Number),6,10,,
10000,10000,Dwelling stock estimates,1,1,,Torfaen,W06000020,20,WXX000003,31/03/2019,31/03/2019,1554076799000,,Registered Social Landlord (Number),2,3,,
32100,32100,Dwelling stock estimates,1,1,,Torfaen,W06000020,20,WXX000003,31/03/2019,31/03/2019,1554076799000,,Owner occupied/Privately rented (Number),3,5,,
28200,28200,Dwelling stock estimates,1,1,,Torfaen,W06000020,20,WXX000003,31/03/2019,31/03/2019,1554076799000,,Owner occupied (Number),4,6,,
3900,3900,Dwelling stock estimates,1,1,,Torfaen,W06000020,20,WXX000003,31/03/2019,31/03/2019,1554076799000,,Privately rented (Number),5,8,,
42200,42200,Dwelling stock estimates,1,1,,Torfaen,W06000020,20,WXX000003,31/03/2019,31/03/2019,1554076799000,,All tenures (Number),6,10,,
10000,10000,Dwelling stock estimates,1,1,,Torfaen,W06000020,20,WXX000003,31/03/2018,31/03/2018,1522540799000,,Registered Social Landlord (Number),2,3,,
31800,31800,Dwelling stock estimates,1,1,,Torfaen,W06000020,20,WXX000003,31/03/2018,31/03/2018,1522540799000,,Owner occupied/Privately rented (Number),3,5,,
27500,27500,Dwelling stock estimates,1,1,,Torfaen,W06000020,20,WXX000003,31/03/2018,31/03/2018,1522540799000,,Owner occupied (Number),4,6,,
4300,4300,Dwelling stock estimates,1,1,,Torfaen,W06000020,20,WXX000003,31/03/2018,31/03/2018,1522540799000,,Privately rented (Number),5,8,,
41800,41800,Dwelling stock estimates,1,1,,Torfaen,W06000020,20,WXX000003,31/03/2018,31/03/2018,1522540799000,,All tenures (Number),6,10,,
9900,9900,Dwelling stock estimates,1,1,,Torfaen,W06000020,20,WXX000003,31/03/2017,31/03/2017,1491004799000,,Registered Social Landlord (Number),2,3,,
31500,31500,Dwelling stock estimates,1,1,,Torfaen,W06000020,20,WXX000003,31/03/2017,31/03/2017,1491004799000,,Owner occupied/Privately rented (Number),3,5,,
27300,27300,Dwelling stock estimates,1,1,,Torfaen,W06000020,20,WXX000003,31/03/2017,31/03/2017,1491004799000,,Owner occupied (Number),4,6,,
4300,4300,Dwelling stock estimates,1,1,,Torfaen,W06000020,20,WXX000003,31/03/2017,31/03/2017,1491004799000,,Privately rented (Number),5,8,,
41500,41500,Dwelling stock estimates,1,1,,Torfaen,W06000020,20,WXX000003,31/03/2017,31/03/2017,1491004799000,,All tenures (Number),6,10,,
9900,9900,Dwelling stock estimates,1,1,,Torfaen,W06000020,20,WXX000003,31/03/2016,31/03/2016,1459468799000,,Registered Social Landlord (Number),2,3,,
31400,31400,Dwelling stock estimates,1,1,,Torfaen,W06000020,20,WXX000003,31/03/2016,31/03/2016,1459468799000,,Owner occupied/Privately rented (Number),3,5,,
27400,27400,Dwelling stock estimates,1,1,,Torfaen,W06000020,20,WXX000003,31/03/2016,31/03/2016,1459468799000,,Owner occupied (Number),4,6,,
4000,4000,Dwelling stock estimates,1,1,,Torfaen,W06000020,20,WXX000003,31/03/2016,31/03/2016,1459468799000,,Privately rented (Number),5,8,,
41300,41300,Dwelling stock estimates,1,1,,Torfaen,W06000020,20,WXX000003,31/03/2016,31/03/2016,1459468799000,,All tenures (Number),6,10,,
9800,9800,Dwelling stock estimates,1,1,,Torfaen,W06000020,20,WXX000003,31/03/2015,31/03/2015,1427846399000,,Registered Social Landlord (Number),2,3,,
31300,31300,Dwelling stock estimates,1,1,,Torfaen,W06000020,20,WXX000003,31/03/2015,31/03/2015,1427846399000,,Owner occupied/Privately rented (Number),3,5,,
27500,27500,Dwelling stock estimates,1,1,,Torfaen,W06000020,20,WXX000003,31/03/2015,31/03/2015,1427846399000,,Owner occupied (Number),4,6,,
3800,3800,Dwelling stock estimates,1,1,,Torfaen,W06000020,20,WXX000003,31/03/2015,31/03/2015,1427846399000,,Privately rented (Number),5,8,,
41100,41100,Dwelling stock estimates,1,1,,Torfaen,W06000020,20,WXX000003,31/03/2015,31/03/2015,1427846399000,,All tenures (Number),6,10,,
9800,9800,Dwelling stock estimates,1,1,,Torfaen,W06000020,20,WXX000003,31/03/2014,31/03/2014,1396310399000,,Registered Social Landlord (Number),2,3,,
31100,31100,Dwelling stock estimates,1,1,,Torfaen,W06000020,20,WXX000003,31/03/2014,31/03/2014,1396310399000,,Owner occupied/Privately rented (Number),3,5,,
27600,27600,Dwelling stock estimates,1,1,,Torfaen,W06000020,20,WXX000003,31/03/2014,31/03/2014,1396310399000,,Owner occupied (Number),4,6,,
3500,3500,Dwelling stock estimates,1,1,,Torfaen,W06000020,20,WXX000003,31/03/2014,31/03/2014,1396310399000,,Privately rented (Number),5,8,,
40900,40900,Dwelling stock estimates,1,1,,Torfaen,W06000020,20,WXX000003,31/03/2014,31/03/2014,1396310399000,,All tenures (Number),6,10,,
9800,9800,Dwelling stock estimates,1,1,,Torfaen,W06000020,20,WXX000003,31/03/2013,31/03/2013,1364774399000,,Registered Social Landlord (Number),2,3,,
30900,30900,Dwelling stock estimates,1,1,,Torfaen,W06000020,20,WXX000003,31/03/2013,31/03/2013,1364774399000,,Owner occupied/Privately rented (Number),3,5,,
27700,27700,Dwelling stock estimates,1,1,,Torfaen,W06000020,20,WXX000003,31/03/2013,31/03/2013,1364774399000,,Owner occupied (Number),4,6,,
3100,3100,Dwelling stock estimates,1,1,,Torfaen,W06000020,20,WXX000003,31/03/2013,31/03/2013,1364774399000,,Privately rented (Number),5,8,,
40600,40600,Dwelling stock estimates,1,1,,Torfaen,W06000020,20,WXX000003,31/03/2013,31/03/2013,1364774399000,,All tenures (Number),6,10,,
9800,9800,Dwelling stock estimates,1,1,,Torfaen,W06000020,20,WXX000003,31/03/2012,31/03/2012,1333238399000,,Registered Social Landlord (Number),2,3,,
30700,30700,Dwelling stock estimates,1,1,,Torfaen,W06000020,20,WXX000003,31/03/2012,31/03/2012,1333238399000,,Owner occupied/Privately rented (Number),3,5,,
27700,27700,Dwelling stock estimates,1,1,,Torfaen,W06000020,20,WXX000003,31/03/2012,31/03/2012,1333238399000,,Owner occupied (Number),4,6,,
3000,3000,Dwelling stock estimates,1,1,,Torfaen,W06000020,20,WXX000003,31/03/2012,31/03/2012,1333238399000,,Privately rented (Number),5,8,,
40400,40400,Dwelling stock estimates,1,1,,Torfaen,W06000020,20,WXX000003,31/03/2012,31/03/2012,1333238399000,,All tenures (Number),6,10,,
9800,9800,Dwelling stock estimates,1,1,,Torfaen,W06000020,20,WXX000003,31/03/2011,31/03/2011,1301615999000,,Registered Social Landlord (Number),2,3,,
30500,30500,Dwelling stock estimates,1,1,,Torfaen,W06000020,20,WXX000003,31/03/2011,31/03/2011,1301615999000,,Owner occupied/Privately rented (Number),3,5,,
40200,40200,Dwelling stock estimates,1,1,,Torfaen,W06000020,20,WXX000003,31/03/2011,31/03/2011,1301615999000,,All tenures (Number),6,10,,
9700,9700,Dwelling stock estimates,1,1,,Torfaen,W06000020,20,WXX000003,31/03/2010,31/03/2010,1270079999000,,Registered Social Landlord (Number),2,3,,
30300,30300,Dwelling stock estimates,1,1,,Torfaen,W06000020,20,WXX000003,31/03/2010,31/03/2010,1270079999000,,Owner occupied/Privately rented (Number),3,5,,
40000,40000,Dwelling stock estimates,1,1,,Torfaen,W06000020,20,WXX000003,31/03/2010,31/03/2010,1270079999000,,All tenures (Number),6,10,,
9700,9700,Dwelling stock estimates,1,1,,Torfaen,W06000020,20,WXX000003,31/03/2009,31/03/2009,1238543999000,,Registered Social Landlord (Number),2,3,,
30200,30200,Dwelling stock estimates,1,1,,Torfaen,W06000020,20,WXX000003,31/03/2009,31/03/2009,1238543999000,,Owner occupied/Privately rented (Number),3,5,,
39800,39800,Dwelling stock estimates,1,1,,Torfaen,W06000020,20,WXX000003,31/03/2009,31/03/2009,1238543999000,,All tenures (Number),6,10,,
9700,9700,Dwelling stock estimates,1,1,,Torfaen,W06000020,20,WXX000003,31/03/2008,31/03/2008,1207007999000,,Registered Social Landlord (Number),2,3,,
30000,30000,Dwelling stock estimates,1,1,,Torfaen,W06000020,20,WXX000003,31/03/2008,31/03/2008,1207007999000,,Owner occupied/Privately rented (Number),3,5,,
39700,39700,Dwelling stock estimates,1,1,,Torfaen,W06000020,20,WXX000003,31/03/2008,31/03/2008,1207007999000,,All tenures (Number),6,10,,
8300,8300,Dwelling stock estimates,1,1,,Torfaen,W06000020,20,WXX000003,31/03/2007,31/03/2007,1175385599000,,Local Authority (Number),1,1,,
1600,1600,Dwelling stock estimates,1,1,,Torfaen,W06000020,20,WXX000003,31/03/2007,31/03/2007,1175385599000,,Registered Social Landlord (Number),2,3,,
29600,29600,Dwelling stock estimates,1,1,,Torfaen,W06000020,20,WXX000003,31/03/2007,31/03/2007,1175385599000,,Owner occupied/Privately rented (Number),3,5,,
39400,39400,Dwelling stock estimates,1,1,,Torfaen,W06000020,20,WXX000003,31/03/2007,31/03/2007,1175385599000,,All tenures (Number),6,10,,
8300,8300,Dwelling stock estimates,1,1,,Torfaen,W06000020,20,WXX000003,31/03/2006,31/03/2006,1143849599000,,Local Authority (Number),1,1,,
1500,1500,Dwelling stock estimates,1,1,,Torfaen,W06000020,20,WXX000003,31/03/2006,31/03/2006,1143849599000,,Registered Social Landlord (Number),2,3,,
29400,29400,Dwelling stock estimates,1,1,,Torfaen,W06000020,20,WXX000003,31/03/2006,31/03/2006,1143849599000,,Owner occupied/Privately rented (Number),3,5,,
39200,39200,Dwelling stock estimates,1,1,,Torfaen,W06000020,20,WXX000003,31/03/2006,31/03/2006,1143849599000,,All tenures (Number),6,10,,
8300,8300,Dwelling stock estimates,1,1,,Torfaen,W06000020,20,WXX000003,31/03/2005,31/03/2005,1112313599000,,Local Authority (Number),1,1,,
1500,1500,Dwelling stock estimates,1,1,,Torfaen,W06000020,20,WXX000003,31/03/2005,31/03/2005,1112313599000,,Registered Social Landlord (Number),2,3,,
29200,29200,Dwelling stock estimates,1,1,,Torfaen,W06000020,20,WXX000003,31/03/2005,31/03/2005,1112313599000,,Owner occupied/Privately rented (Number),3,5,,
39100,39100,Dwelling stock estimates,1,1,,Torfaen,W06000020,20,WXX000003,31/03/2005,31/03/2005,1112313599000,,All tenures (Number),6,10,,
8600,8600,Dwelling stock estimates,1,1,,Torfaen,W06000020,20,WXX000003,31/03/2004,31/03/2004,1080777599000,,Local Authority (Number),1,1,,
1500,1500,Dwelling stock estimates,1,1,,Torfaen,W06000020,20,WXX000003,31/03/2004,31/03/2004,1080777599000,,Registered Social Landlord (Number),2,3,,
28700,28700,Dwelling stock estimates,1,1,,Torfaen,W06000020,20,WXX000003,31/03/2004,31/03/2004,1080777599000,,Owner occupied/Privately rented (Number),3,5,,
38900,38900,Dwelling stock estimates,1,1,,Torfaen,W06000020,20,WXX000003,31/03/2004,31/03/2004,1080777599000,,All tenures (Number),6,10,,
9200,9200,Dwelling stock estimates,1,1,,Torfaen,W06000020,20,WXX000003,31/03/2003,31/03/2003,1049155199000,,Local Authority (Number),1,1,,
1500,1500,Dwelling stock estimates,1,1,,Torfaen,W06000020,20,WXX000003,31/03/2003,31/03/2003,1049155199000,,Registered Social Landlord (Number),2,3,,
28200,28200,Dwelling stock estimates,1,1,,Torfaen,W06000020,20,WXX000003,31/03/2003,31/03/2003,1049155199000,,Owner occupied/Privately rented (Number),3,5,,
38900,38900,Dwelling stock estimates,1,1,,Torfaen,W06000020,20,WXX000003,31/03/2003,31/03/2003,1049155199000,,All tenures (Number),6,10,,
9500,9500,Dwelling stock estimates,1,1,,Torfaen,W06000020,20,WXX000003,31/03/2002,31/03/2002,1017619199000,,Local Authority (Number),1,1,,
1500,1500,Dwelling stock estimates,1,1,,Torfaen,W06000020,20,WXX000003,31/03/2002,31/03/2002,1017619199000,,Registered Social Landlord (Number),2,3,,
27700,27700,Dwelling stock estimates,1,1,,Torfaen,W06000020,20,WXX000003,31/03/2002,31/03/2002,1017619199000,,Owner occupied/Privately rented (Number),3,5,,
38800,38800,Dwelling stock estimates,1,1,,Torfaen,W06000020,20,WXX000003,31/03/2002,31/03/2002,1017619199000,,All tenures (Number),6,10,,
9900,9900,Dwelling stock estimates,1,1,,Torfaen,W06000020,20,WXX000003,31/03/2001,31/03/2001,986083199000,,Local Authority (Number),1,1,,
800,800,Dwelling stock estimates,1,1,,Torfaen,W06000020,20,WXX000003,31/03/2001,31/03/2001,986083199000,,Registered Social Landlord (Number),2,3,,
28000,28000,Dwelling stock estimates,1,1,,Torfaen,W06000020,20,WXX000003,31/03/2001,31/03/2001,986083199000,,Owner occupied/Privately rented (Number),3,5,,
38700,38700,Dwelling stock estimates,1,1,,Torfaen,W06000020,20,WXX000003,31/03/2001,31/03/2001,986083199000,,All tenures (Number),6,10,,
5800,5800,Dwelling stock estimates,1,1,,Monmouthshire,W06000021,21,WXX000003,31/03/2024,31/03/2024,1711929599000,,Registered Social Landlord (Number),2,3,,
38400,38400,Dwelling stock estimates,1,1,,Monmouthshire,W06000021,21,WXX000003,31/03/2024,31/03/2024,1711929599000,,Owner occupied/Privately rented (Number),3,5,,
35100,35100,Dwelling stock estimates,1,1,,Monmouthshire,W06000021,21,WXX000003,31/03/2024,31/03/2024,1711929599000,,Owner occupied (Number),4,6,,Provisional
3300,3300,Dwelling stock estimates,1,1,,Monmouthshire,W06000021,21,WXX000003,31/03/2024,31/03/2024,1711929599000,,Privately rented (Number),5,8,,Provisional
44300,44300,Dwelling stock estimates,1,1,,Monmouthshire,W06000021,21,WXX000003,31/03/2024,31/03/2024,1711929599000,,All tenures (Number),6,10,,
5700,5700,Dwelling stock estimates,1,1,,Monmouthshire,W06000021,21,WXX000003,31/03/2023,31/03/2023,1680307199000,,Registered Social Landlord (Number),2,3,,
38300,38300,Dwelling stock estimates,1,1,,Monmouthshire,W06000021,21,WXX000003,31/03/2023,31/03/2023,1680307199000,,Owner occupied/Privately rented (Number),3,5,,
35000,35000,Dwelling stock estimates,1,1,,Monmouthshire,W06000021,21,WXX000003,31/03/2023,31/03/2023,1680307199000,,Owner occupied (Number),4,6,,
3300,3300,Dwelling stock estimates,1,1,,Monmouthshire,W06000021,21,WXX000003,31/03/2023,31/03/2023,1680307199000,,Privately rented (Number),5,8,,
44000,44000,Dwelling stock estimates,1,1,,Monmouthshire,W06000021,21,WXX000003,31/03/2023,31/03/2023,1680307199000,,All tenures (Number),6,10,,
5700,5700,Dwelling stock estimates,1,1,,Monmouthshire,W06000021,21,WXX000003,31/03/2022,31/03/2022,1648771199000,,Registered Social Landlord (Number),2,3,,
38000,38000,Dwelling stock estimates,1,1,,Monmouthshire,W06000021,21,WXX000003,31/03/2022,31/03/2022,1648771199000,,Owner occupied/Privately rented (Number),3,5,,
34700,34700,Dwelling stock estimates,1,1,,Monmouthshire,W06000021,21,WXX000003,31/03/2022,31/03/2022,1648771199000,,Owner occupied (Number),4,6,,
3400,3400,Dwelling stock estimates,1,1,,Monmouthshire,W06000021,21,WXX000003,31/03/2022,31/03/2022,1648771199000,,Privately rented (Number),5,8,,
43700,43700,Dwelling stock estimates,1,1,,Monmouthshire,W06000021,21,WXX000003,31/03/2022,31/03/2022,1648771199000,,All tenures (Number),6,10,,
5600,5600,Dwelling stock estimates,1,1,,Monmouthshire,W06000021,21,WXX000003,31/03/2021,31/03/2021,1617235199000,,Registered Social Landlord (Number),2,3,,
37800,37800,Dwelling stock estimates,1,1,,Monmouthshire,W06000021,21,WXX000003,31/03/2021,31/03/2021,1617235199000,,Owner occupied/Privately rented (Number),3,5,,
33700,33700,Dwelling stock estimates,1,1,,Monmouthshire,W06000021,21,WXX000003,31/03/2021,31/03/2021,1617235199000,,Owner occupied (Number),4,6,,
4100,4100,Dwelling stock estimates,1,1,,Monmouthshire,W06000021,21,WXX000003,31/03/2021,31/03/2021,1617235199000,,Privately rented (Number),5,8,,
43500,43500,Dwelling stock estimates,1,1,,Monmouthshire,W06000021,21,WXX000003,31/03/2021,31/03/2021,1617235199000,,All tenures (Number),6,10,,
5600,5600,Dwelling stock estimates,1,1,,Monmouthshire,W06000021,21,WXX000003,31/03/2020,31/03/2020,1585699199000,,Registered Social Landlord (Number),2,3,,
37500,37500,Dwelling stock estimates,1,1,,Monmouthshire,W06000021,21,WXX000003,31/03/2020,31/03/2020,1585699199000,,Owner occupied/Privately rented (Number),3,5,,
32800,32800,Dwelling stock estimates,1,1,,Monmouthshire,W06000021,21,WXX000003,31/03/2020,31/03/2020,1585699199000,,Owner occupied (Number),4,6,,
4800,4800,Dwelling stock estimates,1,1,,Monmouthshire,W06000021,21,WXX000003,31/03/2020,31/03/2020,1585699199000,,Privately rented (Number),5,8,,
43100,43100,Dwelling stock estimates,1,1,,Monmouthshire,W06000021,21,WXX000003,31/03/2020,31/03/2020,1585699199000,,All tenures (Number),6,10,,
5500,5500,Dwelling stock estimates,1,1,,Monmouthshire,W06000021,21,WXX000003,31/03/2019,31/03/2019,1554076799000,,Registered Social Landlord (Number),2,3,,
37100,37100,Dwelling stock estimates,1,1,,Monmouthshire,W06000021,21,WXX000003,31/03/2019,31/03/2019,1554076799000,,Owner occupied/Privately rented (Number),3,5,,
32200,32200,Dwelling stock estimates,1,1,,Monmouthshire,W06000021,21,WXX000003,31/03/2019,31/03/2019,1554076799000,,Owner occupied (Number),4,6,,
4900,4900,Dwelling stock estimates,1,1,,Monmouthshire,W06000021,21,WXX000003,31/03/2019,31/03/2019,1554076799000,,Privately rented (Number),5,8,,
42600,42600,Dwelling stock estimates,1,1,,Monmouthshire,W06000021,21,WXX000003,31/03/2019,31/03/2019,1554076799000,,All tenures (Number),6,10,,
5400,5400,Dwelling stock estimates,1,1,,Monmouthshire,W06000021,21,WXX000003,31/03/2018,31/03/2018,1522540799000,,Registered Social Landlord (Number),2,3,,
36800,36800,Dwelling stock estimates,1,1,,Monmouthshire,W06000021,21,WXX000003,31/03/2018,31/03/2018,1522540799000,,Owner occupied/Privately rented (Number),3,5,,
31800,31800,Dwelling stock estimates,1,1,,Monmouthshire,W06000021,21,WXX000003,31/03/2018,31/03/2018,1522540799000,,Owner occupied (Number),4,6,,
5000,5000,Dwelling stock estimates,1,1,,Monmouthshire,W06000021,21,WXX000003,31/03/2018,31/03/2018,1522540799000,,Privately rented (Number),5,8,,
42200,42200,Dwelling stock estimates,1,1,,Monmouthshire,W06000021,21,WXX000003,31/03/2018,31/03/2018,1522540799000,,All tenures (Number),6,10,,
5400,5400,Dwelling stock estimates,1,1,,Monmouthshire,W06000021,21,WXX000003,31/03/2017,31/03/2017,1491004799000,,Registered Social Landlord (Number),2,3,,
36500,36500,Dwelling stock estimates,1,1,,Monmouthshire,W06000021,21,WXX000003,31/03/2017,31/03/2017,1491004799000,,Owner occupied/Privately rented (Number),3,5,,
31600,31600,Dwelling stock estimates,1,1,,Monmouthshire,W06000021,21,WXX000003,31/03/2017,31/03/2017,1491004799000,,Owner occupied (Number),4,6,,
4900,4900,Dwelling stock estimates,1,1,,Monmouthshire,W06000021,21,WXX000003,31/03/2017,31/03/2017,1491004799000,,Privately rented (Number),5,8,,
41900,41900,Dwelling stock estimates,1,1,,Monmouthshire,W06000021,21,WXX000003,31/03/2017,31/03/2017,1491004799000,,All tenures (Number),6,10,,
5400,5400,Dwelling stock estimates,1,1,,Monmouthshire,W06000021,21,WXX000003,31/03/2016,31/03/2016,1459468799000,,Registered Social Landlord (Number),2,3,,
36300,36300,Dwelling stock estimates,1,1,,Monmouthshire,W06000021,21,WXX000003,31/03/2016,31/03/2016,1459468799000,,Owner occupied/Privately rented (Number),3,5,,
31700,31700,Dwelling stock estimates,1,1,,Monmouthshire,W06000021,21,WXX000003,31/03/2016,31/03/2016,1459468799000,,Owner occupied (Number),4,6,,
4600,4600,Dwelling stock estimates,1,1,,Monmouthshire,W06000021,21,WXX000003,31/03/2016,31/03/2016,1459468799000,,Privately rented (Number),5,8,,
41600,41600,Dwelling stock estimates,1,1,,Monmouthshire,W06000021,21,WXX000003,31/03/2016,31/03/2016,1459468799000,,All tenures (Number),6,10,,
5300,5300,Dwelling stock estimates,1,1,,Monmouthshire,W06000021,21,WXX000003,31/03/2015,31/03/2015,1427846399000,,Registered Social Landlord (Number),2,3,,
36000,36000,Dwelling stock estimates,1,1,,Monmouthshire,W06000021,21,WXX000003,31/03/2015,31/03/2015,1427846399000,,Owner occupied/Privately rented (Number),3,5,,
31700,31700,Dwelling stock estimates,1,1,,Monmouthshire,W06000021,21,WXX000003,31/03/2015,31/03/2015,1427846399000,,Owner occupied (Number),4,6,,
4300,4300,Dwelling stock estimates,1,1,,Monmouthshire,W06000021,21,WXX000003,31/03/2015,31/03/2015,1427846399000,,Privately rented (Number),5,8,,
41300,41300,Dwelling stock estimates,1,1,,Monmouthshire,W06000021,21,WXX000003,31/03/2015,31/03/2015,1427846399000,,All tenures (Number),6,10,,
5200,5200,Dwelling stock estimates,1,1,,Monmouthshire,W06000021,21,WXX000003,31/03/2014,31/03/2014,1396310399000,,Registered Social Landlord (Number),2,3,,
35800,35800,Dwelling stock estimates,1,1,,Monmouthshire,W06000021,21,WXX000003,31/03/2014,31/03/2014,1396310399000,,Owner occupied/Privately rented (Number),3,5,,
31500,31500,Dwelling stock estimates,1,1,,Monmouthshire,W06000021,21,WXX000003,31/03/2014,31/03/2014,1396310399000,,Owner occupied (Number),4,6,,
4200,4200,Dwelling stock estimates,1,1,,Monmouthshire,W06000021,21,WXX000003,31/03/2014,31/03/2014,1396310399000,,Privately rented (Number),5,8,,
41000,41000,Dwelling stock estimates,1,1,,Monmouthshire,W06000021,21,WXX000003,31/03/2014,31/03/2014,1396310399000,,All tenures (Number),6,10,,
5300,5300,Dwelling stock estimates,1,1,,Monmouthshire,W06000021,21,WXX000003,31/03/2013,31/03/2013,1364774399000,,Registered Social Landlord (Number),2,3,,
35300,35300,Dwelling stock estimates,1,1,,Monmouthshire,W06000021,21,WXX000003,31/03/2013,31/03/2013,1364774399000,,Owner occupied/Privately rented (Number),3,5,,
31100,31100,Dwelling stock estimates,1,1,,Monmouthshire,W06000021,21,WXX000003,31/03/2013,31/03/2013,1364774399000,,Owner occupied (Number),4,6,,
4300,4300,Dwelling stock estimates,1,1,,Monmouthshire,W06000021,21,WXX000003,31/03/2013,31/03/2013,1364774399000,,Privately rented (Number),5,8,,
40600,40600,Dwelling stock estimates,1,1,,Monmouthshire,W06000021,21,WXX000003,31/03/2013,31/03/2013,1364774399000,,All tenures (Number),6,10,,
5300,5300,Dwelling stock estimates,1,1,,Monmouthshire,W06000021,21,WXX000003,31/03/2012,31/03/2012,1333238399000,,Registered Social Landlord (Number),2,3,,
35000,35000,Dwelling stock estimates,1,1,,Monmouthshire,W06000021,21,WXX000003,31/03/2012,31/03/2012,1333238399000,,Owner occupied/Privately rented (Number),3,5,,
30700,30700,Dwelling stock estimates,1,1,,Monmouthshire,W06000021,21,WXX000003,31/03/2012,31/03/2012,1333238399000,,Owner occupied (Number),4,6,,
4200,4200,Dwelling stock estimates,1,1,,Monmouthshire,W06000021,21,WXX000003,31/03/2012,31/03/2012,1333238399000,,Privately rented (Number),5,8,,
40300,40300,Dwelling stock estimates,1,1,,Monmouthshire,W06000021,21,WXX000003,31/03/2012,31/03/2012,1333238399000,,All tenures (Number),6,10,,
5300,5300,Dwelling stock estimates,1,1,,Monmouthshire,W06000021,21,WXX000003,31/03/2011,31/03/2011,1301615999000,,Registered Social Landlord (Number),2,3,,
34800,34800,Dwelling stock estimates,1,1,,Monmouthshire,W06000021,21,WXX000003,31/03/2011,31/03/2011,1301615999000,,Owner occupied/Privately rented (Number),3,5,,
40000,40000,Dwelling stock estimates,1,1,,Monmouthshire,W06000021,21,WXX000003,31/03/2011,31/03/2011,1301615999000,,All tenures (Number),6,10,,
5200,5200,Dwelling stock estimates,1,1,,Monmouthshire,W06000021,21,WXX000003,31/03/2010,31/03/2010,1270079999000,,Registered Social Landlord (Number),2,3,,
34600,34600,Dwelling stock estimates,1,1,,Monmouthshire,W06000021,21,WXX000003,31/03/2010,31/03/2010,1270079999000,,Owner occupied/Privately rented (Number),3,5,,
39800,39800,Dwelling stock estimates,1,1,,Monmouthshire,W06000021,21,WXX000003,31/03/2010,31/03/2010,1270079999000,,All tenures (Number),6,10,,
5200,5200,Dwelling stock estimates,1,1,,Monmouthshire,W06000021,21,WXX000003,31/03/2009,31/03/2009,1238543999000,,Registered Social Landlord (Number),2,3,,
34400,34400,Dwelling stock estimates,1,1,,Monmouthshire,W06000021,21,WXX000003,31/03/2009,31/03/2009,1238543999000,,Owner occupied/Privately rented (Number),3,5,,
39600,39600,Dwelling stock estimates,1,1,,Monmouthshire,W06000021,21,WXX000003,31/03/2009,31/03/2009,1238543999000,,All tenures (Number),6,10,,
5100,5100,Dwelling stock estimates,1,1,,Monmouthshire,W06000021,21,WXX000003,31/03/2008,31/03/2008,1207007999000,,Registered Social Landlord (Number),2,3,,
34100,34100,Dwelling stock estimates,1,1,,Monmouthshire,W06000021,21,WXX000003,31/03/2008,31/03/2008,1207007999000,,Owner occupied/Privately rented (Number),3,5,,
39200,39200,Dwelling stock estimates,1,1,,Monmouthshire,W06000021,21,WXX000003,31/03/2008,31/03/2008,1207007999000,,All tenures (Number),6,10,,
3500,3500,Dwelling stock estimates,1,1,,Monmouthshire,W06000021,21,WXX000003,31/03/2007,31/03/2007,1175385599000,,Local Authority (Number),1,1,,
1500,1500,Dwelling stock estimates,1,1,,Monmouthshire,W06000021,21,WXX000003,31/03/2007,31/03/2007,1175385599000,,Registered Social Landlord (Number),2,3,,
34000,34000,Dwelling stock estimates,1,1,,Monmouthshire,W06000021,21,WXX000003,31/03/2007,31/03/2007,1175385599000,,Owner occupied/Privately rented (Number),3,5,,
39000,39000,Dwelling stock estimates,1,1,,Monmouthshire,W06000021,21,WXX000003,31/03/2007,31/03/2007,1175385599000,,All tenures (Number),6,10,,
3500,3500,Dwelling stock estimates,1,1,,Monmouthshire,W06000021,21,WXX000003,31/03/2006,31/03/2006,1143849599000,,Local Authority (Number),1,1,,
1500,1500,Dwelling stock estimates,1,1,,Monmouthshire,W06000021,21,WXX000003,31/03/2006,31/03/2006,1143849599000,,Registered Social Landlord (Number),2,3,,
33700,33700,Dwelling stock estimates,1,1,,Monmouthshire,W06000021,21,WXX000003,31/03/2006,31/03/2006,1143849599000,,Owner occupied/Privately rented (Number),3,5,,
38700,38700,Dwelling stock estimates,1,1,,Monmouthshire,W06000021,21,WXX000003,31/03/2006,31/03/2006,1143849599000,,All tenures (Number),6,10,,
3600,3600,Dwelling stock estimates,1,1,,Monmouthshire,W06000021,21,WXX000003,31/03/2005,31/03/2005,1112313599000,,Local Authority (Number),1,1,,
1400,1400,Dwelling stock estimates,1,1,,Monmouthshire,W06000021,21,WXX000003,31/03/2005,31/03/2005,1112313599000,,Registered Social Landlord (Number),2,3,,
33500,33500,Dwelling stock estimates,1,1,,Monmouthshire,W06000021,21,WXX000003,31/03/2005,31/03/2005,1112313599000,,Owner occupied/Privately rented (Number),3,5,,
38500,38500,Dwelling stock estimates,1,1,,Monmouthshire,W06000021,21,WXX000003,31/03/2005,31/03/2005,1112313599000,,All tenures (Number),6,10,,
3700,3700,Dwelling stock estimates,1,1,,Monmouthshire,W06000021,21,WXX000003,31/03/2004,31/03/2004,1080777599000,,Local Authority (Number),1,1,,
1400,1400,Dwelling stock estimates,1,1,,Monmouthshire,W06000021,21,WXX000003,31/03/2004,31/03/2004,1080777599000,,Registered Social Landlord (Number),2,3,,
32900,32900,Dwelling stock estimates,1,1,,Monmouthshire,W06000021,21,WXX000003,31/03/2004,31/03/2004,1080777599000,,Owner occupied/Privately rented (Number),3,5,,
38000,38000,Dwelling stock estimates,1,1,,Monmouthshire,W06000021,21,WXX000003,31/03/2004,31/03/2004,1080777599000,,All tenures (Number),6,10,,
3800,3800,Dwelling stock estimates,1,1,,Monmouthshire,W06000021,21,WXX000003,31/03/2003,31/03/2003,1049155199000,,Local Authority (Number),1,1,,
1400,1400,Dwelling stock estimates,1,1,,Monmouthshire,W06000021,21,WXX000003,31/03/2003,31/03/2003,1049155199000,,Registered Social Landlord (Number),2,3,,
32300,32300,Dwelling stock estimates,1,1,,Monmouthshire,W06000021,21,WXX000003,31/03/2003,31/03/2003,1049155199000,,Owner occupied/Privately rented (Number),3,5,,
37500,37500,Dwelling stock estimates,1,1,,Monmouthshire,W06000021,21,WXX000003,31/03/2003,31/03/2003,1049155199000,,All tenures (Number),6,10,,
3900,3900,Dwelling stock estimates,1,1,,Monmouthshire,W06000021,21,WXX000003,31/03/2002,31/03/2002,1017619199000,,Local Authority (Number),1,1,,
1400,1400,Dwelling stock estimates,1,1,,Monmouthshire,W06000021,21,WXX000003,31/03/2002,31/03/2002,1017619199000,,Registered Social Landlord (Number),2,3,,
31900,31900,Dwelling stock estimates,1,1,,Monmouthshire,W06000021,21,WXX000003,31/03/2002,31/03/2002,1017619199000,,Owner occupied/Privately rented (Number),3,5,,
37200,37200,Dwelling stock estimates,1,1,,Monmouthshire,W06000021,21,WXX000003,31/03/2002,31/03/2002,1017619199000,,All tenures (Number),6,10,,
4000,4000,Dwelling stock estimates,1,1,,Monmouthshire,W06000021,21,WXX000003,31/03/2001,31/03/2001,986083199000,,Local Authority (Number),1,1,,
1400,1400,Dwelling stock estimates,1,1,,Monmouthshire,W06000021,21,WXX000003,31/03/2001,31/03/2001,986083199000,,Registered Social Landlord (Number),2,3,,
31400,31400,Dwelling stock estimates,1,1,,Monmouthshire,W06000021,21,WXX000003,31/03/2001,31/03/2001,986083199000,,Owner occupied/Privately rented (Number),3,5,,
36700,36700,Dwelling stock estimates,1,1,,Monmouthshire,W06000021,21,WXX000003,31/03/2001,31/03/2001,986083199000,,All tenures (Number),6,10,,
13900,13900,Dwelling stock estimates,1,1,,Newport,W06000022,22,WXX000003,31/03/2024,31/03/2024,1711929599000,,Registered Social Landlord (Number),2,3,,
56900,56900,Dwelling stock estimates,1,1,,Newport,W06000022,22,WXX000003,31/03/2024,31/03/2024,1711929599000,,Owner occupied/Privately rented (Number),3,5,,
48500,48500,Dwelling stock estimates,1,1,,Newport,W06000022,22,WXX000003,31/03/2024,31/03/2024,1711929599000,,Owner occupied (Number),4,6,,Provisional
8400,8400,Dwelling stock estimates,1,1,,Newport,W06000022,22,WXX000003,31/03/2024,31/03/2024,1711929599000,,Privately rented (Number),5,8,,Provisional
70800,70800,Dwelling stock estimates,1,1,,Newport,W06000022,22,WXX000003,31/03/2024,31/03/2024,1711929599000,,All tenures (Number),6,10,,
13700,13700,Dwelling stock estimates,1,1,,Newport,W06000022,22,WXX000003,31/03/2023,31/03/2023,1680307199000,,Registered Social Landlord (Number),2,3,,
56600,56600,Dwelling stock estimates,1,1,,Newport,W06000022,22,WXX000003,31/03/2023,31/03/2023,1680307199000,,Owner occupied/Privately rented (Number),3,5,,
48200,48200,Dwelling stock estimates,1,1,,Newport,W06000022,22,WXX000003,31/03/2023,31/03/2023,1680307199000,,Owner occupied (Number),4,6,,
8400,8400,Dwelling stock estimates,1,1,,Newport,W06000022,22,WXX000003,31/03/2023,31/03/2023,1680307199000,,Privately rented (Number),5,8,,
70300,70300,Dwelling stock estimates,1,1,,Newport,W06000022,22,WXX000003,31/03/2023,31/03/2023,1680307199000,,All tenures (Number),6,10,,
13600,13600,Dwelling stock estimates,1,1,,Newport,W06000022,22,WXX000003,31/03/2022,31/03/2022,1648771199000,,Registered Social Landlord (Number),2,3,,
56200,56200,Dwelling stock estimates,1,1,,Newport,W06000022,22,WXX000003,31/03/2022,31/03/2022,1648771199000,,Owner occupied/Privately rented (Number),3,5,,
47500,47500,Dwelling stock estimates,1,1,,Newport,W06000022,22,WXX000003,31/03/2022,31/03/2022,1648771199000,,Owner occupied (Number),4,6,,
8700,8700,Dwelling stock estimates,1,1,,Newport,W06000022,22,WXX000003,31/03/2022,31/03/2022,1648771199000,,Privately rented (Number),5,8,,
69900,69900,Dwelling stock estimates,1,1,,Newport,W06000022,22,WXX000003,31/03/2022,31/03/2022,1648771199000,,All tenures (Number),6,10,,
13600,13600,Dwelling stock estimates,1,1,,Newport,W06000022,22,WXX000003,31/03/2021,31/03/2021,1617235199000,,Registered Social Landlord (Number),2,3,,
56100,56100,Dwelling stock estimates,1,1,,Newport,W06000022,22,WXX000003,31/03/2021,31/03/2021,1617235199000,,Owner occupied/Privately rented (Number),3,5,,
47700,47700,Dwelling stock estimates,1,1,,Newport,W06000022,22,WXX000003,31/03/2021,31/03/2021,1617235199000,,Owner occupied (Number),4,6,,
8400,8400,Dwelling stock estimates,1,1,,Newport,W06000022,22,WXX000003,31/03/2021,31/03/2021,1617235199000,,Privately rented (Number),5,8,,
69700,69700,Dwelling stock estimates,1,1,,Newport,W06000022,22,WXX000003,31/03/2021,31/03/2021,1617235199000,,All tenures (Number),6,10,,
13300,13300,Dwelling stock estimates,1,1,,Newport,W06000022,22,WXX000003,31/03/2020,31/03/2020,1585699199000,,Registered Social Landlord (Number),2,3,,
56200,56200,Dwelling stock estimates,1,1,,Newport,W06000022,22,WXX000003,31/03/2020,31/03/2020,1585699199000,,Owner occupied/Privately rented (Number),3,5,,
47700,47700,Dwelling stock estimates,1,1,,Newport,W06000022,22,WXX000003,31/03/2020,31/03/2020,1585699199000,,Owner occupied (Number),4,6,,
8500,8500,Dwelling stock estimates,1,1,,Newport,W06000022,22,WXX000003,31/03/2020,31/03/2020,1585699199000,,Privately rented (Number),5,8,,
69400,69400,Dwelling stock estimates,1,1,,Newport,W06000022,22,WXX000003,31/03/2020,31/03/2020,1585699199000,,All tenures (Number),6,10,,
13200,13200,Dwelling stock estimates,1,1,,Newport,W06000022,22,WXX000003,31/03/2019,31/03/2019,1554076799000,,Registered Social Landlord (Number),2,3,,
55900,55900,Dwelling stock estimates,1,1,,Newport,W06000022,22,WXX000003,31/03/2019,31/03/2019,1554076799000,,Owner occupied/Privately rented (Number),3,5,,
46200,46200,Dwelling stock estimates,1,1,,Newport,W06000022,22,WXX000003,31/03/2019,31/03/2019,1554076799000,,Owner occupied (Number),4,6,,
9700,9700,Dwelling stock estimates,1,1,,Newport,W06000022,22,WXX000003,31/03/2019,31/03/2019,1554076799000,,Privately rented (Number),5,8,,
69000,69000,Dwelling stock estimates,1,1,,Newport,W06000022,22,WXX000003,31/03/2019,31/03/2019,1554076799000,,All tenures (Number),6,10,,
13100,13100,Dwelling stock estimates,1,1,,Newport,W06000022,22,WXX000003,31/03/2018,31/03/2018,1522540799000,,Registered Social Landlord (Number),2,3,,
55300,55300,Dwelling stock estimates,1,1,,Newport,W06000022,22,WXX000003,31/03/2018,31/03/2018,1522540799000,,Owner occupied/Privately rented (Number),3,5,,
44600,44600,Dwelling stock estimates,1,1,,Newport,W06000022,22,WXX000003,31/03/2018,31/03/2018,1522540799000,,Owner occupied (Number),4,6,,
10700,10700,Dwelling stock estimates,1,1,,Newport,W06000022,22,WXX000003,31/03/2018,31/03/2018,1522540799000,,Privately rented (Number),5,8,,
68400,68400,Dwelling stock estimates,1,1,,Newport,W06000022,22,WXX000003,31/03/2018,31/03/2018,1522540799000,,All tenures (Number),6,10,,
13000,13000,Dwelling stock estimates,1,1,,Newport,W06000022,22,WXX000003,31/03/2017,31/03/2017,1491004799000,,Registered Social Landlord (Number),2,3,,
54400,54400,Dwelling stock estimates,1,1,,Newport,W06000022,22,WXX000003,31/03/2017,31/03/2017,1491004799000,,Owner occupied/Privately rented (Number),3,5,,
43500,43500,Dwelling stock estimates,1,1,,Newport,W06000022,22,WXX000003,31/03/2017,31/03/2017,1491004799000,,Owner occupied (Number),4,6,,
11000,11000,Dwelling stock estimates,1,1,,Newport,W06000022,22,WXX000003,31/03/2017,31/03/2017,1491004799000,,Privately rented (Number),5,8,,
67500,67500,Dwelling stock estimates,1,1,,Newport,W06000022,22,WXX000003,31/03/2017,31/03/2017,1491004799000,,All tenures (Number),6,10,,
13000,13000,Dwelling stock estimates,1,1,,Newport,W06000022,22,WXX000003,31/03/2016,31/03/2016,1459468799000,,Registered Social Landlord (Number),2,3,,
53500,53500,Dwelling stock estimates,1,1,,Newport,W06000022,22,WXX000003,31/03/2016,31/03/2016,1459468799000,,Owner occupied/Privately rented (Number),3,5,,
43300,43300,Dwelling stock estimates,1,1,,Newport,W06000022,22,WXX000003,31/03/2016,31/03/2016,1459468799000,,Owner occupied (Number),4,6,,
10200,10200,Dwelling stock estimates,1,1,,Newport,W06000022,22,WXX000003,31/03/2016,31/03/2016,1459468799000,,Privately rented (Number),5,8,,
66500,66500,Dwelling stock estimates,1,1,,Newport,W06000022,22,WXX000003,31/03/2016,31/03/2016,1459468799000,,All tenures (Number),6,10,,
12900,12900,Dwelling stock estimates,1,1,,Newport,W06000022,22,WXX000003,31/03/2015,31/03/2015,1427846399000,,Registered Social Landlord (Number),2,3,,
52700,52700,Dwelling stock estimates,1,1,,Newport,W06000022,22,WXX000003,31/03/2015,31/03/2015,1427846399000,,Owner occupied/Privately rented (Number),3,5,,
43800,43800,Dwelling stock estimates,1,1,,Newport,W06000022,22,WXX000003,31/03/2015,31/03/2015,1427846399000,,Owner occupied (Number),4,6,,
9000,9000,Dwelling stock estimates,1,1,,Newport,W06000022,22,WXX000003,31/03/2015,31/03/2015,1427846399000,,Privately rented (Number),5,8,,
65600,65600,Dwelling stock estimates,1,1,,Newport,W06000022,22,WXX000003,31/03/2015,31/03/2015,1427846399000,,All tenures (Number),6,10,,
12900,12900,Dwelling stock estimates,1,1,,Newport,W06000022,22,WXX000003,31/03/2014,31/03/2014,1396310399000,,Registered Social Landlord (Number),2,3,,
52100,52100,Dwelling stock estimates,1,1,,Newport,W06000022,22,WXX000003,31/03/2014,31/03/2014,1396310399000,,Owner occupied/Privately rented (Number),3,5,,
43400,43400,Dwelling stock estimates,1,1,,Newport,W06000022,22,WXX000003,31/03/2014,31/03/2014,1396310399000,,Owner occupied (Number),4,6,,
8600,8600,Dwelling stock estimates,1,1,,Newport,W06000022,22,WXX000003,31/03/2014,31/03/2014,1396310399000,,Privately rented (Number),5,8,,
64900,64900,Dwelling stock estimates,1,1,,Newport,W06000022,22,WXX000003,31/03/2014,31/03/2014,1396310399000,,All tenures (Number),6,10,,
12800,12800,Dwelling stock estimates,1,1,,Newport,W06000022,22,WXX000003,31/03/2013,31/03/2013,1364774399000,,Registered Social Landlord (Number),2,3,,
51600,51600,Dwelling stock estimates,1,1,,Newport,W06000022,22,WXX000003,31/03/2013,31/03/2013,1364774399000,,Owner occupied/Privately rented (Number),3,5,,
43000,43000,Dwelling stock estimates,1,1,,Newport,W06000022,22,WXX000003,31/03/2013,31/03/2013,1364774399000,,Owner occupied (Number),4,6,,
8600,8600,Dwelling stock estimates,1,1,,Newport,W06000022,22,WXX000003,31/03/2013,31/03/2013,1364774399000,,Privately rented (Number),5,8,,
64500,64500,Dwelling stock estimates,1,1,,Newport,W06000022,22,WXX000003,31/03/2013,31/03/2013,1364774399000,,All tenures (Number),6,10,,
13000,13000,Dwelling stock estimates,1,1,,Newport,W06000022,22,WXX000003,31/03/2012,31/03/2012,1333238399000,,Registered Social Landlord (Number),2,3,,
51000,51000,Dwelling stock estimates,1,1,,Newport,W06000022,22,WXX000003,31/03/2012,31/03/2012,1333238399000,,Owner occupied/Privately rented (Number),3,5,,
42500,42500,Dwelling stock estimates,1,1,,Newport,W06000022,22,WXX000003,31/03/2012,31/03/2012,1333238399000,,Owner occupied (Number),4,6,,
8500,8500,Dwelling stock estimates,1,1,,Newport,W06000022,22,WXX000003,31/03/2012,31/03/2012,1333238399000,,Privately rented (Number),5,8,,
63900,63900,Dwelling stock estimates,1,1,,Newport,W06000022,22,WXX000003,31/03/2012,31/03/2012,1333238399000,,All tenures (Number),6,10,,
12800,12800,Dwelling stock estimates,1,1,,Newport,W06000022,22,WXX000003,31/03/2011,31/03/2011,1301615999000,,Registered Social Landlord (Number),2,3,,
50700,50700,Dwelling stock estimates,1,1,,Newport,W06000022,22,WXX000003,31/03/2011,31/03/2011,1301615999000,,Owner occupied/Privately rented (Number),3,5,,
63400,63400,Dwelling stock estimates,1,1,,Newport,W06000022,22,WXX000003,31/03/2011,31/03/2011,1301615999000,,All tenures (Number),6,10,,
12800,12800,Dwelling stock estimates,1,1,,Newport,W06000022,22,WXX000003,31/03/2010,31/03/2010,1270079999000,,Registered Social Landlord (Number),2,3,,
50300,50300,Dwelling stock estimates,1,1,,Newport,W06000022,22,WXX000003,31/03/2010,31/03/2010,1270079999000,,Owner occupied/Privately rented (Number),3,5,,
63100,63100,Dwelling stock estimates,1,1,,Newport,W06000022,22,WXX000003,31/03/2010,31/03/2010,1270079999000,,All tenures (Number),6,10,,
12600,12600,Dwelling stock estimates,1,1,,Newport,W06000022,22,WXX000003,31/03/2009,31/03/2009,1238543999000,,Registered Social Landlord (Number),2,3,,
50000,50000,Dwelling stock estimates,1,1,,Newport,W06000022,22,WXX000003,31/03/2009,31/03/2009,1238543999000,,Owner occupied/Privately rented (Number),3,5,,
62500,62500,Dwelling stock estimates,1,1,,Newport,W06000022,22,WXX000003,31/03/2009,31/03/2009,1238543999000,,All tenures (Number),6,10,,
9200,9200,Dwelling stock estimates,1,1,,Newport,W06000022,22,WXX000003,31/03/2008,31/03/2008,1207007999000,,Local Authority (Number),1,1,,
3400,3400,Dwelling stock estimates,1,1,,Newport,W06000022,22,WXX000003,31/03/2008,31/03/2008,1207007999000,,Registered Social Landlord (Number),2,3,,
49500,49500,Dwelling stock estimates,1,1,,Newport,W06000022,22,WXX000003,31/03/2008,31/03/2008,1207007999000,,Owner occupied/Privately rented (Number),3,5,,
62000,62000,Dwelling stock estimates,1,1,,Newport,W06000022,22,WXX000003,31/03/2008,31/03/2008,1207007999000,,All tenures (Number),6,10,,
9200,9200,Dwelling stock estimates,1,1,,Newport,W06000022,22,WXX000003,31/03/2007,31/03/2007,1175385599000,,Local Authority (Number),1,1,,
3400,3400,Dwelling stock estimates,1,1,,Newport,W06000022,22,WXX000003,31/03/2007,31/03/2007,1175385599000,,Registered Social Landlord (Number),2,3,,
48900,48900,Dwelling stock estimates,1,1,,Newport,W06000022,22,WXX000003,31/03/2007,31/03/2007,1175385599000,,Owner occupied/Privately rented (Number),3,5,,
61500,61500,Dwelling stock estimates,1,1,,Newport,W06000022,22,WXX000003,31/03/2007,31/03/2007,1175385599000,,All tenures (Number),6,10,,
9300,9300,Dwelling stock estimates,1,1,,Newport,W06000022,22,WXX000003,31/03/2006,31/03/2006,1143849599000,,Local Authority (Number),1,1,,
3300,3300,Dwelling stock estimates,1,1,,Newport,W06000022,22,WXX000003,31/03/2006,31/03/2006,1143849599000,,Registered Social Landlord (Number),2,3,,
48500,48500,Dwelling stock estimates,1,1,,Newport,W06000022,22,WXX000003,31/03/2006,31/03/2006,1143849599000,,Owner occupied/Privately rented (Number),3,5,,
61000,61000,Dwelling stock estimates,1,1,,Newport,W06000022,22,WXX000003,31/03/2006,31/03/2006,1143849599000,,All tenures (Number),6,10,,
9400,9400,Dwelling stock estimates,1,1,,Newport,W06000022,22,WXX000003,31/03/2005,31/03/2005,1112313599000,,Local Authority (Number),1,1,,
3200,3200,Dwelling stock estimates,1,1,,Newport,W06000022,22,WXX000003,31/03/2005,31/03/2005,1112313599000,,Registered Social Landlord (Number),2,3,,
47800,47800,Dwelling stock estimates,1,1,,Newport,W06000022,22,WXX000003,31/03/2005,31/03/2005,1112313599000,,Owner occupied/Privately rented (Number),3,5,,
60400,60400,Dwelling stock estimates,1,1,,Newport,W06000022,22,WXX000003,31/03/2005,31/03/2005,1112313599000,,All tenures (Number),6,10,,
9500,9500,Dwelling stock estimates,1,1,,Newport,W06000022,22,WXX000003,31/03/2004,31/03/2004,1080777599000,,Local Authority (Number),1,1,,
3200,3200,Dwelling stock estimates,1,1,,Newport,W06000022,22,WXX000003,31/03/2004,31/03/2004,1080777599000,,Registered Social Landlord (Number),2,3,,
47200,47200,Dwelling stock estimates,1,1,,Newport,W06000022,22,WXX000003,31/03/2004,31/03/2004,1080777599000,,Owner occupied/Privately rented (Number),3,5,,
59900,59900,Dwelling stock estimates,1,1,,Newport,W06000022,22,WXX000003,31/03/2004,31/03/2004,1080777599000,,All tenures (Number),6,10,,
10300,10300,Dwelling stock estimates,1,1,,Newport,W06000022,22,WXX000003,31/03/2003,31/03/2003,1049155199000,,Local Authority (Number),1,1,,
3300,3300,Dwelling stock estimates,1,1,,Newport,W06000022,22,WXX000003,31/03/2003,31/03/2003,1049155199000,,Registered Social Landlord (Number),2,3,,
46200,46200,Dwelling stock estimates,1,1,,Newport,W06000022,22,WXX000003,31/03/2003,31/03/2003,1049155199000,,Owner occupied/Privately rented (Number),3,5,,
59700,59700,Dwelling stock estimates,1,1,,Newport,W06000022,22,WXX000003,31/03/2003,31/03/2003,1049155199000,,All tenures (Number),6,10,,
10800,10800,Dwelling stock estimates,1,1,,Newport,W06000022,22,WXX000003,31/03/2002,31/03/2002,1017619199000,,Local Authority (Number),1,1,,
3300,3300,Dwelling stock estimates,1,1,,Newport,W06000022,22,WXX000003,31/03/2002,31/03/2002,1017619199000,,Registered Social Landlord (Number),2,3,,
45000,45000,Dwelling stock estimates,1,1,,Newport,W06000022,22,WXX000003,31/03/2002,31/03/2002,1017619199000,,Owner occupied/Privately rented (Number),3,5,,
59100,59100,Dwelling stock estimates,1,1,,Newport,W06000022,22,WXX000003,31/03/2002,31/03/2002,1017619199000,,All tenures (Number),6,10,,
11100,11100,Dwelling stock estimates,1,1,,Newport,W06000022,22,WXX000003,31/03/2001,31/03/2001,986083199000,,Local Authority (Number),1,1,,
3100,3100,Dwelling stock estimates,1,1,,Newport,W06000022,22,WXX000003,31/03/2001,31/03/2001,986083199000,,Registered Social Landlord (Number),2,3,,
44300,44300,Dwelling stock estimates,1,1,,Newport,W06000022,22,WXX000003,31/03/2001,31/03/2001,986083199000,,Owner occupied/Privately rented (Number),3,5,,
58500,58500,Dwelling stock estimates,1,1,,Newport,W06000022,22,WXX000003,31/03/2001,31/03/2001,986083199000,,All tenures (Number),6,10,,
5500,5500,Dwelling stock estimates,1,1,,Powys,W06000023,23,WXX000003,31/03/2024,31/03/2024,1711929599000,,Local Authority (Number),1,1,,
3500,3500,Dwelling stock estimates,1,1,,Powys,W06000023,23,WXX000003,31/03/2024,31/03/2024,1711929599000,,Registered Social Landlord (Number),2,3,,
58500,58500,Dwelling stock estimates,1,1,,Powys,W06000023,23,WXX000003,31/03/2024,31/03/2024,1711929599000,,Owner occupied/Privately rented (Number),3,5,,
50300,50300,Dwelling stock estimates,1,1,,Powys,W06000023,23,WXX000003,31/03/2024,31/03/2024,1711929599000,,Owner occupied (Number),4,6,,Provisional
8200,8200,Dwelling stock estimates,1,1,,Powys,W06000023,23,WXX000003,31/03/2024,31/03/2024,1711929599000,,Privately rented (Number),5,8,,Provisional
67400,67400,Dwelling stock estimates,1,1,,Powys,W06000023,23,WXX000003,31/03/2024,31/03/2024,1711929599000,,All tenures (Number),6,10,,
5400,5400,Dwelling stock estimates,1,1,,Powys,W06000023,23,WXX000003,31/03/2023,31/03/2023,1680307199000,,Local Authority (Number),1,1,,
3400,3400,Dwelling stock estimates,1,1,,Powys,W06000023,23,WXX000003,31/03/2023,31/03/2023,1680307199000,,Registered Social Landlord (Number),2,3,,
58600,58600,Dwelling stock estimates,1,1,,Powys,W06000023,23,WXX000003,31/03/2023,31/03/2023,1680307199000,,Owner occupied/Privately rented (Number),3,5,,
50300,50300,Dwelling stock estimates,1,1,,Powys,W06000023,23,WXX000003,31/03/2023,31/03/2023,1680307199000,,Owner occupied (Number),4,6,,
8200,8200,Dwelling stock estimates,1,1,,Powys,W06000023,23,WXX000003,31/03/2023,31/03/2023,1680307199000,,Privately rented (Number),5,8,,
67300,67300,Dwelling stock estimates,1,1,,Powys,W06000023,23,WXX000003,31/03/2023,31/03/2023,1680307199000,,All tenures (Number),6,10,,
5200,5200,Dwelling stock estimates,1,1,,Powys,W06000023,23,WXX000003,31/03/2022,31/03/2022,1648771199000,,Local Authority (Number),1,1,,
3400,3400,Dwelling stock estimates,1,1,,Powys,W06000023,23,WXX000003,31/03/2022,31/03/2022,1648771199000,,Registered Social Landlord (Number),2,3,,
58500,58500,Dwelling stock estimates,1,1,,Powys,W06000023,23,WXX000003,31/03/2022,31/03/2022,1648771199000,,Owner occupied/Privately rented (Number),3,5,,
49800,49800,Dwelling stock estimates,1,1,,Powys,W06000023,23,WXX000003,31/03/2022,31/03/2022,1648771199000,,Owner occupied (Number),4,6,,
8600,8600,Dwelling stock estimates,1,1,,Powys,W06000023,23,WXX000003,31/03/2022,31/03/2022,1648771199000,,Privately rented (Number),5,8,,
67100,67100,Dwelling stock estimates,1,1,,Powys,W06000023,23,WXX000003,31/03/2022,31/03/2022,1648771199000,,All tenures (Number),6,10,,
5200,5200,Dwelling stock estimates,1,1,,Powys,W06000023,23,WXX000003,31/03/2021,31/03/2021,1617235199000,,Local Authority (Number),1,1,,
3300,3300,Dwelling stock estimates,1,1,,Powys,W06000023,23,WXX000003,31/03/2021,31/03/2021,1617235199000,,Registered Social Landlord (Number),2,3,,
58400,58400,Dwelling stock estimates,1,1,,Powys,W06000023,23,WXX000003,31/03/2021,31/03/2021,1617235199000,,Owner occupied/Privately rented (Number),3,5,,
48200,48200,Dwelling stock estimates,1,1,,Powys,W06000023,23,WXX000003,31/03/2021,31/03/2021,1617235199000,,Owner occupied (Number),4,6,,
10100,10100,Dwelling stock estimates,1,1,,Powys,W06000023,23,WXX000003,31/03/2021,31/03/2021,1617235199000,,Privately rented (Number),5,8,,
66900,66900,Dwelling stock estimates,1,1,,Powys,W06000023,23,WXX000003,31/03/2021,31/03/2021,1617235199000,,All tenures (Number),6,10,,
5200,5200,Dwelling stock estimates,1,1,,Powys,W06000023,23,WXX000003,31/03/2020,31/03/2020,1585699199000,,Local Authority (Number),1,1,,
3300,3300,Dwelling stock estimates,1,1,,Powys,W06000023,23,WXX000003,31/03/2020,31/03/2020,1585699199000,,Registered Social Landlord (Number),2,3,,
58200,58200,Dwelling stock estimates,1,1,,Powys,W06000023,23,WXX000003,31/03/2020,31/03/2020,1585699199000,,Owner occupied/Privately rented (Number),3,5,,
47500,47500,Dwelling stock estimates,1,1,,Powys,W06000023,23,WXX000003,31/03/2020,31/03/2020,1585699199000,,Owner occupied (Number),4,6,,
10700,10700,Dwelling stock estimates,1,1,,Powys,W06000023,23,WXX000003,31/03/2020,31/03/2020,1585699199000,,Privately rented (Number),5,8,,
66700,66700,Dwelling stock estimates,1,1,,Powys,W06000023,23,WXX000003,31/03/2020,31/03/2020,1585699199000,,All tenures (Number),6,10,,
5400,5400,Dwelling stock estimates,1,1,,Powys,W06000023,23,WXX000003,31/03/2019,31/03/2019,1554076799000,,Local Authority (Number),1,1,,
3100,3100,Dwelling stock estimates,1,1,,Powys,W06000023,23,WXX000003,31/03/2019,31/03/2019,1554076799000,,Registered Social Landlord (Number),2,3,,
57800,57800,Dwelling stock estimates,1,1,,Powys,W06000023,23,WXX000003,31/03/2019,31/03/2019,1554076799000,,Owner occupied/Privately rented (Number),3,5,,
46900,46900,Dwelling stock estimates,1,1,,Powys,W06000023,23,WXX000003,31/03/2019,31/03/2019,1554076799000,,Owner occupied (Number),4,6,,
11000,11000,Dwelling stock estimates,1,1,,Powys,W06000023,23,WXX000003,31/03/2019,31/03/2019,1554076799000,,Privately rented (Number),5,8,,
66300,66300,Dwelling stock estimates,1,1,,Powys,W06000023,23,WXX000003,31/03/2019,31/03/2019,1554076799000,,All tenures (Number),6,10,,
5300,5300,Dwelling stock estimates,1,1,,Powys,W06000023,23,WXX000003,31/03/2018,31/03/2018,1522540799000,,Local Authority (Number),1,1,,
3100,3100,Dwelling stock estimates,1,1,,Powys,W06000023,23,WXX000003,31/03/2018,31/03/2018,1522540799000,,Registered Social Landlord (Number),2,3,,
57700,57700,Dwelling stock estimates,1,1,,Powys,W06000023,23,WXX000003,31/03/2018,31/03/2018,1522540799000,,Owner occupied/Privately rented (Number),3,5,,
46300,46300,Dwelling stock estimates,1,1,,Powys,W06000023,23,WXX000003,31/03/2018,31/03/2018,1522540799000,,Owner occupied (Number),4,6,,
11300,11300,Dwelling stock estimates,1,1,,Powys,W06000023,23,WXX000003,31/03/2018,31/03/2018,1522540799000,,Privately rented (Number),5,8,,
66100,66100,Dwelling stock estimates,1,1,,Powys,W06000023,23,WXX000003,31/03/2018,31/03/2018,1522540799000,,All tenures (Number),6,10,,
5300,5300,Dwelling stock estimates,1,1,,Powys,W06000023,23,WXX000003,31/03/2017,31/03/2017,1491004799000,,Local Authority (Number),1,1,,
2900,2900,Dwelling stock estimates,1,1,,Powys,W06000023,23,WXX000003,31/03/2017,31/03/2017,1491004799000,,Registered Social Landlord (Number),2,3,,
57500,57500,Dwelling stock estimates,1,1,,Powys,W06000023,23,WXX000003,31/03/2017,31/03/2017,1491004799000,,Owner occupied/Privately rented (Number),3,5,,
46100,46100,Dwelling stock estimates,1,1,,Powys,W06000023,23,WXX000003,31/03/2017,31/03/2017,1491004799000,,Owner occupied (Number),4,6,,
11400,11400,Dwelling stock estimates,1,1,,Powys,W06000023,23,WXX000003,31/03/2017,31/03/2017,1491004799000,,Privately rented (Number),5,8,,
65700,65700,Dwelling stock estimates,1,1,,Powys,W06000023,23,WXX000003,31/03/2017,31/03/2017,1491004799000,,All tenures (Number),6,10,,
5300,5300,Dwelling stock estimates,1,1,,Powys,W06000023,23,WXX000003,31/03/2016,31/03/2016,1459468799000,,Local Authority (Number),1,1,,
2900,2900,Dwelling stock estimates,1,1,,Powys,W06000023,23,WXX000003,31/03/2016,31/03/2016,1459468799000,,Registered Social Landlord (Number),2,3,,
57200,57200,Dwelling stock estimates,1,1,,Powys,W06000023,23,WXX000003,31/03/2016,31/03/2016,1459468799000,,Owner occupied/Privately rented (Number),3,5,,
46000,46000,Dwelling stock estimates,1,1,,Powys,W06000023,23,WXX000003,31/03/2016,31/03/2016,1459468799000,,Owner occupied (Number),4,6,,
11200,11200,Dwelling stock estimates,1,1,,Powys,W06000023,23,WXX000003,31/03/2016,31/03/2016,1459468799000,,Privately rented (Number),5,8,,
65400,65400,Dwelling stock estimates,1,1,,Powys,W06000023,23,WXX000003,31/03/2016,31/03/2016,1459468799000,,All tenures (Number),6,10,,
5400,5400,Dwelling stock estimates,1,1,,Powys,W06000023,23,WXX000003,31/03/2015,31/03/2015,1427846399000,,Local Authority (Number),1,1,,
2800,2800,Dwelling stock estimates,1,1,,Powys,W06000023,23,WXX000003,31/03/2015,31/03/2015,1427846399000,,Registered Social Landlord (Number),2,3,,
56900,56900,Dwelling stock estimates,1,1,,Powys,W06000023,23,WXX000003,31/03/2015,31/03/2015,1427846399000,,Owner occupied/Privately rented (Number),3,5,,
46700,46700,Dwelling stock estimates,1,1,,Powys,W06000023,23,WXX000003,31/03/2015,31/03/2015,1427846399000,,Owner occupied (Number),4,6,,
10300,10300,Dwelling stock estimates,1,1,,Powys,W06000023,23,WXX000003,31/03/2015,31/03/2015,1427846399000,,Privately rented (Number),5,8,,
65100,65100,Dwelling stock estimates,1,1,,Powys,W06000023,23,WXX000003,31/03/2015,31/03/2015,1427846399000,,All tenures (Number),6,10,,
5400,5400,Dwelling stock estimates,1,1,,Powys,W06000023,23,WXX000003,31/03/2014,31/03/2014,1396310399000,,Local Authority (Number),1,1,,
2800,2800,Dwelling stock estimates,1,1,,Powys,W06000023,23,WXX000003,31/03/2014,31/03/2014,1396310399000,,Registered Social Landlord (Number),2,3,,
56500,56500,Dwelling stock estimates,1,1,,Powys,W06000023,23,WXX000003,31/03/2014,31/03/2014,1396310399000,,Owner occupied/Privately rented (Number),3,5,,
47300,47300,Dwelling stock estimates,1,1,,Powys,W06000023,23,WXX000003,31/03/2014,31/03/2014,1396310399000,,Owner occupied (Number),4,6,,
9200,9200,Dwelling stock estimates,1,1,,Powys,W06000023,23,WXX000003,31/03/2014,31/03/2014,1396310399000,,Privately rented (Number),5,8,,
64700,64700,Dwelling stock estimates,1,1,,Powys,W06000023,23,WXX000003,31/03/2014,31/03/2014,1396310399000,,All tenures (Number),6,10,,
5400,5400,Dwelling stock estimates,1,1,,Powys,W06000023,23,WXX000003,31/03/2013,31/03/2013,1364774399000,,Local Authority (Number),1,1,,
2700,2700,Dwelling stock estimates,1,1,,Powys,W06000023,23,WXX000003,31/03/2013,31/03/2013,1364774399000,,Registered Social Landlord (Number),2,3,,
56200,56200,Dwelling stock estimates,1,1,,Powys,W06000023,23,WXX000003,31/03/2013,31/03/2013,1364774399000,,Owner occupied/Privately rented (Number),3,5,,
47300,47300,Dwelling stock estimates,1,1,,Powys,W06000023,23,WXX000003,31/03/2013,31/03/2013,1364774399000,,Owner occupied (Number),4,6,,
8800,8800,Dwelling stock estimates,1,1,,Powys,W06000023,23,WXX000003,31/03/2013,31/03/2013,1364774399000,,Privately rented (Number),5,8,,
64300,64300,Dwelling stock estimates,1,1,,Powys,W06000023,23,WXX000003,31/03/2013,31/03/2013,1364774399000,,All tenures (Number),6,10,,
5400,5400,Dwelling stock estimates,1,1,,Powys,W06000023,23,WXX000003,31/03/2012,31/03/2012,1333238399000,,Local Authority (Number),1,1,,
2700,2700,Dwelling stock estimates,1,1,,Powys,W06000023,23,WXX000003,31/03/2012,31/03/2012,1333238399000,,Registered Social Landlord (Number),2,3,,
55700,55700,Dwelling stock estimates,1,1,,Powys,W06000023,23,WXX000003,31/03/2012,31/03/2012,1333238399000,,Owner occupied/Privately rented (Number),3,5,,
46700,46700,Dwelling stock estimates,1,1,,Powys,W06000023,23,WXX000003,31/03/2012,31/03/2012,1333238399000,,Owner occupied (Number),4,6,,
9000,9000,Dwelling stock estimates,1,1,,Powys,W06000023,23,WXX000003,31/03/2012,31/03/2012,1333238399000,,Privately rented (Number),5,8,,
63800,63800,Dwelling stock estimates,1,1,,Powys,W06000023,23,WXX000003,31/03/2012,31/03/2012,1333238399000,,All tenures (Number),6,10,,
5400,5400,Dwelling stock estimates,1,1,,Powys,W06000023,23,WXX000003,31/03/2011,31/03/2011,1301615999000,,Local Authority (Number),1,1,,
2600,2600,Dwelling stock estimates,1,1,,Powys,W06000023,23,WXX000003,31/03/2011,31/03/2011,1301615999000,,Registered Social Landlord (Number),2,3,,
55400,55400,Dwelling stock estimates,1,1,,Powys,W06000023,23,WXX000003,31/03/2011,31/03/2011,1301615999000,,Owner occupied/Privately rented (Number),3,5,,
63400,63400,Dwelling stock estimates,1,1,,Powys,W06000023,23,WXX000003,31/03/2011,31/03/2011,1301615999000,,All tenures (Number),6,10,,
5400,5400,Dwelling stock estimates,1,1,,Powys,W06000023,23,WXX000003,31/03/2010,31/03/2010,1270079999000,,Local Authority (Number),1,1,,
2600,2600,Dwelling stock estimates,1,1,,Powys,W06000023,23,WXX000003,31/03/2010,31/03/2010,1270079999000,,Registered Social Landlord (Number),2,3,,
54900,54900,Dwelling stock estimates,1,1,,Powys,W06000023,23,WXX000003,31/03/2010,31/03/2010,1270079999000,,Owner occupied/Privately rented (Number),3,5,,
63000,63000,Dwelling stock estimates,1,1,,Powys,W06000023,23,WXX000003,31/03/2010,31/03/2010,1270079999000,,All tenures (Number),6,10,,
5400,5400,Dwelling stock estimates,1,1,,Powys,W06000023,23,WXX000003,31/03/2009,31/03/2009,1238543999000,,Local Authority (Number),1,1,,
2600,2600,Dwelling stock estimates,1,1,,Powys,W06000023,23,WXX000003,31/03/2009,31/03/2009,1238543999000,,Registered Social Landlord (Number),2,3,,
54400,54400,Dwelling stock estimates,1,1,,Powys,W06000023,23,WXX000003,31/03/2009,31/03/2009,1238543999000,,Owner occupied/Privately rented (Number),3,5,,
62400,62400,Dwelling stock estimates,1,1,,Powys,W06000023,23,WXX000003,31/03/2009,31/03/2009,1238543999000,,All tenures (Number),6,10,,
5500,5500,Dwelling stock estimates,1,1,,Powys,W06000023,23,WXX000003,31/03/2008,31/03/2008,1207007999000,,Local Authority (Number),1,1,,
2500,2500,Dwelling stock estimates,1,1,,Powys,W06000023,23,WXX000003,31/03/2008,31/03/2008,1207007999000,,Registered Social Landlord (Number),2,3,,
54000,54000,Dwelling stock estimates,1,1,,Powys,W06000023,23,WXX000003,31/03/2008,31/03/2008,1207007999000,,Owner occupied/Privately rented (Number),3,5,,
62000,62000,Dwelling stock estimates,1,1,,Powys,W06000023,23,WXX000003,31/03/2008,31/03/2008,1207007999000,,All tenures (Number),6,10,,
5500,5500,Dwelling stock estimates,1,1,,Powys,W06000023,23,WXX000003,31/03/2007,31/03/2007,1175385599000,,Local Authority (Number),1,1,,
2500,2500,Dwelling stock estimates,1,1,,Powys,W06000023,23,WXX000003,31/03/2007,31/03/2007,1175385599000,,Registered Social Landlord (Number),2,3,,
53600,53600,Dwelling stock estimates,1,1,,Powys,W06000023,23,WXX000003,31/03/2007,31/03/2007,1175385599000,,Owner occupied/Privately rented (Number),3,5,,
61500,61500,Dwelling stock estimates,1,1,,Powys,W06000023,23,WXX000003,31/03/2007,31/03/2007,1175385599000,,All tenures (Number),6,10,,
5500,5500,Dwelling stock estimates,1,1,,Powys,W06000023,23,WXX000003,31/03/2006,31/03/2006,1143849599000,,Local Authority (Number),1,1,,
2500,2500,Dwelling stock estimates,1,1,,Powys,W06000023,23,WXX000003,31/03/2006,31/03/2006,1143849599000,,Registered Social Landlord (Number),2,3,,
53000,53000,Dwelling stock estimates,1,1,,Powys,W06000023,23,WXX000003,31/03/2006,31/03/2006,1143849599000,,Owner occupied/Privately rented (Number),3,5,,
60900,60900,Dwelling stock estimates,1,1,,Powys,W06000023,23,WXX000003,31/03/2006,31/03/2006,1143849599000,,All tenures (Number),6,10,,
5400,5400,Dwelling stock estimates,1,1,,Powys,W06000023,23,WXX000003,31/03/2005,31/03/2005,1112313599000,,Local Authority (Number),1,1,,
2500,2500,Dwelling stock estimates,1,1,,Powys,W06000023,23,WXX000003,31/03/2005,31/03/2005,1112313599000,,Registered Social Landlord (Number),2,3,,
52400,52400,Dwelling stock estimates,1,1,,Powys,W06000023,23,WXX000003,31/03/2005,31/03/2005,1112313599000,,Owner occupied/Privately rented (Number),3,5,,
60300,60300,Dwelling stock estimates,1,1,,Powys,W06000023,23,WXX000003,31/03/2005,31/03/2005,1112313599000,,All tenures (Number),6,10,,
5600,5600,Dwelling stock estimates,1,1,,Powys,W06000023,23,WXX000003,31/03/2004,31/03/2004,1080777599000,,Local Authority (Number),1,1,,
2400,2400,Dwelling stock estimates,1,1,,Powys,W06000023,23,WXX000003,31/03/2004,31/03/2004,1080777599000,,Registered Social Landlord (Number),2,3,,
51400,51400,Dwelling stock estimates,1,1,,Powys,W06000023,23,WXX000003,31/03/2004,31/03/2004,1080777599000,,Owner occupied/Privately rented (Number),3,5,,
59500,59500,Dwelling stock estimates,1,1,,Powys,W06000023,23,WXX000003,31/03/2004,31/03/2004,1080777599000,,All tenures (Number),6,10,,
5900,5900,Dwelling stock estimates,1,1,,Powys,W06000023,23,WXX000003,31/03/2003,31/03/2003,1049155199000,,Local Authority (Number),1,1,,
2500,2500,Dwelling stock estimates,1,1,,Powys,W06000023,23,WXX000003,31/03/2003,31/03/2003,1049155199000,,Registered Social Landlord (Number),2,3,,
50400,50400,Dwelling stock estimates,1,1,,Powys,W06000023,23,WXX000003,31/03/2003,31/03/2003,1049155199000,,Owner occupied/Privately rented (Number),3,5,,
58800,58800,Dwelling stock estimates,1,1,,Powys,W06000023,23,WXX000003,31/03/2003,31/03/2003,1049155199000,,All tenures (Number),6,10,,
6000,6000,Dwelling stock estimates,1,1,,Powys,W06000023,23,WXX000003,31/03/2002,31/03/2002,1017619199000,,Local Authority (Number),1,1,,
2600,2600,Dwelling stock estimates,1,1,,Powys,W06000023,23,WXX000003,31/03/2002,31/03/2002,1017619199000,,Registered Social Landlord (Number),2,3,,
49500,49500,Dwelling stock estimates,1,1,,Powys,W06000023,23,WXX000003,31/03/2002,31/03/2002,1017619199000,,Owner occupied/Privately rented (Number),3,5,,
58100,58100,Dwelling stock estimates,1,1,,Powys,W06000023,23,WXX000003,31/03/2002,31/03/2002,1017619199000,,All tenures (Number),6,10,,
6200,6200,Dwelling stock estimates,1,1,,Powys,W06000023,23,WXX000003,31/03/2001,31/03/2001,986083199000,,Local Authority (Number),1,1,,
2500,2500,Dwelling stock estimates,1,1,,Powys,W06000023,23,WXX000003,31/03/2001,31/03/2001,986083199000,,Registered Social Landlord (Number),2,3,,
48700,48700,Dwelling stock estimates,1,1,,Powys,W06000023,23,WXX000003,31/03/2001,31/03/2001,986083199000,,Owner occupied/Privately rented (Number),3,5,,
57400,57400,Dwelling stock estimates,1,1,,Powys,W06000023,23,WXX000003,31/03/2001,31/03/2001,986083199000,,All tenures (Number),6,10,,
25700,25700,Dwelling stock estimates,1,1,,North Wales,WXX000001,24,W92000004,31/03/2024,31/03/2024,1711929599000,,Local Authority (Number),1,1,,
24400,24400,Dwelling stock estimates,1,1,,North Wales,WXX000001,24,W92000004,31/03/2024,31/03/2024,1711929599000,,Registered Social Landlord (Number),2,3,,
292800,292800,Dwelling stock estimates,1,1,,North Wales,WXX000001,24,W92000004,31/03/2024,31/03/2024,1711929599000,,Owner occupied/Privately rented (Number),3,5,,
246900,246900,Dwelling stock estimates,1,1,,North Wales,WXX000001,24,W92000004,31/03/2024,31/03/2024,1711929599000,,Owner occupied (Number),4,6,,Provisional
45900,45900,Dwelling stock estimates,1,1,,North Wales,WXX000001,24,W92000004,31/03/2024,31/03/2024,1711929599000,,Privately rented (Number),5,8,,Provisional
342900,342900,Dwelling stock estimates,1,1,,North Wales,WXX000001,24,W92000004,31/03/2024,31/03/2024,1711929599000,,All tenures (Number),6,10,,
25600,25600,Dwelling stock estimates,1,1,,North Wales,WXX000001,24,W92000004,31/03/2023,31/03/2023,1680307199000,,Local Authority (Number),1,1,,
24000,24000,Dwelling stock estimates,1,1,,North Wales,WXX000001,24,W92000004,31/03/2023,31/03/2023,1680307199000,,Registered Social Landlord (Number),2,3,,
292300,292300,Dwelling stock estimates,1,1,,North Wales,WXX000001,24,W92000004,31/03/2023,31/03/2023,1680307199000,,Owner occupied/Privately rented (Number),3,5,,
246500,246500,Dwelling stock estimates,1,1,,North Wales,WXX000001,24,W92000004,31/03/2023,31/03/2023,1680307199000,,Owner occupied (Number),4,6,,
45800,45800,Dwelling stock estimates,1,1,,North Wales,WXX000001,24,W92000004,31/03/2023,31/03/2023,1680307199000,,Privately rented (Number),5,8,,
342000,342000,Dwelling stock estimates,1,1,,North Wales,WXX000001,24,W92000004,31/03/2023,31/03/2023,1680307199000,,All tenures (Number),6,10,,
25600,25600,Dwelling stock estimates,1,1,,North Wales,WXX000001,24,W92000004,31/03/2022,31/03/2022,1648771199000,,Local Authority (Number),1,1,,
24000,24000,Dwelling stock estimates,1,1,,North Wales,WXX000001,24,W92000004,31/03/2022,31/03/2022,1648771199000,,Registered Social Landlord (Number),2,3,,
291300,291300,Dwelling stock estimates,1,1,,North Wales,WXX000001,24,W92000004,31/03/2022,31/03/2022,1648771199000,,Owner occupied/Privately rented (Number),3,5,,
245900,245900,Dwelling stock estimates,1,1,,North Wales,WXX000001,24,W92000004,31/03/2022,31/03/2022,1648771199000,,Owner occupied (Number),4,6,,
45400,45400,Dwelling stock estimates,1,1,,North Wales,WXX000001,24,W92000004,31/03/2022,31/03/2022,1648771199000,,Privately rented (Number),5,8,,
340900,340900,Dwelling stock estimates,1,1,,North Wales,WXX000001,24,W92000004,31/03/2022,31/03/2022,1648771199000,,All tenures (Number),6,10,,
25600,25600,Dwelling stock estimates,1,1,,North Wales,WXX000001,24,W92000004,31/03/2021,31/03/2021,1617235199000,,Local Authority (Number),1,1,,
23900,23900,Dwelling stock estimates,1,1,,North Wales,WXX000001,24,W92000004,31/03/2021,31/03/2021,1617235199000,,Registered Social Landlord (Number),2,3,,
290100,290100,Dwelling stock estimates,1,1,,North Wales,WXX000001,24,W92000004,31/03/2021,31/03/2021,1617235199000,,Owner occupied/Privately rented (Number),3,5,,
246600,246600,Dwelling stock estimates,1,1,,North Wales,WXX000001,24,W92000004,31/03/2021,31/03/2021,1617235199000,,Owner occupied (Number),4,6,,
43500,43500,Dwelling stock estimates,1,1,,North Wales,WXX000001,24,W92000004,31/03/2021,31/03/2021,1617235199000,,Privately rented (Number),5,8,,
339600,339600,Dwelling stock estimates,1,1,,North Wales,WXX000001,24,W92000004,31/03/2021,31/03/2021,1617235199000,,All tenures (Number),6,10,,
25500,25500,Dwelling stock estimates,1,1,,North Wales,WXX000001,24,W92000004,31/03/2020,31/03/2020,1585699199000,,Local Authority (Number),1,1,,
23400,23400,Dwelling stock estimates,1,1,,North Wales,WXX000001,24,W92000004,31/03/2020,31/03/2020,1585699199000,,Registered Social Landlord (Number),2,3,,
288500,288500,Dwelling stock estimates,1,1,,North Wales,WXX000001,24,W92000004,31/03/2020,31/03/2020,1585699199000,,Owner occupied/Privately rented (Number),3,5,,
244900,244900,Dwelling stock estimates,1,1,,North Wales,WXX000001,24,W92000004,31/03/2020,31/03/2020,1585699199000,,Owner occupied (Number),4,6,,
43600,43600,Dwelling stock estimates,1,1,,North Wales,WXX000001,24,W92000004,31/03/2020,31/03/2020,1585699199000,,Privately rented (Number),5,8,,
337400,337400,Dwelling stock estimates,1,1,,North Wales,WXX000001,24,W92000004,31/03/2020,31/03/2020,1585699199000,,All tenures (Number),6,10,,
25600,25600,Dwelling stock estimates,1,1,,North Wales,WXX000001,24,W92000004,31/03/2019,31/03/2019,1554076799000,,Local Authority (Number),1,1,,
23100,23100,Dwelling stock estimates,1,1,,North Wales,WXX000001,24,W92000004,31/03/2019,31/03/2019,1554076799000,,Registered Social Landlord (Number),2,3,,
286700,286700,Dwelling stock estimates,1,1,,North Wales,WXX000001,24,W92000004,31/03/2019,31/03/2019,1554076799000,,Owner occupied/Privately rented (Number),3,5,,
242500,242500,Dwelling stock estimates,1,1,,North Wales,WXX000001,24,W92000004,31/03/2019,31/03/2019,1554076799000,,Owner occupied (Number),4,6,,
44200,44200,Dwelling stock estimates,1,1,,North Wales,WXX000001,24,W92000004,31/03/2019,31/03/2019,1554076799000,,Privately rented (Number),5,8,,
335300,335300,Dwelling stock estimates,1,1,,North Wales,WXX000001,24,W92000004,31/03/2019,31/03/2019,1554076799000,,All tenures (Number),6,10,,
25600,25600,Dwelling stock estimates,1,1,,North Wales,WXX000001,24,W92000004,31/03/2018,31/03/2018,1522540799000,,Local Authority (Number),1,1,,
22700,22700,Dwelling stock estimates,1,1,,North Wales,WXX000001,24,W92000004,31/03/2018,31/03/2018,1522540799000,,Registered Social Landlord (Number),2,3,,
284900,284900,Dwelling stock estimates,1,1,,North Wales,WXX000001,24,W92000004,31/03/2018,31/03/2018,1522540799000,,Owner occupied/Privately rented (Number),3,5,,
240600,240600,Dwelling stock estimates,1,1,,North Wales,WXX000001,24,W92000004,31/03/2018,31/03/2018,1522540799000,,Owner occupied (Number),4,6,,
44300,44300,Dwelling stock estimates,1,1,,North Wales,WXX000001,24,W92000004,31/03/2018,31/03/2018,1522540799000,,Privately rented (Number),5,8,,
333100,333100,Dwelling stock estimates,1,1,,North Wales,WXX000001,24,W92000004,31/03/2018,31/03/2018,1522540799000,,All tenures (Number),6,10,,
25600,25600,Dwelling stock estimates,1,1,,North Wales,WXX000001,24,W92000004,31/03/2017,31/03/2017,1491004799000,,Local Authority (Number),1,1,,
22500,22500,Dwelling stock estimates,1,1,,North Wales,WXX000001,24,W92000004,31/03/2017,31/03/2017,1491004799000,,Registered Social Landlord (Number),2,3,,
282800,282800,Dwelling stock estimates,1,1,,North Wales,WXX000001,24,W92000004,31/03/2017,31/03/2017,1491004799000,,Owner occupied/Privately rented (Number),3,5,,
238000,238000,Dwelling stock estimates,1,1,,North Wales,WXX000001,24,W92000004,31/03/2017,31/03/2017,1491004799000,,Owner occupied (Number),4,6,,
44900,44900,Dwelling stock estimates,1,1,,North Wales,WXX000001,24,W92000004,31/03/2017,31/03/2017,1491004799000,,Privately rented (Number),5,8,,
330900,330900,Dwelling stock estimates,1,1,,North Wales,WXX000001,24,W92000004,31/03/2017,31/03/2017,1491004799000,,All tenures (Number),6,10,,
25600,25600,Dwelling stock estimates,1,1,,North Wales,WXX000001,24,W92000004,31/03/2016,31/03/2016,1459468799000,,Local Authority (Number),1,1,,
22300,22300,Dwelling stock estimates,1,1,,North Wales,WXX000001,24,W92000004,31/03/2016,31/03/2016,1459468799000,,Registered Social Landlord (Number),2,3,,
280800,280800,Dwelling stock estimates,1,1,,North Wales,WXX000001,24,W92000004,31/03/2016,31/03/2016,1459468799000,,Owner occupied/Privately rented (Number),3,5,,
235200,235200,Dwelling stock estimates,1,1,,North Wales,WXX000001,24,W92000004,31/03/2016,31/03/2016,1459468799000,,Owner occupied (Number),4,6,,
45600,45600,Dwelling stock estimates,1,1,,North Wales,WXX000001,24,W92000004,31/03/2016,31/03/2016,1459468799000,,Privately rented (Number),5,8,,
328700,328700,Dwelling stock estimates,1,1,,North Wales,WXX000001,24,W92000004,31/03/2016,31/03/2016,1459468799000,,All tenures (Number),6,10,,
25900,25900,Dwelling stock estimates,1,1,,North Wales,WXX000001,24,W92000004,31/03/2015,31/03/2015,1427846399000,,Local Authority (Number),1,1,,
22200,22200,Dwelling stock estimates,1,1,,North Wales,WXX000001,24,W92000004,31/03/2015,31/03/2015,1427846399000,,Registered Social Landlord (Number),2,3,,
278600,278600,Dwelling stock estimates,1,1,,North Wales,WXX000001,24,W92000004,31/03/2015,31/03/2015,1427846399000,,Owner occupied/Privately rented (Number),3,5,,
232900,232900,Dwelling stock estimates,1,1,,North Wales,WXX000001,24,W92000004,31/03/2015,31/03/2015,1427846399000,,Owner occupied (Number),4,6,,
45600,45600,Dwelling stock estimates,1,1,,North Wales,WXX000001,24,W92000004,31/03/2015,31/03/2015,1427846399000,,Privately rented (Number),5,8,,
326600,326600,Dwelling stock estimates,1,1,,North Wales,WXX000001,24,W92000004,31/03/2015,31/03/2015,1427846399000,,All tenures (Number),6,10,,
26000,26000,Dwelling stock estimates,1,1,,North Wales,WXX000001,24,W92000004,31/03/2014,31/03/2014,1396310399000,,Local Authority (Number),1,1,,
21900,21900,Dwelling stock estimates,1,1,,North Wales,WXX000001,24,W92000004,31/03/2014,31/03/2014,1396310399000,,Registered Social Landlord (Number),2,3,,
276800,276800,Dwelling stock estimates,1,1,,North Wales,WXX000001,24,W92000004,31/03/2014,31/03/2014,1396310399000,,Owner occupied/Privately rented (Number),3,5,,
232200,232200,Dwelling stock estimates,1,1,,North Wales,WXX000001,24,W92000004,31/03/2014,31/03/2014,1396310399000,,Owner occupied (Number),4,6,,
44600,44600,Dwelling stock estimates,1,1,,North Wales,WXX000001,24,W92000004,31/03/2014,31/03/2014,1396310399000,,Privately rented (Number),5,8,,
324700,324700,Dwelling stock estimates,1,1,,North Wales,WXX000001,24,W92000004,31/03/2014,31/03/2014,1396310399000,,All tenures (Number),6,10,,
26000,26000,Dwelling stock estimates,1,1,,North Wales,WXX000001,24,W92000004,31/03/2013,31/03/2013,1364774399000,,Local Authority (Number),1,1,,
21700,21700,Dwelling stock estimates,1,1,,North Wales,WXX000001,24,W92000004,31/03/2013,31/03/2013,1364774399000,,Registered Social Landlord (Number),2,3,,
275000,275000,Dwelling stock estimates,1,1,,North Wales,WXX000001,24,W92000004,31/03/2013,31/03/2013,1364774399000,,Owner occupied/Privately rented (Number),3,5,,
231700,231700,Dwelling stock estimates,1,1,,North Wales,WXX000001,24,W92000004,31/03/2013,31/03/2013,1364774399000,,Owner occupied (Number),4,6,,
43300,43300,Dwelling stock estimates,1,1,,North Wales,WXX000001,24,W92000004,31/03/2013,31/03/2013,1364774399000,,Privately rented (Number),5,8,,
322700,322700,Dwelling stock estimates,1,1,,North Wales,WXX000001,24,W92000004,31/03/2013,31/03/2013,1364774399000,,All tenures (Number),6,10,,
26000,26000,Dwelling stock estimates,1,1,,North Wales,WXX000001,24,W92000004,31/03/2012,31/03/2012,1333238399000,,Local Authority (Number),1,1,,
21600,21600,Dwelling stock estimates,1,1,,North Wales,WXX000001,24,W92000004,31/03/2012,31/03/2012,1333238399000,,Registered Social Landlord (Number),2,3,,
273100,273100,Dwelling stock estimates,1,1,,North Wales,WXX000001,24,W92000004,31/03/2012,31/03/2012,1333238399000,,Owner occupied/Privately rented (Number),3,5,,
231500,231500,Dwelling stock estimates,1,1,,North Wales,WXX000001,24,W92000004,31/03/2012,31/03/2012,1333238399000,,Owner occupied (Number),4,6,,
41600,41600,Dwelling stock estimates,1,1,,North Wales,WXX000001,24,W92000004,31/03/2012,31/03/2012,1333238399000,,Privately rented (Number),5,8,,
320700,320700,Dwelling stock estimates,1,1,,North Wales,WXX000001,24,W92000004,31/03/2012,31/03/2012,1333238399000,,All tenures (Number),6,10,,
26000,26000,Dwelling stock estimates,1,1,,North Wales,WXX000001,24,W92000004,31/03/2011,31/03/2011,1301615999000,,Local Authority (Number),1,1,,
21300,21300,Dwelling stock estimates,1,1,,North Wales,WXX000001,24,W92000004,31/03/2011,31/03/2011,1301615999000,,Registered Social Landlord (Number),2,3,,
271400,271400,Dwelling stock estimates,1,1,,North Wales,WXX000001,24,W92000004,31/03/2011,31/03/2011,1301615999000,,Owner occupied/Privately rented (Number),3,5,,
318700,318700,Dwelling stock estimates,1,1,,North Wales,WXX000001,24,W92000004,31/03/2011,31/03/2011,1301615999000,,All tenures (Number),6,10,,
32600,32600,Dwelling stock estimates,1,1,,North Wales,WXX000001,24,W92000004,31/03/2010,31/03/2010,1270079999000,,Local Authority (Number),1,1,,
14700,14700,Dwelling stock estimates,1,1,,North Wales,WXX000001,24,W92000004,31/03/2010,31/03/2010,1270079999000,,Registered Social Landlord (Number),2,3,,
269700,269700,Dwelling stock estimates,1,1,,North Wales,WXX000001,24,W92000004,31/03/2010,31/03/2010,1270079999000,,Owner occupied/Privately rented (Number),3,5,,
316900,316900,Dwelling stock estimates,1,1,,North Wales,WXX000001,24,W92000004,31/03/2010,31/03/2010,1270079999000,,All tenures (Number),6,10,,
32600,32600,Dwelling stock estimates,1,1,,North Wales,WXX000001,24,W92000004,31/03/2009,31/03/2009,1238543999000,,Local Authority (Number),1,1,,
14600,14600,Dwelling stock estimates,1,1,,North Wales,WXX000001,24,W92000004,31/03/2009,31/03/2009,1238543999000,,Registered Social Landlord (Number),2,3,,
268000,268000,Dwelling stock estimates,1,1,,North Wales,WXX000001,24,W92000004,31/03/2009,31/03/2009,1238543999000,,Owner occupied/Privately rented (Number),3,5,,
315200,315200,Dwelling stock estimates,1,1,,North Wales,WXX000001,24,W92000004,31/03/2009,31/03/2009,1238543999000,,All tenures (Number),6,10,,
36400,36400,Dwelling stock estimates,1,1,,North Wales,WXX000001,24,W92000004,31/03/2008,31/03/2008,1207007999000,,Local Authority (Number),1,1,,
10600,10600,Dwelling stock estimates,1,1,,North Wales,WXX000001,24,W92000004,31/03/2008,31/03/2008,1207007999000,,Registered Social Landlord (Number),2,3,,
266300,266300,Dwelling stock estimates,1,1,,North Wales,WXX000001,24,W92000004,31/03/2008,31/03/2008,1207007999000,,Owner occupied/Privately rented (Number),3,5,,
313300,313300,Dwelling stock estimates,1,1,,North Wales,WXX000001,24,W92000004,31/03/2008,31/03/2008,1207007999000,,All tenures (Number),6,10,,
36600,36600,Dwelling stock estimates,1,1,,North Wales,WXX000001,24,W92000004,31/03/2007,31/03/2007,1175385599000,,Local Authority (Number),1,1,,
10500,10500,Dwelling stock estimates,1,1,,North Wales,WXX000001,24,W92000004,31/03/2007,31/03/2007,1175385599000,,Registered Social Landlord (Number),2,3,,
263600,263600,Dwelling stock estimates,1,1,,North Wales,WXX000001,24,W92000004,31/03/2007,31/03/2007,1175385599000,,Owner occupied/Privately rented (Number),3,5,,
310700,310700,Dwelling stock estimates,1,1,,North Wales,WXX000001,24,W92000004,31/03/2007,31/03/2007,1175385599000,,All tenures (Number),6,10,,
36800,36800,Dwelling stock estimates,1,1,,North Wales,WXX000001,24,W92000004,31/03/2006,31/03/2006,1143849599000,,Local Authority (Number),1,1,,
10400,10400,Dwelling stock estimates,1,1,,North Wales,WXX000001,24,W92000004,31/03/2006,31/03/2006,1143849599000,,Registered Social Landlord (Number),2,3,,
261100,261100,Dwelling stock estimates,1,1,,North Wales,WXX000001,24,W92000004,31/03/2006,31/03/2006,1143849599000,,Owner occupied/Privately rented (Number),3,5,,
308400,308400,Dwelling stock estimates,1,1,,North Wales,WXX000001,24,W92000004,31/03/2006,31/03/2006,1143849599000,,All tenures (Number),6,10,,
37400,37400,Dwelling stock estimates,1,1,,North Wales,WXX000001,24,W92000004,31/03/2005,31/03/2005,1112313599000,,Local Authority (Number),1,1,,
10300,10300,Dwelling stock estimates,1,1,,North Wales,WXX000001,24,W92000004,31/03/2005,31/03/2005,1112313599000,,Registered Social Landlord (Number),2,3,,
258800,258800,Dwelling stock estimates,1,1,,North Wales,WXX000001,24,W92000004,31/03/2005,31/03/2005,1112313599000,,Owner occupied/Privately rented (Number),3,5,,
306400,306400,Dwelling stock estimates,1,1,,North Wales,WXX000001,24,W92000004,31/03/2005,31/03/2005,1112313599000,,All tenures (Number),6,10,,
38000,38000,Dwelling stock estimates,1,1,,North Wales,WXX000001,24,W92000004,31/03/2004,31/03/2004,1080777599000,,Local Authority (Number),1,1,,
10200,10200,Dwelling stock estimates,1,1,,North Wales,WXX000001,24,W92000004,31/03/2004,31/03/2004,1080777599000,,Registered Social Landlord (Number),2,3,,
256000,256000,Dwelling stock estimates,1,1,,North Wales,WXX000001,24,W92000004,31/03/2004,31/03/2004,1080777599000,,Owner occupied/Privately rented (Number),3,5,,
304100,304100,Dwelling stock estimates,1,1,,North Wales,WXX000001,24,W92000004,31/03/2004,31/03/2004,1080777599000,,All tenures (Number),6,10,,
40200,40200,Dwelling stock estimates,1,1,,North Wales,WXX000001,24,W92000004,31/03/2003,31/03/2003,1049155199000,,Local Authority (Number),1,1,,
10100,10100,Dwelling stock estimates,1,1,,North Wales,WXX000001,24,W92000004,31/03/2003,31/03/2003,1049155199000,,Registered Social Landlord (Number),2,3,,
251700,251700,Dwelling stock estimates,1,1,,North Wales,WXX000001,24,W92000004,31/03/2003,31/03/2003,1049155199000,,Owner occupied/Privately rented (Number),3,5,,
302000,302000,Dwelling stock estimates,1,1,,North Wales,WXX000001,24,W92000004,31/03/2003,31/03/2003,1049155199000,,All tenures (Number),6,10,,
41600,41600,Dwelling stock estimates,1,1,,North Wales,WXX000001,24,W92000004,31/03/2002,31/03/2002,1017619199000,,Local Authority (Number),1,1,,
9700,9700,Dwelling stock estimates,1,1,,North Wales,WXX000001,24,W92000004,31/03/2002,31/03/2002,1017619199000,,Registered Social Landlord (Number),2,3,,
248600,248600,Dwelling stock estimates,1,1,,North Wales,WXX000001,24,W92000004,31/03/2002,31/03/2002,1017619199000,,Owner occupied/Privately rented (Number),3,5,,
299900,299900,Dwelling stock estimates,1,1,,North Wales,WXX000001,24,W92000004,31/03/2002,31/03/2002,1017619199000,,All tenures (Number),6,10,,
42500,42500,Dwelling stock estimates,1,1,,North Wales,WXX000001,24,W92000004,31/03/2001,31/03/2001,986083199000,,Local Authority (Number),1,1,,
9400,9400,Dwelling stock estimates,1,1,,North Wales,WXX000001,24,W92000004,31/03/2001,31/03/2001,986083199000,,Registered Social Landlord (Number),2,3,,
246200,246200,Dwelling stock estimates,1,1,,North Wales,WXX000001,24,W92000004,31/03/2001,31/03/2001,986083199000,,Owner occupied/Privately rented (Number),3,5,,
298200,298200,Dwelling stock estimates,1,1,,North Wales,WXX000001,24,W92000004,31/03/2001,31/03/2001,986083199000,,All tenures (Number),6,10,,
34300,34300,Dwelling stock estimates,1,1,,Mid and South West Wales,WXX000002,25,W92000004,31/03/2024,31/03/2024,1711929599000,,Local Authority (Number),1,1,,
34700,34700,Dwelling stock estimates,1,1,,Mid and South West Wales,WXX000002,25,W92000004,31/03/2024,31/03/2024,1711929599000,,Registered Social Landlord (Number),2,3,,
372700,372700,Dwelling stock estimates,1,1,,Mid and South West Wales,WXX000002,25,W92000004,31/03/2024,31/03/2024,1711929599000,,Owner occupied/Privately rented (Number),3,5,,
316200,316200,Dwelling stock estimates,1,1,,Mid and South West Wales,WXX000002,25,W92000004,31/03/2024,31/03/2024,1711929599000,,Owner occupied (Number),4,6,,Provisional
56500,56500,Dwelling stock estimates,1,1,,Mid and South West Wales,WXX000002,25,W92000004,31/03/2024,31/03/2024,1711929599000,,Privately rented (Number),5,8,,Provisional
441700,441700,Dwelling stock estimates,1,1,,Mid and South West Wales,WXX000002,25,W92000004,31/03/2024,31/03/2024,1711929599000,,All tenures (Number),6,10,,
34100,34100,Dwelling stock estimates,1,1,,Mid and South West Wales,WXX000002,25,W92000004,31/03/2023,31/03/2023,1680307199000,,Local Authority (Number),1,1,,
34200,34200,Dwelling stock estimates,1,1,,Mid and South West Wales,WXX000002,25,W92000004,31/03/2023,31/03/2023,1680307199000,,Registered Social Landlord (Number),2,3,,
372600,372600,Dwelling stock estimates,1,1,,Mid and South West Wales,WXX000002,25,W92000004,31/03/2023,31/03/2023,1680307199000,,Owner occupied/Privately rented (Number),3,5,,
316200,316200,Dwelling stock estimates,1,1,,Mid and South West Wales,WXX000002,25,W92000004,31/03/2023,31/03/2023,1680307199000,,Owner occupied (Number),4,6,,
56500,56500,Dwelling stock estimates,1,1,,Mid and South West Wales,WXX000002,25,W92000004,31/03/2023,31/03/2023,1680307199000,,Privately rented (Number),5,8,,
440900,440900,Dwelling stock estimates,1,1,,Mid and South West Wales,WXX000002,25,W92000004,31/03/2023,31/03/2023,1680307199000,,All tenures (Number),6,10,,
33700,33700,Dwelling stock estimates,1,1,,Mid and South West Wales,WXX000002,25,W92000004,31/03/2022,31/03/2022,1648771199000,,Local Authority (Number),1,1,,
33800,33800,Dwelling stock estimates,1,1,,Mid and South West Wales,WXX000002,25,W92000004,31/03/2022,31/03/2022,1648771199000,,Registered Social Landlord (Number),2,3,,
372100,372100,Dwelling stock estimates,1,1,,Mid and South West Wales,WXX000002,25,W92000004,31/03/2022,31/03/2022,1648771199000,,Owner occupied/Privately rented (Number),3,5,,
313900,313900,Dwelling stock estimates,1,1,,Mid and South West Wales,WXX000002,25,W92000004,31/03/2022,31/03/2022,1648771199000,,Owner occupied (Number),4,6,,
58100,58100,Dwelling stock estimates,1,1,,Mid and South West Wales,WXX000002,25,W92000004,31/03/2022,31/03/2022,1648771199000,,Privately rented (Number),5,8,,
439600,439600,Dwelling stock estimates,1,1,,Mid and South West Wales,WXX000002,25,W92000004,31/03/2022,31/03/2022,1648771199000,,All tenures (Number),6,10,,
33600,33600,Dwelling stock estimates,1,1,,Mid and South West Wales,WXX000002,25,W92000004,31/03/2021,31/03/2021,1617235199000,,Local Authority (Number),1,1,,
33400,33400,Dwelling stock estimates,1,1,,Mid and South West Wales,WXX000002,25,W92000004,31/03/2021,31/03/2021,1617235199000,,Registered Social Landlord (Number),2,3,,
371300,371300,Dwelling stock estimates,1,1,,Mid and South West Wales,WXX000002,25,W92000004,31/03/2021,31/03/2021,1617235199000,,Owner occupied/Privately rented (Number),3,5,,
311400,311400,Dwelling stock estimates,1,1,,Mid and South West Wales,WXX000002,25,W92000004,31/03/2021,31/03/2021,1617235199000,,Owner occupied (Number),4,6,,
60000,60000,Dwelling stock estimates,1,1,,Mid and South West Wales,WXX000002,25,W92000004,31/03/2021,31/03/2021,1617235199000,,Privately rented (Number),5,8,,
438300,438300,Dwelling stock estimates,1,1,,Mid and South West Wales,WXX000002,25,W92000004,31/03/2021,31/03/2021,1617235199000,,All tenures (Number),6,10,,
33600,33600,Dwelling stock estimates,1,1,,Mid and South West Wales,WXX000002,25,W92000004,31/03/2020,31/03/2020,1585699199000,,Local Authority (Number),1,1,,
32700,32700,Dwelling stock estimates,1,1,,Mid and South West Wales,WXX000002,25,W92000004,31/03/2020,31/03/2020,1585699199000,,Registered Social Landlord (Number),2,3,,
370400,370400,Dwelling stock estimates,1,1,,Mid and South West Wales,WXX000002,25,W92000004,31/03/2020,31/03/2020,1585699199000,,Owner occupied/Privately rented (Number),3,5,,
311100,311100,Dwelling stock estimates,1,1,,Mid and South West Wales,WXX000002,25,W92000004,31/03/2020,31/03/2020,1585699199000,,Owner occupied (Number),4,6,,
59300,59300,Dwelling stock estimates,1,1,,Mid and South West Wales,WXX000002,25,W92000004,31/03/2020,31/03/2020,1585699199000,,Privately rented (Number),5,8,,
436700,436700,Dwelling stock estimates,1,1,,Mid and South West Wales,WXX000002,25,W92000004,31/03/2020,31/03/2020,1585699199000,,All tenures (Number),6,10,,
33700,33700,Dwelling stock estimates,1,1,,Mid and South West Wales,WXX000002,25,W92000004,31/03/2019,31/03/2019,1554076799000,,Local Authority (Number),1,1,,
32300,32300,Dwelling stock estimates,1,1,,Mid and South West Wales,WXX000002,25,W92000004,31/03/2019,31/03/2019,1554076799000,,Registered Social Landlord (Number),2,3,,
368700,368700,Dwelling stock estimates,1,1,,Mid and South West Wales,WXX000002,25,W92000004,31/03/2019,31/03/2019,1554076799000,,Owner occupied/Privately rented (Number),3,5,,
309100,309100,Dwelling stock estimates,1,1,,Mid and South West Wales,WXX000002,25,W92000004,31/03/2019,31/03/2019,1554076799000,,Owner occupied (Number),4,6,,
59600,59600,Dwelling stock estimates,1,1,,Mid and South West Wales,WXX000002,25,W92000004,31/03/2019,31/03/2019,1554076799000,,Privately rented (Number),5,8,,
434800,434800,Dwelling stock estimates,1,1,,Mid and South West Wales,WXX000002,25,W92000004,31/03/2019,31/03/2019,1554076799000,,All tenures (Number),6,10,,
33600,33600,Dwelling stock estimates,1,1,,Mid and South West Wales,WXX000002,25,W92000004,31/03/2018,31/03/2018,1522540799000,,Local Authority (Number),1,1,,
31900,31900,Dwelling stock estimates,1,1,,Mid and South West Wales,WXX000002,25,W92000004,31/03/2018,31/03/2018,1522540799000,,Registered Social Landlord (Number),2,3,,
367200,367200,Dwelling stock estimates,1,1,,Mid and South West Wales,WXX000002,25,W92000004,31/03/2018,31/03/2018,1522540799000,,Owner occupied/Privately rented (Number),3,5,,
304800,304800,Dwelling stock estimates,1,1,,Mid and South West Wales,WXX000002,25,W92000004,31/03/2018,31/03/2018,1522540799000,,Owner occupied (Number),4,6,,
62500,62500,Dwelling stock estimates,1,1,,Mid and South West Wales,WXX000002,25,W92000004,31/03/2018,31/03/2018,1522540799000,,Privately rented (Number),5,8,,
432700,432700,Dwelling stock estimates,1,1,,Mid and South West Wales,WXX000002,25,W92000004,31/03/2018,31/03/2018,1522540799000,,All tenures (Number),6,10,,
33500,33500,Dwelling stock estimates,1,1,,Mid and South West Wales,WXX000002,25,W92000004,31/03/2017,31/03/2017,1491004799000,,Local Authority (Number),1,1,,
31500,31500,Dwelling stock estimates,1,1,,Mid and South West Wales,WXX000002,25,W92000004,31/03/2017,31/03/2017,1491004799000,,Registered Social Landlord (Number),2,3,,
365400,365400,Dwelling stock estimates,1,1,,Mid and South West Wales,WXX000002,25,W92000004,31/03/2017,31/03/2017,1491004799000,,Owner occupied/Privately rented (Number),3,5,,
300700,300700,Dwelling stock estimates,1,1,,Mid and South West Wales,WXX000002,25,W92000004,31/03/2017,31/03/2017,1491004799000,,Owner occupied (Number),4,6,,
64600,64600,Dwelling stock estimates,1,1,,Mid and South West Wales,WXX000002,25,W92000004,31/03/2017,31/03/2017,1491004799000,,Privately rented (Number),5,8,,
430400,430400,Dwelling stock estimates,1,1,,Mid and South West Wales,WXX000002,25,W92000004,31/03/2017,31/03/2017,1491004799000,,All tenures (Number),6,10,,
33500,33500,Dwelling stock estimates,1,1,,Mid and South West Wales,WXX000002,25,W92000004,31/03/2016,31/03/2016,1459468799000,,Local Authority (Number),1,1,,
31200,31200,Dwelling stock estimates,1,1,,Mid and South West Wales,WXX000002,25,W92000004,31/03/2016,31/03/2016,1459468799000,,Registered Social Landlord (Number),2,3,,
363400,363400,Dwelling stock estimates,1,1,,Mid and South West Wales,WXX000002,25,W92000004,31/03/2016,31/03/2016,1459468799000,,Owner occupied/Privately rented (Number),3,5,,
297900,297900,Dwelling stock estimates,1,1,,Mid and South West Wales,WXX000002,25,W92000004,31/03/2016,31/03/2016,1459468799000,,Owner occupied (Number),4,6,,
65500,65500,Dwelling stock estimates,1,1,,Mid and South West Wales,WXX000002,25,W92000004,31/03/2016,31/03/2016,1459468799000,,Privately rented (Number),5,8,,
428100,428100,Dwelling stock estimates,1,1,,Mid and South West Wales,WXX000002,25,W92000004,31/03/2016,31/03/2016,1459468799000,,All tenures (Number),6,10,,
33500,33500,Dwelling stock estimates,1,1,,Mid and South West Wales,WXX000002,25,W92000004,31/03/2015,31/03/2015,1427846399000,,Local Authority (Number),1,1,,
31000,31000,Dwelling stock estimates,1,1,,Mid and South West Wales,WXX000002,25,W92000004,31/03/2015,31/03/2015,1427846399000,,Registered Social Landlord (Number),2,3,,
361100,361100,Dwelling stock estimates,1,1,,Mid and South West Wales,WXX000002,25,W92000004,31/03/2015,31/03/2015,1427846399000,,Owner occupied/Privately rented (Number),3,5,,
297500,297500,Dwelling stock estimates,1,1,,Mid and South West Wales,WXX000002,25,W92000004,31/03/2015,31/03/2015,1427846399000,,Owner occupied (Number),4,6,,
63600,63600,Dwelling stock estimates,1,1,,Mid and South West Wales,WXX000002,25,W92000004,31/03/2015,31/03/2015,1427846399000,,Privately rented (Number),5,8,,
425600,425600,Dwelling stock estimates,1,1,,Mid and South West Wales,WXX000002,25,W92000004,31/03/2015,31/03/2015,1427846399000,,All tenures (Number),6,10,,
33600,33600,Dwelling stock estimates,1,1,,Mid and South West Wales,WXX000002,25,W92000004,31/03/2014,31/03/2014,1396310399000,,Local Authority (Number),1,1,,
30900,30900,Dwelling stock estimates,1,1,,Mid and South West Wales,WXX000002,25,W92000004,31/03/2014,31/03/2014,1396310399000,,Registered Social Landlord (Number),2,3,,
358500,358500,Dwelling stock estimates,1,1,,Mid and South West Wales,WXX000002,25,W92000004,31/03/2014,31/03/2014,1396310399000,,Owner occupied/Privately rented (Number),3,5,,
299400,299400,Dwelling stock estimates,1,1,,Mid and South West Wales,WXX000002,25,W92000004,31/03/2014,31/03/2014,1396310399000,,Owner occupied (Number),4,6,,
59200,59200,Dwelling stock estimates,1,1,,Mid and South West Wales,WXX000002,25,W92000004,31/03/2014,31/03/2014,1396310399000,,Privately rented (Number),5,8,,
423000,423000,Dwelling stock estimates,1,1,,Mid and South West Wales,WXX000002,25,W92000004,31/03/2014,31/03/2014,1396310399000,,All tenures (Number),6,10,,
33700,33700,Dwelling stock estimates,1,1,,Mid and South West Wales,WXX000002,25,W92000004,31/03/2013,31/03/2013,1364774399000,,Local Authority (Number),1,1,,
30800,30800,Dwelling stock estimates,1,1,,Mid and South West Wales,WXX000002,25,W92000004,31/03/2013,31/03/2013,1364774399000,,Registered Social Landlord (Number),2,3,,
356100,356100,Dwelling stock estimates,1,1,,Mid and South West Wales,WXX000002,25,W92000004,31/03/2013,31/03/2013,1364774399000,,Owner occupied/Privately rented (Number),3,5,,
299700,299700,Dwelling stock estimates,1,1,,Mid and South West Wales,WXX000002,25,W92000004,31/03/2013,31/03/2013,1364774399000,,Owner occupied (Number),4,6,,
56300,56300,Dwelling stock estimates,1,1,,Mid and South West Wales,WXX000002,25,W92000004,31/03/2013,31/03/2013,1364774399000,,Privately rented (Number),5,8,,
420700,420700,Dwelling stock estimates,1,1,,Mid and South West Wales,WXX000002,25,W92000004,31/03/2013,31/03/2013,1364774399000,,All tenures (Number),6,10,,
33800,33800,Dwelling stock estimates,1,1,,Mid and South West Wales,WXX000002,25,W92000004,31/03/2012,31/03/2012,1333238399000,,Local Authority (Number),1,1,,
30700,30700,Dwelling stock estimates,1,1,,Mid and South West Wales,WXX000002,25,W92000004,31/03/2012,31/03/2012,1333238399000,,Registered Social Landlord (Number),2,3,,
353500,353500,Dwelling stock estimates,1,1,,Mid and South West Wales,WXX000002,25,W92000004,31/03/2012,31/03/2012,1333238399000,,Owner occupied/Privately rented (Number),3,5,,
297000,297000,Dwelling stock estimates,1,1,,Mid and South West Wales,WXX000002,25,W92000004,31/03/2012,31/03/2012,1333238399000,,Owner occupied (Number),4,6,,
56500,56500,Dwelling stock estimates,1,1,,Mid and South West Wales,WXX000002,25,W92000004,31/03/2012,31/03/2012,1333238399000,,Privately rented (Number),5,8,,
418100,418100,Dwelling stock estimates,1,1,,Mid and South West Wales,WXX000002,25,W92000004,31/03/2012,31/03/2012,1333238399000,,All tenures (Number),6,10,,
33900,33900,Dwelling stock estimates,1,1,,Mid and South West Wales,WXX000002,25,W92000004,31/03/2011,31/03/2011,1301615999000,,Local Authority (Number),1,1,,
30300,30300,Dwelling stock estimates,1,1,,Mid and South West Wales,WXX000002,25,W92000004,31/03/2011,31/03/2011,1301615999000,,Registered Social Landlord (Number),2,3,,
351300,351300,Dwelling stock estimates,1,1,,Mid and South West Wales,WXX000002,25,W92000004,31/03/2011,31/03/2011,1301615999000,,Owner occupied/Privately rented (Number),3,5,,
415500,415500,Dwelling stock estimates,1,1,,Mid and South West Wales,WXX000002,25,W92000004,31/03/2011,31/03/2011,1301615999000,,All tenures (Number),6,10,,
43100,43100,Dwelling stock estimates,1,1,,Mid and South West Wales,WXX000002,25,W92000004,31/03/2010,31/03/2010,1270079999000,,Local Authority (Number),1,1,,
20800,20800,Dwelling stock estimates,1,1,,Mid and South West Wales,WXX000002,25,W92000004,31/03/2010,31/03/2010,1270079999000,,Registered Social Landlord (Number),2,3,,
348800,348800,Dwelling stock estimates,1,1,,Mid and South West Wales,WXX000002,25,W92000004,31/03/2010,31/03/2010,1270079999000,,Owner occupied/Privately rented (Number),3,5,,
412700,412700,Dwelling stock estimates,1,1,,Mid and South West Wales,WXX000002,25,W92000004,31/03/2010,31/03/2010,1270079999000,,All tenures (Number),6,10,,
45400,45400,Dwelling stock estimates,1,1,,Mid and South West Wales,WXX000002,25,W92000004,31/03/2009,31/03/2009,1238543999000,,Local Authority (Number),1,1,,
18100,18100,Dwelling stock estimates,1,1,,Mid and South West Wales,WXX000002,25,W92000004,31/03/2009,31/03/2009,1238543999000,,Registered Social Landlord (Number),2,3,,
346000,346000,Dwelling stock estimates,1,1,,Mid and South West Wales,WXX000002,25,W92000004,31/03/2009,31/03/2009,1238543999000,,Owner occupied/Privately rented (Number),3,5,,
409600,409600,Dwelling stock estimates,1,1,,Mid and South West Wales,WXX000002,25,W92000004,31/03/2009,31/03/2009,1238543999000,,All tenures (Number),6,10,,
45400,45400,Dwelling stock estimates,1,1,,Mid and South West Wales,WXX000002,25,W92000004,31/03/2008,31/03/2008,1207007999000,,Local Authority (Number),1,1,,
18600,18600,Dwelling stock estimates,1,1,,Mid and South West Wales,WXX000002,25,W92000004,31/03/2008,31/03/2008,1207007999000,,Registered Social Landlord (Number),2,3,,
342500,342500,Dwelling stock estimates,1,1,,Mid and South West Wales,WXX000002,25,W92000004,31/03/2008,31/03/2008,1207007999000,,Owner occupied/Privately rented (Number),3,5,,
406500,406500,Dwelling stock estimates,1,1,,Mid and South West Wales,WXX000002,25,W92000004,31/03/2008,31/03/2008,1207007999000,,All tenures (Number),6,10,,
45700,45700,Dwelling stock estimates,1,1,,Mid and South West Wales,WXX000002,25,W92000004,31/03/2007,31/03/2007,1175385599000,,Local Authority (Number),1,1,,
18300,18300,Dwelling stock estimates,1,1,,Mid and South West Wales,WXX000002,25,W92000004,31/03/2007,31/03/2007,1175385599000,,Registered Social Landlord (Number),2,3,,
339100,339100,Dwelling stock estimates,1,1,,Mid and South West Wales,WXX000002,25,W92000004,31/03/2007,31/03/2007,1175385599000,,Owner occupied/Privately rented (Number),3,5,,
403000,403000,Dwelling stock estimates,1,1,,Mid and South West Wales,WXX000002,25,W92000004,31/03/2007,31/03/2007,1175385599000,,All tenures (Number),6,10,,
46100,46100,Dwelling stock estimates,1,1,,Mid and South West Wales,WXX000002,25,W92000004,31/03/2006,31/03/2006,1143849599000,,Local Authority (Number),1,1,,
18100,18100,Dwelling stock estimates,1,1,,Mid and South West Wales,WXX000002,25,W92000004,31/03/2006,31/03/2006,1143849599000,,Registered Social Landlord (Number),2,3,,
335100,335100,Dwelling stock estimates,1,1,,Mid and South West Wales,WXX000002,25,W92000004,31/03/2006,31/03/2006,1143849599000,,Owner occupied/Privately rented (Number),3,5,,
399300,399300,Dwelling stock estimates,1,1,,Mid and South West Wales,WXX000002,25,W92000004,31/03/2006,31/03/2006,1143849599000,,All tenures (Number),6,10,,
46500,46500,Dwelling stock estimates,1,1,,Mid and South West Wales,WXX000002,25,W92000004,31/03/2005,31/03/2005,1112313599000,,Local Authority (Number),1,1,,
17800,17800,Dwelling stock estimates,1,1,,Mid and South West Wales,WXX000002,25,W92000004,31/03/2005,31/03/2005,1112313599000,,Registered Social Landlord (Number),2,3,,
331000,331000,Dwelling stock estimates,1,1,,Mid and South West Wales,WXX000002,25,W92000004,31/03/2005,31/03/2005,1112313599000,,Owner occupied/Privately rented (Number),3,5,,
395400,395400,Dwelling stock estimates,1,1,,Mid and South West Wales,WXX000002,25,W92000004,31/03/2005,31/03/2005,1112313599000,,All tenures (Number),6,10,,
47500,47500,Dwelling stock estimates,1,1,,Mid and South West Wales,WXX000002,25,W92000004,31/03/2004,31/03/2004,1080777599000,,Local Authority (Number),1,1,,
17500,17500,Dwelling stock estimates,1,1,,Mid and South West Wales,WXX000002,25,W92000004,31/03/2004,31/03/2004,1080777599000,,Registered Social Landlord (Number),2,3,,
326800,326800,Dwelling stock estimates,1,1,,Mid and South West Wales,WXX000002,25,W92000004,31/03/2004,31/03/2004,1080777599000,,Owner occupied/Privately rented (Number),3,5,,
391800,391800,Dwelling stock estimates,1,1,,Mid and South West Wales,WXX000002,25,W92000004,31/03/2004,31/03/2004,1080777599000,,All tenures (Number),6,10,,
50000,50000,Dwelling stock estimates,1,1,,Mid and South West Wales,WXX000002,25,W92000004,31/03/2003,31/03/2003,1049155199000,,Local Authority (Number),1,1,,
16400,16400,Dwelling stock estimates,1,1,,Mid and South West Wales,WXX000002,25,W92000004,31/03/2003,31/03/2003,1049155199000,,Registered Social Landlord (Number),2,3,,
322000,322000,Dwelling stock estimates,1,1,,Mid and South West Wales,WXX000002,25,W92000004,31/03/2003,31/03/2003,1049155199000,,Owner occupied/Privately rented (Number),3,5,,
388400,388400,Dwelling stock estimates,1,1,,Mid and South West Wales,WXX000002,25,W92000004,31/03/2003,31/03/2003,1049155199000,,All tenures (Number),6,10,,
52100,52100,Dwelling stock estimates,1,1,,Mid and South West Wales,WXX000002,25,W92000004,31/03/2002,31/03/2002,1017619199000,,Local Authority (Number),1,1,,
16500,16500,Dwelling stock estimates,1,1,,Mid and South West Wales,WXX000002,25,W92000004,31/03/2002,31/03/2002,1017619199000,,Registered Social Landlord (Number),2,3,,
316700,316700,Dwelling stock estimates,1,1,,Mid and South West Wales,WXX000002,25,W92000004,31/03/2002,31/03/2002,1017619199000,,Owner occupied/Privately rented (Number),3,5,,
385200,385200,Dwelling stock estimates,1,1,,Mid and South West Wales,WXX000002,25,W92000004,31/03/2002,31/03/2002,1017619199000,,All tenures (Number),6,10,,
53200,53200,Dwelling stock estimates,1,1,,Mid and South West Wales,WXX000002,25,W92000004,31/03/2001,31/03/2001,986083199000,,Local Authority (Number),1,1,,
16700,16700,Dwelling stock estimates,1,1,,Mid and South West Wales,WXX000002,25,W92000004,31/03/2001,31/03/2001,986083199000,,Registered Social Landlord (Number),2,3,,
311700,311700,Dwelling stock estimates,1,1,,Mid and South West Wales,WXX000002,25,W92000004,31/03/2001,31/03/2001,986083199000,,Owner occupied/Privately rented (Number),3,5,,
381700,381700,Dwelling stock estimates,1,1,,Mid and South West Wales,WXX000002,25,W92000004,31/03/2001,31/03/2001,986083199000,,All tenures (Number),6,10,,
28900,28900,Dwelling stock estimates,1,1,,South East Wales,WXX000003,26,W92000004,31/03/2024,31/03/2024,1711929599000,,Local Authority (Number),1,1,,
90700,90700,Dwelling stock estimates,1,1,,South East Wales,WXX000003,26,W92000004,31/03/2024,31/03/2024,1711929599000,,Registered Social Landlord (Number),2,3,,
578400,578400,Dwelling stock estimates,1,1,,South East Wales,WXX000003,26,W92000004,31/03/2024,31/03/2024,1711929599000,,Owner occupied/Privately rented (Number),3,5,,
480100,480100,Dwelling stock estimates,1,1,,South East Wales,WXX000003,26,W92000004,31/03/2024,31/03/2024,1711929599000,,Owner occupied (Number),4,6,,Provisional
98300,98300,Dwelling stock estimates,1,1,,South East Wales,WXX000003,26,W92000004,31/03/2024,31/03/2024,1711929599000,,Privately rented (Number),5,8,,Provisional
698000,698000,Dwelling stock estimates,1,1,,South East Wales,WXX000003,26,W92000004,31/03/2024,31/03/2024,1711929599000,,All tenures (Number),6,10,,
28600,28600,Dwelling stock estimates,1,1,,South East Wales,WXX000003,26,W92000004,31/03/2023,31/03/2023,1680307199000,,Local Authority (Number),1,1,,
89700,89700,Dwelling stock estimates,1,1,,South East Wales,WXX000003,26,W92000004,31/03/2023,31/03/2023,1680307199000,,Registered Social Landlord (Number),2,3,,
576800,576800,Dwelling stock estimates,1,1,,South East Wales,WXX000003,26,W92000004,31/03/2023,31/03/2023,1680307199000,,Owner occupied/Privately rented (Number),3,5,,
478800,478800,Dwelling stock estimates,1,1,,South East Wales,WXX000003,26,W92000004,31/03/2023,31/03/2023,1680307199000,,Owner occupied (Number),4,6,,
98000,98000,Dwelling stock estimates,1,1,,South East Wales,WXX000003,26,W92000004,31/03/2023,31/03/2023,1680307199000,,Privately rented (Number),5,8,,
695100,695100,Dwelling stock estimates,1,1,,South East Wales,WXX000003,26,W92000004,31/03/2023,31/03/2023,1680307199000,,All tenures (Number),6,10,,
28400,28400,Dwelling stock estimates,1,1,,South East Wales,WXX000003,26,W92000004,31/03/2022,31/03/2022,1648771199000,,Local Authority (Number),1,1,,
88800,88800,Dwelling stock estimates,1,1,,South East Wales,WXX000003,26,W92000004,31/03/2022,31/03/2022,1648771199000,,Registered Social Landlord (Number),2,3,,
574600,574600,Dwelling stock estimates,1,1,,South East Wales,WXX000003,26,W92000004,31/03/2022,31/03/2022,1648771199000,,Owner occupied/Privately rented (Number),3,5,,
479400,479400,Dwelling stock estimates,1,1,,South East Wales,WXX000003,26,W92000004,31/03/2022,31/03/2022,1648771199000,,Owner occupied (Number),4,6,,
95200,95200,Dwelling stock estimates,1,1,,South East Wales,WXX000003,26,W92000004,31/03/2022,31/03/2022,1648771199000,,Privately rented (Number),5,8,,
691900,691900,Dwelling stock estimates,1,1,,South East Wales,WXX000003,26,W92000004,31/03/2022,31/03/2022,1648771199000,,All tenures (Number),6,10,,
28300,28300,Dwelling stock estimates,1,1,,South East Wales,WXX000003,26,W92000004,31/03/2021,31/03/2021,1617235199000,,Local Authority (Number),1,1,,
88100,88100,Dwelling stock estimates,1,1,,South East Wales,WXX000003,26,W92000004,31/03/2021,31/03/2021,1617235199000,,Registered Social Landlord (Number),2,3,,
573000,573000,Dwelling stock estimates,1,1,,South East Wales,WXX000003,26,W92000004,31/03/2021,31/03/2021,1617235199000,,Owner occupied/Privately rented (Number),3,5,,
480200,480200,Dwelling stock estimates,1,1,,South East Wales,WXX000003,26,W92000004,31/03/2021,31/03/2021,1617235199000,,Owner occupied (Number),4,6,,
92800,92800,Dwelling stock estimates,1,1,,South East Wales,WXX000003,26,W92000004,31/03/2021,31/03/2021,1617235199000,,Privately rented (Number),5,8,,
689400,689400,Dwelling stock estimates,1,1,,South East Wales,WXX000003,26,W92000004,31/03/2021,31/03/2021,1617235199000,,All tenures (Number),6,10,,
28100,28100,Dwelling stock estimates,1,1,,South East Wales,WXX000003,26,W92000004,31/03/2020,31/03/2020,1585699199000,,Local Authority (Number),1,1,,
86500,86500,Dwelling stock estimates,1,1,,South East Wales,WXX000003,26,W92000004,31/03/2020,31/03/2020,1585699199000,,Registered Social Landlord (Number),2,3,,
571500,571500,Dwelling stock estimates,1,1,,South East Wales,WXX000003,26,W92000004,31/03/2020,31/03/2020,1585699199000,,Owner occupied/Privately rented (Number),3,5,,
475300,475300,Dwelling stock estimates,1,1,,South East Wales,WXX000003,26,W92000004,31/03/2020,31/03/2020,1585699199000,,Owner occupied (Number),4,6,,
96100,96100,Dwelling stock estimates,1,1,,South East Wales,WXX000003,26,W92000004,31/03/2020,31/03/2020,1585699199000,,Privately rented (Number),5,8,,
686100,686100,Dwelling stock estimates,1,1,,South East Wales,WXX000003,26,W92000004,31/03/2020,31/03/2020,1585699199000,,All tenures (Number),6,10,,
28000,28000,Dwelling stock estimates,1,1,,South East Wales,WXX000003,26,W92000004,31/03/2019,31/03/2019,1554076799000,,Local Authority (Number),1,1,,
85800,85800,Dwelling stock estimates,1,1,,South East Wales,WXX000003,26,W92000004,31/03/2019,31/03/2019,1554076799000,,Registered Social Landlord (Number),2,3,,
567700,567700,Dwelling stock estimates,1,1,,South East Wales,WXX000003,26,W92000004,31/03/2019,31/03/2019,1554076799000,,Owner occupied/Privately rented (Number),3,5,,
466400,466400,Dwelling stock estimates,1,1,,South East Wales,WXX000003,26,W92000004,31/03/2019,31/03/2019,1554076799000,,Owner occupied (Number),4,6,,
101300,101300,Dwelling stock estimates,1,1,,South East Wales,WXX000003,26,W92000004,31/03/2019,31/03/2019,1554076799000,,Privately rented (Number),5,8,,
681600,681600,Dwelling stock estimates,1,1,,South East Wales,WXX000003,26,W92000004,31/03/2019,31/03/2019,1554076799000,,All tenures (Number),6,10,,
28100,28100,Dwelling stock estimates,1,1,,South East Wales,WXX000003,26,W92000004,31/03/2018,31/03/2018,1522540799000,,Local Authority (Number),1,1,,
85300,85300,Dwelling stock estimates,1,1,,South East Wales,WXX000003,26,W92000004,31/03/2018,31/03/2018,1522540799000,,Registered Social Landlord (Number),2,3,,
564200,564200,Dwelling stock estimates,1,1,,South East Wales,WXX000003,26,W92000004,31/03/2018,31/03/2018,1522540799000,,Owner occupied/Privately rented (Number),3,5,,
462900,462900,Dwelling stock estimates,1,1,,South East Wales,WXX000003,26,W92000004,31/03/2018,31/03/2018,1522540799000,,Owner occupied (Number),4,6,,
101300,101300,Dwelling stock estimates,1,1,,South East Wales,WXX000003,26,W92000004,31/03/2018,31/03/2018,1522540799000,,Privately rented (Number),5,8,,
677600,677600,Dwelling stock estimates,1,1,,South East Wales,WXX000003,26,W92000004,31/03/2018,31/03/2018,1522540799000,,All tenures (Number),6,10,,
28100,28100,Dwelling stock estimates,1,1,,South East Wales,WXX000003,26,W92000004,31/03/2017,31/03/2017,1491004799000,,Local Authority (Number),1,1,,
84600,84600,Dwelling stock estimates,1,1,,South East Wales,WXX000003,26,W92000004,31/03/2017,31/03/2017,1491004799000,,Registered Social Landlord (Number),2,3,,
560400,560400,Dwelling stock estimates,1,1,,South East Wales,WXX000003,26,W92000004,31/03/2017,31/03/2017,1491004799000,,Owner occupied/Privately rented (Number),3,5,,
463800,463800,Dwelling stock estimates,1,1,,South East Wales,WXX000003,26,W92000004,31/03/2017,31/03/2017,1491004799000,,Owner occupied (Number),4,6,,
96600,96600,Dwelling stock estimates,1,1,,South East Wales,WXX000003,26,W92000004,31/03/2017,31/03/2017,1491004799000,,Privately rented (Number),5,8,,
673100,673100,Dwelling stock estimates,1,1,,South East Wales,WXX000003,26,W92000004,31/03/2017,31/03/2017,1491004799000,,All tenures (Number),6,10,,
28200,28200,Dwelling stock estimates,1,1,,South East Wales,WXX000003,26,W92000004,31/03/2016,31/03/2016,1459468799000,,Local Authority (Number),1,1,,
83700,83700,Dwelling stock estimates,1,1,,South East Wales,WXX000003,26,W92000004,31/03/2016,31/03/2016,1459468799000,,Registered Social Landlord (Number),2,3,,
556500,556500,Dwelling stock estimates,1,1,,South East Wales,WXX000003,26,W92000004,31/03/2016,31/03/2016,1459468799000,,Owner occupied/Privately rented (Number),3,5,,
461100,461100,Dwelling stock estimates,1,1,,South East Wales,WXX000003,26,W92000004,31/03/2016,31/03/2016,1459468799000,,Owner occupied (Number),4,6,,
95400,95400,Dwelling stock estimates,1,1,,South East Wales,WXX000003,26,W92000004,31/03/2016,31/03/2016,1459468799000,,Privately rented (Number),5,8,,
668400,668400,Dwelling stock estimates,1,1,,South East Wales,WXX000003,26,W92000004,31/03/2016,31/03/2016,1459468799000,,All tenures (Number),6,10,,
28400,28400,Dwelling stock estimates,1,1,,South East Wales,WXX000003,26,W92000004,31/03/2015,31/03/2015,1427846399000,,Local Authority (Number),1,1,,
83100,83100,Dwelling stock estimates,1,1,,South East Wales,WXX000003,26,W92000004,31/03/2015,31/03/2015,1427846399000,,Registered Social Landlord (Number),2,3,,
552200,552200,Dwelling stock estimates,1,1,,South East Wales,WXX000003,26,W92000004,31/03/2015,31/03/2015,1427846399000,,Owner occupied/Privately rented (Number),3,5,,
454600,454600,Dwelling stock estimates,1,1,,South East Wales,WXX000003,26,W92000004,31/03/2015,31/03/2015,1427846399000,,Owner occupied (Number),4,6,,
97600,97600,Dwelling stock estimates,1,1,,South East Wales,WXX000003,26,W92000004,31/03/2015,31/03/2015,1427846399000,,Privately rented (Number),5,8,,
663800,663800,Dwelling stock estimates,1,1,,South East Wales,WXX000003,26,W92000004,31/03/2015,31/03/2015,1427846399000,,All tenures (Number),6,10,,
28500,28500,Dwelling stock estimates,1,1,,South East Wales,WXX000003,26,W92000004,31/03/2014,31/03/2014,1396310399000,,Local Authority (Number),1,1,,
82600,82600,Dwelling stock estimates,1,1,,South East Wales,WXX000003,26,W92000004,31/03/2014,31/03/2014,1396310399000,,Registered Social Landlord (Number),2,3,,
548800,548800,Dwelling stock estimates,1,1,,South East Wales,WXX000003,26,W92000004,31/03/2014,31/03/2014,1396310399000,,Owner occupied/Privately rented (Number),3,5,,
451700,451700,Dwelling stock estimates,1,1,,South East Wales,WXX000003,26,W92000004,31/03/2014,31/03/2014,1396310399000,,Owner occupied (Number),4,6,,
97100,97100,Dwelling stock estimates,1,1,,South East Wales,WXX000003,26,W92000004,31/03/2014,31/03/2014,1396310399000,,Privately rented (Number),5,8,,
659900,659900,Dwelling stock estimates,1,1,,South East Wales,WXX000003,26,W92000004,31/03/2014,31/03/2014,1396310399000,,All tenures (Number),6,10,,
28500,28500,Dwelling stock estimates,1,1,,South East Wales,WXX000003,26,W92000004,31/03/2013,31/03/2013,1364774399000,,Local Authority (Number),1,1,,
82300,82300,Dwelling stock estimates,1,1,,South East Wales,WXX000003,26,W92000004,31/03/2013,31/03/2013,1364774399000,,Registered Social Landlord (Number),2,3,,
545300,545300,Dwelling stock estimates,1,1,,South East Wales,WXX000003,26,W92000004,31/03/2013,31/03/2013,1364774399000,,Owner occupied/Privately rented (Number),3,5,,
450300,450300,Dwelling stock estimates,1,1,,South East Wales,WXX000003,26,W92000004,31/03/2013,31/03/2013,1364774399000,,Owner occupied (Number),4,6,,
95000,95000,Dwelling stock estimates,1,1,,South East Wales,WXX000003,26,W92000004,31/03/2013,31/03/2013,1364774399000,,Privately rented (Number),5,8,,
656200,656200,Dwelling stock estimates,1,1,,South East Wales,WXX000003,26,W92000004,31/03/2013,31/03/2013,1364774399000,,All tenures (Number),6,10,,
28500,28500,Dwelling stock estimates,1,1,,South East Wales,WXX000003,26,W92000004,31/03/2012,31/03/2012,1333238399000,,Local Authority (Number),1,1,,
82400,82400,Dwelling stock estimates,1,1,,South East Wales,WXX000003,26,W92000004,31/03/2012,31/03/2012,1333238399000,,Registered Social Landlord (Number),2,3,,
541900,541900,Dwelling stock estimates,1,1,,South East Wales,WXX000003,26,W92000004,31/03/2012,31/03/2012,1333238399000,,Owner occupied/Privately rented (Number),3,5,,
448500,448500,Dwelling stock estimates,1,1,,South East Wales,WXX000003,26,W92000004,31/03/2012,31/03/2012,1333238399000,,Owner occupied (Number),4,6,,
93400,93400,Dwelling stock estimates,1,1,,South East Wales,WXX000003,26,W92000004,31/03/2012,31/03/2012,1333238399000,,Privately rented (Number),5,8,,
652800,652800,Dwelling stock estimates,1,1,,South East Wales,WXX000003,26,W92000004,31/03/2012,31/03/2012,1333238399000,,All tenures (Number),6,10,,
28800,28800,Dwelling stock estimates,1,1,,South East Wales,WXX000003,26,W92000004,31/03/2011,31/03/2011,1301615999000,,Local Authority (Number),1,1,,
81900,81900,Dwelling stock estimates,1,1,,South East Wales,WXX000003,26,W92000004,31/03/2011,31/03/2011,1301615999000,,Registered Social Landlord (Number),2,3,,
538800,538800,Dwelling stock estimates,1,1,,South East Wales,WXX000003,26,W92000004,31/03/2011,31/03/2011,1301615999000,,Owner occupied/Privately rented (Number),3,5,,
649600,649600,Dwelling stock estimates,1,1,,South East Wales,WXX000003,26,W92000004,31/03/2011,31/03/2011,1301615999000,,All tenures (Number),6,10,,
34900,34900,Dwelling stock estimates,1,1,,South East Wales,WXX000003,26,W92000004,31/03/2010,31/03/2010,1270079999000,,Local Authority (Number),1,1,,
75000,75000,Dwelling stock estimates,1,1,,South East Wales,WXX000003,26,W92000004,31/03/2010,31/03/2010,1270079999000,,Registered Social Landlord (Number),2,3,,
535600,535600,Dwelling stock estimates,1,1,,South East Wales,WXX000003,26,W92000004,31/03/2010,31/03/2010,1270079999000,,Owner occupied/Privately rented (Number),3,5,,
645500,645500,Dwelling stock estimates,1,1,,South East Wales,WXX000003,26,W92000004,31/03/2010,31/03/2010,1270079999000,,All tenures (Number),6,10,,
35000,35000,Dwelling stock estimates,1,1,,South East Wales,WXX000003,26,W92000004,31/03/2009,31/03/2009,1238543999000,,Local Authority (Number),1,1,,
74200,74200,Dwelling stock estimates,1,1,,South East Wales,WXX000003,26,W92000004,31/03/2009,31/03/2009,1238543999000,,Registered Social Landlord (Number),2,3,,
531800,531800,Dwelling stock estimates,1,1,,South East Wales,WXX000003,26,W92000004,31/03/2009,31/03/2009,1238543999000,,Owner occupied/Privately rented (Number),3,5,,
641000,641000,Dwelling stock estimates,1,1,,South East Wales,WXX000003,26,W92000004,31/03/2009,31/03/2009,1238543999000,,All tenures (Number),6,10,,
48200,48200,Dwelling stock estimates,1,1,,South East Wales,WXX000003,26,W92000004,31/03/2008,31/03/2008,1207007999000,,Local Authority (Number),1,1,,
60200,60200,Dwelling stock estimates,1,1,,South East Wales,WXX000003,26,W92000004,31/03/2008,31/03/2008,1207007999000,,Registered Social Landlord (Number),2,3,,
527100,527100,Dwelling stock estimates,1,1,,South East Wales,WXX000003,26,W92000004,31/03/2008,31/03/2008,1207007999000,,Owner occupied/Privately rented (Number),3,5,,
635500,635500,Dwelling stock estimates,1,1,,South East Wales,WXX000003,26,W92000004,31/03/2008,31/03/2008,1207007999000,,All tenures (Number),6,10,,
70600,70600,Dwelling stock estimates,1,1,,South East Wales,WXX000003,26,W92000004,31/03/2007,31/03/2007,1175385599000,,Local Authority (Number),1,1,,
37800,37800,Dwelling stock estimates,1,1,,South East Wales,WXX000003,26,W92000004,31/03/2007,31/03/2007,1175385599000,,Registered Social Landlord (Number),2,3,,
521200,521200,Dwelling stock estimates,1,1,,South East Wales,WXX000003,26,W92000004,31/03/2007,31/03/2007,1175385599000,,Owner occupied/Privately rented (Number),3,5,,
629600,629600,Dwelling stock estimates,1,1,,South East Wales,WXX000003,26,W92000004,31/03/2007,31/03/2007,1175385599000,,All tenures (Number),6,10,,
71300,71300,Dwelling stock estimates,1,1,,South East Wales,WXX000003,26,W92000004,31/03/2006,31/03/2006,1143849599000,,Local Authority (Number),1,1,,
37200,37200,Dwelling stock estimates,1,1,,South East Wales,WXX000003,26,W92000004,31/03/2006,31/03/2006,1143849599000,,Registered Social Landlord (Number),2,3,,
514400,514400,Dwelling stock estimates,1,1,,South East Wales,WXX000003,26,W92000004,31/03/2006,31/03/2006,1143849599000,,Owner occupied/Privately rented (Number),3,5,,
622900,622900,Dwelling stock estimates,1,1,,South East Wales,WXX000003,26,W92000004,31/03/2006,31/03/2006,1143849599000,,All tenures (Number),6,10,,
72100,72100,Dwelling stock estimates,1,1,,South East Wales,WXX000003,26,W92000004,31/03/2005,31/03/2005,1112313599000,,Local Authority (Number),1,1,,
37000,37000,Dwelling stock estimates,1,1,,South East Wales,WXX000003,26,W92000004,31/03/2005,31/03/2005,1112313599000,,Registered Social Landlord (Number),2,3,,
508200,508200,Dwelling stock estimates,1,1,,South East Wales,WXX000003,26,W92000004,31/03/2005,31/03/2005,1112313599000,,Owner occupied/Privately rented (Number),3,5,,
617300,617300,Dwelling stock estimates,1,1,,South East Wales,WXX000003,26,W92000004,31/03/2005,31/03/2005,1112313599000,,All tenures (Number),6,10,,
74300,74300,Dwelling stock estimates,1,1,,South East Wales,WXX000003,26,W92000004,31/03/2004,31/03/2004,1080777599000,,Local Authority (Number),1,1,,
36800,36800,Dwelling stock estimates,1,1,,South East Wales,WXX000003,26,W92000004,31/03/2004,31/03/2004,1080777599000,,Registered Social Landlord (Number),2,3,,
500200,500200,Dwelling stock estimates,1,1,,South East Wales,WXX000003,26,W92000004,31/03/2004,31/03/2004,1080777599000,,Owner occupied/Privately rented (Number),3,5,,
611300,611300,Dwelling stock estimates,1,1,,South East Wales,WXX000003,26,W92000004,31/03/2004,31/03/2004,1080777599000,,All tenures (Number),6,10,,
85400,85400,Dwelling stock estimates,1,1,,South East Wales,WXX000003,26,W92000004,31/03/2003,31/03/2003,1049155199000,,Local Authority (Number),1,1,,
30700,30700,Dwelling stock estimates,1,1,,South East Wales,WXX000003,26,W92000004,31/03/2003,31/03/2003,1049155199000,,Registered Social Landlord (Number),2,3,,
489700,489700,Dwelling stock estimates,1,1,,South East Wales,WXX000003,26,W92000004,31/03/2003,31/03/2003,1049155199000,,Owner occupied/Privately rented (Number),3,5,,
605700,605700,Dwelling stock estimates,1,1,,South East Wales,WXX000003,26,W92000004,31/03/2003,31/03/2003,1049155199000,,All tenures (Number),6,10,,
89300,89300,Dwelling stock estimates,1,1,,South East Wales,WXX000003,26,W92000004,31/03/2002,31/03/2002,1017619199000,,Local Authority (Number),1,1,,
30500,30500,Dwelling stock estimates,1,1,,South East Wales,WXX000003,26,W92000004,31/03/2002,31/03/2002,1017619199000,,Registered Social Landlord (Number),2,3,,
480200,480200,Dwelling stock estimates,1,1,,South East Wales,WXX000003,26,W92000004,31/03/2002,31/03/2002,1017619199000,,Owner occupied/Privately rented (Number),3,5,,
600000,600000,Dwelling stock estimates,1,1,,South East Wales,WXX000003,26,W92000004,31/03/2002,31/03/2002,1017619199000,,All tenures (Number),6,10,,
92100,92100,Dwelling stock estimates,1,1,,South East Wales,WXX000003,26,W92000004,31/03/2001,31/03/2001,986083199000,,Local Authority (Number),1,1,,
28900,28900,Dwelling stock estimates,1,1,,South East Wales,WXX000003,26,W92000004,31/03/2001,31/03/2001,986083199000,,Registered Social Landlord (Number),2,3,,
473700,473700,Dwelling stock estimates,1,1,,South East Wales,WXX000003,26,W92000004,31/03/2001,31/03/2001,986083199000,,Owner occupied/Privately rented (Number),3,5,,
594700,594700,Dwelling stock estimates,1,1,,South East Wales,WXX000003,26,W92000004,31/03/2001,31/03/2001,986083199000,,All tenures (Number),6,10,,
6,6,Dwelling stock estimates percentages,2,2,,Wales,W92000004,1,,31/03/2024,31/03/2024,1711929599000,,Local Authority (%),7,2,,
10,10,Dwelling stock estimates percentages,2,2,,Wales,W92000004,1,,31/03/2024,31/03/2024,1711929599000,,Registered Social Landlord (%),8,4,,
70,70,Dwelling stock estimates percentages,2,2,,Wales,W92000004,1,,31/03/2024,31/03/2024,1711929599000,,Owner occupied (%),9,7,,Provisional
14,14,Dwelling stock estimates percentages,2,2,,Wales,W92000004,1,,31/03/2024,31/03/2024,1711929599000,,Privately rented (%),10,9,,Provisional
6,6,Dwelling stock estimates percentages,2,2,,Wales,W92000004,1,,31/03/2023,31/03/2023,1680307199000,,Local Authority (%),7,2,,
10,10,Dwelling stock estimates percentages,2,2,,Wales,W92000004,1,,31/03/2023,31/03/2023,1680307199000,,Registered Social Landlord (%),8,4,,
70,70,Dwelling stock estimates percentages,2,2,,Wales,W92000004,1,,31/03/2023,31/03/2023,1680307199000,,Owner occupied (%),9,7,,
14,14,Dwelling stock estimates percentages,2,2,,Wales,W92000004,1,,31/03/2023,31/03/2023,1680307199000,,Privately rented (%),10,9,,
6,6,Dwelling stock estimates percentages,2,2,,Wales,W92000004,1,,31/03/2022,31/03/2022,1648771199000,,Local Authority (%),7,2,,
10,10,Dwelling stock estimates percentages,2,2,,Wales,W92000004,1,,31/03/2022,31/03/2022,1648771199000,,Registered Social Landlord (%),8,4,,
71,71,Dwelling stock estimates percentages,2,2,,Wales,W92000004,1,,31/03/2022,31/03/2022,1648771199000,,Owner occupied (%),9,7,,
14,14,Dwelling stock estimates percentages,2,2,,Wales,W92000004,1,,31/03/2022,31/03/2022,1648771199000,,Privately rented (%),10,9,,
6,6,Dwelling stock estimates percentages,2,2,,Wales,W92000004,1,,31/03/2021,31/03/2021,1617235199000,,Local Authority (%),7,2,,
10,10,Dwelling stock estimates percentages,2,2,,Wales,W92000004,1,,31/03/2021,31/03/2021,1617235199000,,Registered Social Landlord (%),8,4,,
71,71,Dwelling stock estimates percentages,2,2,,Wales,W92000004,1,,31/03/2021,31/03/2021,1617235199000,,Owner occupied (%),9,7,,
13,13,Dwelling stock estimates percentages,2,2,,Wales,W92000004,1,,31/03/2021,31/03/2021,1617235199000,,Privately rented (%),10,9,,
6,6,Dwelling stock estimates percentages,2,2,,Wales,W92000004,1,,31/03/2020,31/03/2020,1585699199000,,Local Authority (%),7,2,,
10,10,Dwelling stock estimates percentages,2,2,,Wales,W92000004,1,,31/03/2020,31/03/2020,1585699199000,,Registered Social Landlord (%),8,4,,
71,71,Dwelling stock estimates percentages,2,2,,Wales,W92000004,1,,31/03/2020,31/03/2020,1585699199000,,Owner occupied (%),9,7,,
14,14,Dwelling stock estimates percentages,2,2,,Wales,W92000004,1,,31/03/2020,31/03/2020,1585699199000,,Privately rented (%),10,9,,
6,6,Dwelling stock estimates percentages,2,2,,Wales,W92000004,1,,31/03/2019,31/03/2019,1554076799000,,Local Authority (%),7,2,,
10,10,Dwelling stock estimates percentages,2,2,,Wales,W92000004,1,,31/03/2019,31/03/2019,1554076799000,,Registered Social Landlord (%),8,4,,
70,70,Dwelling stock estimates percentages,2,2,,Wales,W92000004,1,,31/03/2019,31/03/2019,1554076799000,,Owner occupied (%),9,7,,
14,14,Dwelling stock estimates percentages,2,2,,Wales,W92000004,1,,31/03/2019,31/03/2019,1554076799000,,Privately rented (%),10,9,,
6,6,Dwelling stock estimates percentages,2,2,,Wales,W92000004,1,,31/03/2018,31/03/2018,1522540799000,,Local Authority (%),7,2,,
10,10,Dwelling stock estimates percentages,2,2,,Wales,W92000004,1,,31/03/2018,31/03/2018,1522540799000,,Registered Social Landlord (%),8,4,,
70,70,Dwelling stock estimates percentages,2,2,,Wales,W92000004,1,,31/03/2018,31/03/2018,1522540799000,,Owner occupied (%),9,7,,
14,14,Dwelling stock estimates percentages,2,2,,Wales,W92000004,1,,31/03/2018,31/03/2018,1522540799000,,Privately rented (%),10,9,,
6,6,Dwelling stock estimates percentages,2,2,,Wales,W92000004,1,,31/03/2017,31/03/2017,1491004799000,,Local Authority (%),7,2,,
10,10,Dwelling stock estimates percentages,2,2,,Wales,W92000004,1,,31/03/2017,31/03/2017,1491004799000,,Registered Social Landlord (%),8,4,,
70,70,Dwelling stock estimates percentages,2,2,,Wales,W92000004,1,,31/03/2017,31/03/2017,1491004799000,,Owner occupied (%),9,7,,
14,14,Dwelling stock estimates percentages,2,2,,Wales,W92000004,1,,31/03/2017,31/03/2017,1491004799000,,Privately rented (%),10,9,,
6,6,Dwelling stock estimates percentages,2,2,,Wales,W92000004,1,,31/03/2016,31/03/2016,1459468799000,,Local Authority (%),7,2,,
10,10,Dwelling stock estimates percentages,2,2,,Wales,W92000004,1,,31/03/2016,31/03/2016,1459468799000,,Registered Social Landlord (%),8,4,,
70,70,Dwelling stock estimates percentages,2,2,,Wales,W92000004,1,,31/03/2016,31/03/2016,1459468799000,,Owner occupied (%),9,7,,
14,14,Dwelling stock estimates percentages,2,2,,Wales,W92000004,1,,31/03/2016,31/03/2016,1459468799000,,Privately rented (%),10,9,,
6,6,Dwelling stock estimates percentages,2,2,,Wales,W92000004,1,,31/03/2015,31/03/2015,1427846399000,,Local Authority (%),7,2,,
10,10,Dwelling stock estimates percentages,2,2,,Wales,W92000004,1,,31/03/2015,31/03/2015,1427846399000,,Registered Social Landlord (%),8,4,,
70,70,Dwelling stock estimates percentages,2,2,,Wales,W92000004,1,,31/03/2015,31/03/2015,1427846399000,,Owner occupied (%),9,7,,
15,15,Dwelling stock estimates percentages,2,2,,Wales,W92000004,1,,31/03/2015,31/03/2015,1427846399000,,Privately rented (%),10,9,,
6,6,Dwelling stock estimates percentages,2,2,,Wales,W92000004,1,,31/03/2014,31/03/2014,1396310399000,,Local Authority (%),7,2,,
10,10,Dwelling stock estimates percentages,2,2,,Wales,W92000004,1,,31/03/2014,31/03/2014,1396310399000,,Registered Social Landlord (%),8,4,,
70,70,Dwelling stock estimates percentages,2,2,,Wales,W92000004,1,,31/03/2014,31/03/2014,1396310399000,,Owner occupied (%),9,7,,
14,14,Dwelling stock estimates percentages,2,2,,Wales,W92000004,1,,31/03/2014,31/03/2014,1396310399000,,Privately rented (%),10,9,,
6,6,Dwelling stock estimates percentages,2,2,,Wales,W92000004,1,,31/03/2013,31/03/2013,1364774399000,,Local Authority (%),7,2,,
10,10,Dwelling stock estimates percentages,2,2,,Wales,W92000004,1,,31/03/2013,31/03/2013,1364774399000,,Registered Social Landlord (%),8,4,,
70,70,Dwelling stock estimates percentages,2,2,,Wales,W92000004,1,,31/03/2013,31/03/2013,1364774399000,,Owner occupied (%),9,7,,
14,14,Dwelling stock estimates percentages,2,2,,Wales,W92000004,1,,31/03/2013,31/03/2013,1364774399000,,Privately rented (%),10,9,,
6,6,Dwelling stock estimates percentages,2,2,,Wales,W92000004,1,,31/03/2012,31/03/2012,1333238399000,,Local Authority (%),7,2,,
10,10,Dwelling stock estimates percentages,2,2,,Wales,W92000004,1,,31/03/2012,31/03/2012,1333238399000,,Registered Social Landlord (%),8,4,,
70,70,Dwelling stock estimates percentages,2,2,,Wales,W92000004,1,,31/03/2012,31/03/2012,1333238399000,,Owner occupied (%),9,7,,
14,14,Dwelling stock estimates percentages,2,2,,Wales,W92000004,1,,31/03/2012,31/03/2012,1333238399000,,Privately rented (%),10,9,,
6,6,Dwelling stock estimates percentages,2,2,,Wales,W92000004,1,,31/03/2011,31/03/2011,1301615999000,,Local Authority (%),7,2,,
10,10,Dwelling stock estimates percentages,2,2,,Wales,W92000004,1,,31/03/2011,31/03/2011,1301615999000,,Registered Social Landlord (%),8,4,,
71,71,Dwelling stock estimates percentages,2,2,,Wales,W92000004,1,,31/03/2011,31/03/2011,1301615999000,,Owner occupied (%),9,7,,
13,13,Dwelling stock estimates percentages,2,2,,Wales,W92000004,1,,31/03/2011,31/03/2011,1301615999000,,Privately rented (%),10,9,,
8,8,Dwelling stock estimates percentages,2,2,,Wales,W92000004,1,,31/03/2010,31/03/2010,1270079999000,,Local Authority (%),7,2,,
8,8,Dwelling stock estimates percentages,2,2,,Wales,W92000004,1,,31/03/2010,31/03/2010,1270079999000,,Registered Social Landlord (%),8,4,,
72,72,Dwelling stock estimates percentages,2,2,,Wales,W92000004,1,,31/03/2010,31/03/2010,1270079999000,,Owner occupied (%),9,7,,
12,12,Dwelling stock estimates percentages,2,2,,Wales,W92000004,1,,31/03/2010,31/03/2010,1270079999000,,Privately rented (%),10,9,,
8,8,Dwelling stock estimates percentages,2,2,,Wales,W92000004,1,,31/03/2009,31/03/2009,1238543999000,,Local Authority (%),7,2,,
8,8,Dwelling stock estimates percentages,2,2,,Wales,W92000004,1,,31/03/2009,31/03/2009,1238543999000,,Registered Social Landlord (%),8,4,,
72,72,Dwelling stock estimates percentages,2,2,,Wales,W92000004,1,,31/03/2009,31/03/2009,1238543999000,,Owner occupied (%),9,7,,
11,11,Dwelling stock estimates percentages,2,2,,Wales,W92000004,1,,31/03/2009,31/03/2009,1238543999000,,Privately rented (%),10,9,,
10,10,Dwelling stock estimates percentages,2,2,,Wales,W92000004,1,,31/03/2008,31/03/2008,1207007999000,,Local Authority (%),7,2,,
7,7,Dwelling stock estimates percentages,2,2,,Wales,W92000004,1,,31/03/2008,31/03/2008,1207007999000,,Registered Social Landlord (%),8,4,,
74,74,Dwelling stock estimates percentages,2,2,,Wales,W92000004,1,,31/03/2008,31/03/2008,1207007999000,,Owner occupied (%),9,7,,
10,10,Dwelling stock estimates percentages,2,2,,Wales,W92000004,1,,31/03/2008,31/03/2008,1207007999000,,Privately rented (%),10,9,,
11,11,Dwelling stock estimates percentages,2,2,,Wales,W92000004,1,,31/03/2007,31/03/2007,1175385599000,,Local Authority (%),7,2,,
5,5,Dwelling stock estimates percentages,2,2,,Wales,W92000004,1,,31/03/2007,31/03/2007,1175385599000,,Registered Social Landlord (%),8,4,,
75,75,Dwelling stock estimates percentages,2,2,,Wales,W92000004,1,,31/03/2007,31/03/2007,1175385599000,,Owner occupied (%),9,7,,
9,9,Dwelling stock estimates percentages,2,2,,Wales,W92000004,1,,31/03/2007,31/03/2007,1175385599000,,Privately rented (%),10,9,,
12,12,Dwelling stock estimates percentages,2,2,,Wales,W92000004,1,,31/03/2006,31/03/2006,1143849599000,,Local Authority (%),7,2,,
5,5,Dwelling stock estimates percentages,2,2,,Wales,W92000004,1,,31/03/2006,31/03/2006,1143849599000,,Registered Social Landlord (%),8,4,,
75,75,Dwelling stock estimates percentages,2,2,,Wales,W92000004,1,,31/03/2006,31/03/2006,1143849599000,,Owner occupied (%),9,7,,
9,9,Dwelling stock estimates percentages,2,2,,Wales,W92000004,1,,31/03/2006,31/03/2006,1143849599000,,Privately rented (%),10,9,,
12,12,Dwelling stock estimates percentages,2,2,,Wales,W92000004,1,,31/03/2005,31/03/2005,1112313599000,,Local Authority (%),7,2,,
5,5,Dwelling stock estimates percentages,2,2,,Wales,W92000004,1,,31/03/2005,31/03/2005,1112313599000,,Registered Social Landlord (%),8,4,,
75,75,Dwelling stock estimates percentages,2,2,,Wales,W92000004,1,,31/03/2005,31/03/2005,1112313599000,,Owner occupied (%),9,7,,
8,8,Dwelling stock estimates percentages,2,2,,Wales,W92000004,1,,31/03/2005,31/03/2005,1112313599000,,Privately rented (%),10,9,,
12,12,Dwelling stock estimates percentages,2,2,,Wales,W92000004,1,,31/03/2004,31/03/2004,1080777599000,,Local Authority (%),7,2,,
5,5,Dwelling stock estimates percentages,2,2,,Wales,W92000004,1,,31/03/2004,31/03/2004,1080777599000,,Registered Social Landlord (%),8,4,,
75,75,Dwelling stock estimates percentages,2,2,,Wales,W92000004,1,,31/03/2004,31/03/2004,1080777599000,,Owner occupied (%),9,7,,
8,8,Dwelling stock estimates percentages,2,2,,Wales,W92000004,1,,31/03/2004,31/03/2004,1080777599000,,Privately rented (%),10,9,,
14,14,Dwelling stock estimates percentages,2,2,,Wales,W92000004,1,,31/03/2003,31/03/2003,1049155199000,,Local Authority (%),7,2,,
4,4,Dwelling stock estimates percentages,2,2,,Wales,W92000004,1,,31/03/2003,31/03/2003,1049155199000,,Registered Social Landlord (%),8,4,,
75,75,Dwelling stock estimates percentages,2,2,,Wales,W92000004,1,,31/03/2003,31/03/2003,1049155199000,,Owner occupied (%),9,7,,
8,8,Dwelling stock estimates percentages,2,2,,Wales,W92000004,1,,31/03/2003,31/03/2003,1049155199000,,Privately rented (%),10,9,,
14,14,Dwelling stock estimates percentages,2,2,,Wales,W92000004,1,,31/03/2002,31/03/2002,1017619199000,,Local Authority (%),7,2,,
4,4,Dwelling stock estimates percentages,2,2,,Wales,W92000004,1,,31/03/2002,31/03/2002,1017619199000,,Registered Social Landlord (%),8,4,,
74,74,Dwelling stock estimates percentages,2,2,,Wales,W92000004,1,,31/03/2002,31/03/2002,1017619199000,,Owner occupied (%),9,7,,
7,7,Dwelling stock estimates percentages,2,2,,Wales,W92000004,1,,31/03/2002,31/03/2002,1017619199000,,Privately rented (%),10,9,,
15,15,Dwelling stock estimates percentages,2,2,,Wales,W92000004,1,,31/03/2001,31/03/2001,986083199000,,Local Authority (%),7,2,,
4,4,Dwelling stock estimates percentages,2,2,,Wales,W92000004,1,,31/03/2001,31/03/2001,986083199000,,Registered Social Landlord (%),8,4,,
74,74,Dwelling stock estimates percentages,2,2,,Wales,W92000004,1,,31/03/2001,31/03/2001,986083199000,,Owner occupied (%),9,7,,
7,7,Dwelling stock estimates percentages,2,2,,Wales,W92000004,1,,31/03/2001,31/03/2001,986083199000,,Privately rented (%),10,9,,
11,11,Dwelling stock estimates percentages,2,2,,Isle of Anglesey,W06000001,2,WXX000001,31/03/2024,31/03/2024,1711929599000,,Local Authority (%),7,2,,
3,3,Dwelling stock estimates percentages,2,2,,Isle of Anglesey,W06000001,2,WXX000001,31/03/2024,31/03/2024,1711929599000,,Registered Social Landlord (%),8,4,,
74,74,Dwelling stock estimates percentages,2,2,,Isle of Anglesey,W06000001,2,WXX000001,31/03/2024,31/03/2024,1711929599000,,Owner occupied (%),9,7,,Provisional
12,12,Dwelling stock estimates percentages,2,2,,Isle of Anglesey,W06000001,2,WXX000001,31/03/2024,31/03/2024,1711929599000,,Privately rented (%),10,9,,Provisional
11,11,Dwelling stock estimates percentages,2,2,,Isle of Anglesey,W06000001,2,WXX000001,31/03/2023,31/03/2023,1680307199000,,Local Authority (%),7,2,,
3,3,Dwelling stock estimates percentages,2,2,,Isle of Anglesey,W06000001,2,WXX000001,31/03/2023,31/03/2023,1680307199000,,Registered Social Landlord (%),8,4,,
74,74,Dwelling stock estimates percentages,2,2,,Isle of Anglesey,W06000001,2,WXX000001,31/03/2023,31/03/2023,1680307199000,,Owner occupied (%),9,7,,
12,12,Dwelling stock estimates percentages,2,2,,Isle of Anglesey,W06000001,2,WXX000001,31/03/2023,31/03/2023,1680307199000,,Privately rented (%),10,9,,
11,11,Dwelling stock estimates percentages,2,2,,Isle of Anglesey,W06000001,2,WXX000001,31/03/2022,31/03/2022,1648771199000,,Local Authority (%),7,2,,
3,3,Dwelling stock estimates percentages,2,2,,Isle of Anglesey,W06000001,2,WXX000001,31/03/2022,31/03/2022,1648771199000,,Registered Social Landlord (%),8,4,,
76,76,Dwelling stock estimates percentages,2,2,,Isle of Anglesey,W06000001,2,WXX000001,31/03/2022,31/03/2022,1648771199000,,Owner occupied (%),9,7,,
11,11,Dwelling stock estimates percentages,2,2,,Isle of Anglesey,W06000001,2,WXX000001,31/03/2022,31/03/2022,1648771199000,,Privately rented (%),10,9,,
11,11,Dwelling stock estimates percentages,2,2,,Isle of Anglesey,W06000001,2,WXX000001,31/03/2021,31/03/2021,1617235199000,,Local Authority (%),7,2,,
3,3,Dwelling stock estimates percentages,2,2,,Isle of Anglesey,W06000001,2,WXX000001,31/03/2021,31/03/2021,1617235199000,,Registered Social Landlord (%),8,4,,
76,76,Dwelling stock estimates percentages,2,2,,Isle of Anglesey,W06000001,2,WXX000001,31/03/2021,31/03/2021,1617235199000,,Owner occupied (%),9,7,,
11,11,Dwelling stock estimates percentages,2,2,,Isle of Anglesey,W06000001,2,WXX000001,31/03/2021,31/03/2021,1617235199000,,Privately rented (%),10,9,,
11,11,Dwelling stock estimates percentages,2,2,,Isle of Anglesey,W06000001,2,WXX000001,31/03/2020,31/03/2020,1585699199000,,Local Authority (%),7,2,,
3,3,Dwelling stock estimates percentages,2,2,,Isle of Anglesey,W06000001,2,WXX000001,31/03/2020,31/03/2020,1585699199000,,Registered Social Landlord (%),8,4,,
75,75,Dwelling stock estimates percentages,2,2,,Isle of Anglesey,W06000001,2,WXX000001,31/03/2020,31/03/2020,1585699199000,,Owner occupied (%),9,7,,
11,11,Dwelling stock estimates percentages,2,2,,Isle of Anglesey,W06000001,2,WXX000001,31/03/2020,31/03/2020,1585699199000,,Privately rented (%),10,9,,
11,11,Dwelling stock estimates percentages,2,2,,Isle of Anglesey,W06000001,2,WXX000001,31/03/2019,31/03/2019,1554076799000,,Local Authority (%),7,2,,
3,3,Dwelling stock estimates percentages,2,2,,Isle of Anglesey,W06000001,2,WXX000001,31/03/2019,31/03/2019,1554076799000,,Registered Social Landlord (%),8,4,,
75,75,Dwelling stock estimates percentages,2,2,,Isle of Anglesey,W06000001,2,WXX000001,31/03/2019,31/03/2019,1554076799000,,Owner occupied (%),9,7,,
12,12,Dwelling stock estimates percentages,2,2,,Isle of Anglesey,W06000001,2,WXX000001,31/03/2019,31/03/2019,1554076799000,,Privately rented (%),10,9,,
11,11,Dwelling stock estimates percentages,2,2,,Isle of Anglesey,W06000001,2,WXX000001,31/03/2018,31/03/2018,1522540799000,,Local Authority (%),7,2,,
3,3,Dwelling stock estimates percentages,2,2,,Isle of Anglesey,W06000001,2,WXX000001,31/03/2018,31/03/2018,1522540799000,,Registered Social Landlord (%),8,4,,
74,74,Dwelling stock estimates percentages,2,2,,Isle of Anglesey,W06000001,2,WXX000001,31/03/2018,31/03/2018,1522540799000,,Owner occupied (%),9,7,,
12,12,Dwelling stock estimates percentages,2,2,,Isle of Anglesey,W06000001,2,WXX000001,31/03/2018,31/03/2018,1522540799000,,Privately rented (%),10,9,,
11,11,Dwelling stock estimates percentages,2,2,,Isle of Anglesey,W06000001,2,WXX000001,31/03/2017,31/03/2017,1491004799000,,Local Authority (%),7,2,,
3,3,Dwelling stock estimates percentages,2,2,,Isle of Anglesey,W06000001,2,WXX000001,31/03/2017,31/03/2017,1491004799000,,Registered Social Landlord (%),8,4,,
73,73,Dwelling stock estimates percentages,2,2,,Isle of Anglesey,W06000001,2,WXX000001,31/03/2017,31/03/2017,1491004799000,,Owner occupied (%),9,7,,
13,13,Dwelling stock estimates percentages,2,2,,Isle of Anglesey,W06000001,2,WXX000001,31/03/2017,31/03/2017,1491004799000,,Privately rented (%),10,9,,
11,11,Dwelling stock estimates percentages,2,2,,Isle of Anglesey,W06000001,2,WXX000001,31/03/2016,31/03/2016,1459468799000,,Local Authority (%),7,2,,
2,2,Dwelling stock estimates percentages,2,2,,Isle of Anglesey,W06000001,2,WXX000001,31/03/2016,31/03/2016,1459468799000,,Registered Social Landlord (%),8,4,,
73,73,Dwelling stock estimates percentages,2,2,,Isle of Anglesey,W06000001,2,WXX000001,31/03/2016,31/03/2016,1459468799000,,Owner occupied (%),9,7,,
14,14,Dwelling stock estimates percentages,2,2,,Isle of Anglesey,W06000001,2,WXX000001,31/03/2016,31/03/2016,1459468799000,,Privately rented (%),10,9,,
11,11,Dwelling stock estimates percentages,2,2,,Isle of Anglesey,W06000001,2,WXX000001,31/03/2015,31/03/2015,1427846399000,,Local Authority (%),7,2,,
2,2,Dwelling stock estimates percentages,2,2,,Isle of Anglesey,W06000001,2,WXX000001,31/03/2015,31/03/2015,1427846399000,,Registered Social Landlord (%),8,4,,
73,73,Dwelling stock estimates percentages,2,2,,Isle of Anglesey,W06000001,2,WXX000001,31/03/2015,31/03/2015,1427846399000,,Owner occupied (%),9,7,,
13,13,Dwelling stock estimates percentages,2,2,,Isle of Anglesey,W06000001,2,WXX000001,31/03/2015,31/03/2015,1427846399000,,Privately rented (%),10,9,,
11,11,Dwelling stock estimates percentages,2,2,,Isle of Anglesey,W06000001,2,WXX000001,31/03/2014,31/03/2014,1396310399000,,Local Authority (%),7,2,,
2,2,Dwelling stock estimates percentages,2,2,,Isle of Anglesey,W06000001,2,WXX000001,31/03/2014,31/03/2014,1396310399000,,Registered Social Landlord (%),8,4,,
73,73,Dwelling stock estimates percentages,2,2,,Isle of Anglesey,W06000001,2,WXX000001,31/03/2014,31/03/2014,1396310399000,,Owner occupied (%),9,7,,
14,14,Dwelling stock estimates percentages,2,2,,Isle of Anglesey,W06000001,2,WXX000001,31/03/2014,31/03/2014,1396310399000,,Privately rented (%),10,9,,
11,11,Dwelling stock estimates percentages,2,2,,Isle of Anglesey,W06000001,2,WXX000001,31/03/2013,31/03/2013,1364774399000,,Local Authority (%),7,2,,
2,2,Dwelling stock estimates percentages,2,2,,Isle of Anglesey,W06000001,2,WXX000001,31/03/2013,31/03/2013,1364774399000,,Registered Social Landlord (%),8,4,,
72,72,Dwelling stock estimates percentages,2,2,,Isle of Anglesey,W06000001,2,WXX000001,31/03/2013,31/03/2013,1364774399000,,Owner occupied (%),9,7,,
14,14,Dwelling stock estimates percentages,2,2,,Isle of Anglesey,W06000001,2,WXX000001,31/03/2013,31/03/2013,1364774399000,,Privately rented (%),10,9,,
11,11,Dwelling stock estimates percentages,2,2,,Isle of Anglesey,W06000001,2,WXX000001,31/03/2012,31/03/2012,1333238399000,,Local Authority (%),7,2,,
2,2,Dwelling stock estimates percentages,2,2,,Isle of Anglesey,W06000001,2,WXX000001,31/03/2012,31/03/2012,1333238399000,,Registered Social Landlord (%),8,4,,
73,73,Dwelling stock estimates percentages,2,2,,Isle of Anglesey,W06000001,2,WXX000001,31/03/2012,31/03/2012,1333238399000,,Owner occupied (%),9,7,,
14,14,Dwelling stock estimates percentages,2,2,,Isle of Anglesey,W06000001,2,WXX000001,31/03/2012,31/03/2012,1333238399000,,Privately rented (%),10,9,,
14,14,Dwelling stock estimates percentages,2,2,,Gwynedd,W06000002,3,WXX000001,31/03/2024,31/03/2024,1711929599000,,Registered Social Landlord (%),8,4,,
69,69,Dwelling stock estimates percentages,2,2,,Gwynedd,W06000002,3,WXX000001,31/03/2024,31/03/2024,1711929599000,,Owner occupied (%),9,7,,Provisional
17,17,Dwelling stock estimates percentages,2,2,,Gwynedd,W06000002,3,WXX000001,31/03/2024,31/03/2024,1711929599000,,Privately rented (%),10,9,,Provisional
14,14,Dwelling stock estimates percentages,2,2,,Gwynedd,W06000002,3,WXX000001,31/03/2023,31/03/2023,1680307199000,,Registered Social Landlord (%),8,4,,
69,69,Dwelling stock estimates percentages,2,2,,Gwynedd,W06000002,3,WXX000001,31/03/2023,31/03/2023,1680307199000,,Owner occupied (%),9,7,,
17,17,Dwelling stock estimates percentages,2,2,,Gwynedd,W06000002,3,WXX000001,31/03/2023,31/03/2023,1680307199000,,Privately rented (%),10,9,,
14,14,Dwelling stock estimates percentages,2,2,,Gwynedd,W06000002,3,WXX000001,31/03/2022,31/03/2022,1648771199000,,Registered Social Landlord (%),8,4,,
70,70,Dwelling stock estimates percentages,2,2,,Gwynedd,W06000002,3,WXX000001,31/03/2022,31/03/2022,1648771199000,,Owner occupied (%),9,7,,
16,16,Dwelling stock estimates percentages,2,2,,Gwynedd,W06000002,3,WXX000001,31/03/2022,31/03/2022,1648771199000,,Privately rented (%),10,9,,
14,14,Dwelling stock estimates percentages,2,2,,Gwynedd,W06000002,3,WXX000001,31/03/2021,31/03/2021,1617235199000,,Registered Social Landlord (%),8,4,,
71,71,Dwelling stock estimates percentages,2,2,,Gwynedd,W06000002,3,WXX000001,31/03/2021,31/03/2021,1617235199000,,Owner occupied (%),9,7,,
14,14,Dwelling stock estimates percentages,2,2,,Gwynedd,W06000002,3,WXX000001,31/03/2021,31/03/2021,1617235199000,,Privately rented (%),10,9,,
14,14,Dwelling stock estimates percentages,2,2,,Gwynedd,W06000002,3,WXX000001,31/03/2020,31/03/2020,1585699199000,,Registered Social Landlord (%),8,4,,
72,72,Dwelling stock estimates percentages,2,2,,Gwynedd,W06000002,3,WXX000001,31/03/2020,31/03/2020,1585699199000,,Owner occupied (%),9,7,,
14,14,Dwelling stock estimates percentages,2,2,,Gwynedd,W06000002,3,WXX000001,31/03/2020,31/03/2020,1585699199000,,Privately rented (%),10,9,,
14,14,Dwelling stock estimates percentages,2,2,,Gwynedd,W06000002,3,WXX000001,31/03/2019,31/03/2019,1554076799000,,Registered Social Landlord (%),8,4,,
72,72,Dwelling stock estimates percentages,2,2,,Gwynedd,W06000002,3,WXX000001,31/03/2019,31/03/2019,1554076799000,,Owner occupied (%),9,7,,
15,15,Dwelling stock estimates percentages,2,2,,Gwynedd,W06000002,3,WXX000001,31/03/2019,31/03/2019,1554076799000,,Privately rented (%),10,9,,
14,14,Dwelling stock estimates percentages,2,2,,Gwynedd,W06000002,3,WXX000001,31/03/2018,31/03/2018,1522540799000,,Registered Social Landlord (%),8,4,,
72,72,Dwelling stock estimates percentages,2,2,,Gwynedd,W06000002,3,WXX000001,31/03/2018,31/03/2018,1522540799000,,Owner occupied (%),9,7,,
15,15,Dwelling stock estimates percentages,2,2,,Gwynedd,W06000002,3,WXX000001,31/03/2018,31/03/2018,1522540799000,,Privately rented (%),10,9,,
14,14,Dwelling stock estimates percentages,2,2,,Gwynedd,W06000002,3,WXX000001,31/03/2017,31/03/2017,1491004799000,,Registered Social Landlord (%),8,4,,
71,71,Dwelling stock estimates percentages,2,2,,Gwynedd,W06000002,3,WXX000001,31/03/2017,31/03/2017,1491004799000,,Owner occupied (%),9,7,,
15,15,Dwelling stock estimates percentages,2,2,,Gwynedd,W06000002,3,WXX000001,31/03/2017,31/03/2017,1491004799000,,Privately rented (%),10,9,,
14,14,Dwelling stock estimates percentages,2,2,,Gwynedd,W06000002,3,WXX000001,31/03/2016,31/03/2016,1459468799000,,Registered Social Landlord (%),8,4,,
71,71,Dwelling stock estimates percentages,2,2,,Gwynedd,W06000002,3,WXX000001,31/03/2016,31/03/2016,1459468799000,,Owner occupied (%),9,7,,
15,15,Dwelling stock estimates percentages,2,2,,Gwynedd,W06000002,3,WXX000001,31/03/2016,31/03/2016,1459468799000,,Privately rented (%),10,9,,
14,14,Dwelling stock estimates percentages,2,2,,Gwynedd,W06000002,3,WXX000001,31/03/2015,31/03/2015,1427846399000,,Registered Social Landlord (%),8,4,,
71,71,Dwelling stock estimates percentages,2,2,,Gwynedd,W06000002,3,WXX000001,31/03/2015,31/03/2015,1427846399000,,Owner occupied (%),9,7,,
15,15,Dwelling stock estimates percentages,2,2,,Gwynedd,W06000002,3,WXX000001,31/03/2015,31/03/2015,1427846399000,,Privately rented (%),10,9,,
14,14,Dwelling stock estimates percentages,2,2,,Gwynedd,W06000002,3,WXX000001,31/03/2014,31/03/2014,1396310399000,,Registered Social Landlord (%),8,4,,
72,72,Dwelling stock estimates percentages,2,2,,Gwynedd,W06000002,3,WXX000001,31/03/2014,31/03/2014,1396310399000,,Owner occupied (%),9,7,,
14,14,Dwelling stock estimates percentages,2,2,,Gwynedd,W06000002,3,WXX000001,31/03/2014,31/03/2014,1396310399000,,Privately rented (%),10,9,,
14,14,Dwelling stock estimates percentages,2,2,,Gwynedd,W06000002,3,WXX000001,31/03/2013,31/03/2013,1364774399000,,Registered Social Landlord (%),8,4,,
73,73,Dwelling stock estimates percentages,2,2,,Gwynedd,W06000002,3,WXX000001,31/03/2013,31/03/2013,1364774399000,,Owner occupied (%),9,7,,
13,13,Dwelling stock estimates percentages,2,2,,Gwynedd,W06000002,3,WXX000001,31/03/2013,31/03/2013,1364774399000,,Privately rented (%),10,9,,
14,14,Dwelling stock estimates percentages,2,2,,Gwynedd,W06000002,3,WXX000001,31/03/2012,31/03/2012,1333238399000,,Registered Social Landlord (%),8,4,,
74,74,Dwelling stock estimates percentages,2,2,,Gwynedd,W06000002,3,WXX000001,31/03/2012,31/03/2012,1333238399000,,Owner occupied (%),9,7,,
12,12,Dwelling stock estimates percentages,2,2,,Gwynedd,W06000002,3,WXX000001,31/03/2012,31/03/2012,1333238399000,,Privately rented (%),10,9,,
11,11,Dwelling stock estimates percentages,2,2,,Conwy,W06000003,4,WXX000001,31/03/2024,31/03/2024,1711929599000,,Registered Social Landlord (%),8,4,,
75,75,Dwelling stock estimates percentages,2,2,,Conwy,W06000003,4,WXX000001,31/03/2024,31/03/2024,1711929599000,,Owner occupied (%),9,7,,Provisional
14,14,Dwelling stock estimates percentages,2,2,,Conwy,W06000003,4,WXX000001,31/03/2024,31/03/2024,1711929599000,,Privately rented (%),10,9,,Provisional
11,11,Dwelling stock estimates percentages,2,2,,Conwy,W06000003,4,WXX000001,31/03/2023,31/03/2023,1680307199000,,Registered Social Landlord (%),8,4,,
75,75,Dwelling stock estimates percentages,2,2,,Conwy,W06000003,4,WXX000001,31/03/2023,31/03/2023,1680307199000,,Owner occupied (%),9,7,,
14,14,Dwelling stock estimates percentages,2,2,,Conwy,W06000003,4,WXX000001,31/03/2023,31/03/2023,1680307199000,,Privately rented (%),10,9,,
11,11,Dwelling stock estimates percentages,2,2,,Conwy,W06000003,4,WXX000001,31/03/2022,31/03/2022,1648771199000,,Registered Social Landlord (%),8,4,,
74,74,Dwelling stock estimates percentages,2,2,,Conwy,W06000003,4,WXX000001,31/03/2022,31/03/2022,1648771199000,,Owner occupied (%),9,7,,
15,15,Dwelling stock estimates percentages,2,2,,Conwy,W06000003,4,WXX000001,31/03/2022,31/03/2022,1648771199000,,Privately rented (%),10,9,,
11,11,Dwelling stock estimates percentages,2,2,,Conwy,W06000003,4,WXX000001,31/03/2021,31/03/2021,1617235199000,,Registered Social Landlord (%),8,4,,
73,73,Dwelling stock estimates percentages,2,2,,Conwy,W06000003,4,WXX000001,31/03/2021,31/03/2021,1617235199000,,Owner occupied (%),9,7,,
16,16,Dwelling stock estimates percentages,2,2,,Conwy,W06000003,4,WXX000001,31/03/2021,31/03/2021,1617235199000,,Privately rented (%),10,9,,
11,11,Dwelling stock estimates percentages,2,2,,Conwy,W06000003,4,WXX000001,31/03/2020,31/03/2020,1585699199000,,Registered Social Landlord (%),8,4,,
74,74,Dwelling stock estimates percentages,2,2,,Conwy,W06000003,4,WXX000001,31/03/2020,31/03/2020,1585699199000,,Owner occupied (%),9,7,,
15,15,Dwelling stock estimates percentages,2,2,,Conwy,W06000003,4,WXX000001,31/03/2020,31/03/2020,1585699199000,,Privately rented (%),10,9,,
11,11,Dwelling stock estimates percentages,2,2,,Conwy,W06000003,4,WXX000001,31/03/2019,31/03/2019,1554076799000,,Registered Social Landlord (%),8,4,,
75,75,Dwelling stock estimates percentages,2,2,,Conwy,W06000003,4,WXX000001,31/03/2019,31/03/2019,1554076799000,,Owner occupied (%),9,7,,
14,14,Dwelling stock estimates percentages,2,2,,Conwy,W06000003,4,WXX000001,31/03/2019,31/03/2019,1554076799000,,Privately rented (%),10,9,,
11,11,Dwelling stock estimates percentages,2,2,,Conwy,W06000003,4,WXX000001,31/03/2018,31/03/2018,1522540799000,,Registered Social Landlord (%),8,4,,
75,75,Dwelling stock estimates percentages,2,2,,Conwy,W06000003,4,WXX000001,31/03/2018,31/03/2018,1522540799000,,Owner occupied (%),9,7,,
14,14,Dwelling stock estimates percentages,2,2,,Conwy,W06000003,4,WXX000001,31/03/2018,31/03/2018,1522540799000,,Privately rented (%),10,9,,
11,11,Dwelling stock estimates percentages,2,2,,Conwy,W06000003,4,WXX000001,31/03/2017,31/03/2017,1491004799000,,Registered Social Landlord (%),8,4,,
74,74,Dwelling stock estimates percentages,2,2,,Conwy,W06000003,4,WXX000001,31/03/2017,31/03/2017,1491004799000,,Owner occupied (%),9,7,,
15,15,Dwelling stock estimates percentages,2,2,,Conwy,W06000003,4,WXX000001,31/03/2017,31/03/2017,1491004799000,,Privately rented (%),10,9,,
11,11,Dwelling stock estimates percentages,2,2,,Conwy,W06000003,4,WXX000001,31/03/2016,31/03/2016,1459468799000,,Registered Social Landlord (%),8,4,,
72,72,Dwelling stock estimates percentages,2,2,,Conwy,W06000003,4,WXX000001,31/03/2016,31/03/2016,1459468799000,,Owner occupied (%),9,7,,
17,17,Dwelling stock estimates percentages,2,2,,Conwy,W06000003,4,WXX000001,31/03/2016,31/03/2016,1459468799000,,Privately rented (%),10,9,,
11,11,Dwelling stock estimates percentages,2,2,,Conwy,W06000003,4,WXX000001,31/03/2015,31/03/2015,1427846399000,,Registered Social Landlord (%),8,4,,
72,72,Dwelling stock estimates percentages,2,2,,Conwy,W06000003,4,WXX000001,31/03/2015,31/03/2015,1427846399000,,Owner occupied (%),9,7,,
18,18,Dwelling stock estimates percentages,2,2,,Conwy,W06000003,4,WXX000001,31/03/2015,31/03/2015,1427846399000,,Privately rented (%),10,9,,
11,11,Dwelling stock estimates percentages,2,2,,Conwy,W06000003,4,WXX000001,31/03/2014,31/03/2014,1396310399000,,Registered Social Landlord (%),8,4,,
73,73,Dwelling stock estimates percentages,2,2,,Conwy,W06000003,4,WXX000001,31/03/2014,31/03/2014,1396310399000,,Owner occupied (%),9,7,,
16,16,Dwelling stock estimates percentages,2,2,,Conwy,W06000003,4,WXX000001,31/03/2014,31/03/2014,1396310399000,,Privately rented (%),10,9,,
11,11,Dwelling stock estimates percentages,2,2,,Conwy,W06000003,4,WXX000001,31/03/2013,31/03/2013,1364774399000,,Registered Social Landlord (%),8,4,,
74,74,Dwelling stock estimates percentages,2,2,,Conwy,W06000003,4,WXX000001,31/03/2013,31/03/2013,1364774399000,,Owner occupied (%),9,7,,
15,15,Dwelling stock estimates percentages,2,2,,Conwy,W06000003,4,WXX000001,31/03/2013,31/03/2013,1364774399000,,Privately rented (%),10,9,,
11,11,Dwelling stock estimates percentages,2,2,,Conwy,W06000003,4,WXX000001,31/03/2012,31/03/2012,1333238399000,,Registered Social Landlord (%),8,4,,
74,74,Dwelling stock estimates percentages,2,2,,Conwy,W06000003,4,WXX000001,31/03/2012,31/03/2012,1333238399000,,Owner occupied (%),9,7,,
15,15,Dwelling stock estimates percentages,2,2,,Conwy,W06000003,4,WXX000001,31/03/2012,31/03/2012,1333238399000,,Privately rented (%),10,9,,
7,7,Dwelling stock estimates percentages,2,2,,Denbighshire,W06000004,5,WXX000001,31/03/2024,31/03/2024,1711929599000,,Local Authority (%),7,2,,
5,5,Dwelling stock estimates percentages,2,2,,Denbighshire,W06000004,5,WXX000001,31/03/2024,31/03/2024,1711929599000,,Registered Social Landlord (%),8,4,,
72,72,Dwelling stock estimates percentages,2,2,,Denbighshire,W06000004,5,WXX000001,31/03/2024,31/03/2024,1711929599000,,Owner occupied (%),9,7,,Provisional
16,16,Dwelling stock estimates percentages,2,2,,Denbighshire,W06000004,5,WXX000001,31/03/2024,31/03/2024,1711929599000,,Privately rented (%),10,9,,Provisional
7,7,Dwelling stock estimates percentages,2,2,,Denbighshire,W06000004,5,WXX000001,31/03/2023,31/03/2023,1680307199000,,Local Authority (%),7,2,,
5,5,Dwelling stock estimates percentages,2,2,,Denbighshire,W06000004,5,WXX000001,31/03/2023,31/03/2023,1680307199000,,Registered Social Landlord (%),8,4,,
72,72,Dwelling stock estimates percentages,2,2,,Denbighshire,W06000004,5,WXX000001,31/03/2023,31/03/2023,1680307199000,,Owner occupied (%),9,7,,
16,16,Dwelling stock estimates percentages,2,2,,Denbighshire,W06000004,5,WXX000001,31/03/2023,31/03/2023,1680307199000,,Privately rented (%),10,9,,
7,7,Dwelling stock estimates percentages,2,2,,Denbighshire,W06000004,5,WXX000001,31/03/2022,31/03/2022,1648771199000,,Local Authority (%),7,2,,
5,5,Dwelling stock estimates percentages,2,2,,Denbighshire,W06000004,5,WXX000001,31/03/2022,31/03/2022,1648771199000,,Registered Social Landlord (%),8,4,,
73,73,Dwelling stock estimates percentages,2,2,,Denbighshire,W06000004,5,WXX000001,31/03/2022,31/03/2022,1648771199000,,Owner occupied (%),9,7,,
15,15,Dwelling stock estimates percentages,2,2,,Denbighshire,W06000004,5,WXX000001,31/03/2022,31/03/2022,1648771199000,,Privately rented (%),10,9,,
7,7,Dwelling stock estimates percentages,2,2,,Denbighshire,W06000004,5,WXX000001,31/03/2021,31/03/2021,1617235199000,,Local Authority (%),7,2,,
5,5,Dwelling stock estimates percentages,2,2,,Denbighshire,W06000004,5,WXX000001,31/03/2021,31/03/2021,1617235199000,,Registered Social Landlord (%),8,4,,
74,74,Dwelling stock estimates percentages,2,2,,Denbighshire,W06000004,5,WXX000001,31/03/2021,31/03/2021,1617235199000,,Owner occupied (%),9,7,,
15,15,Dwelling stock estimates percentages,2,2,,Denbighshire,W06000004,5,WXX000001,31/03/2021,31/03/2021,1617235199000,,Privately rented (%),10,9,,
7,7,Dwelling stock estimates percentages,2,2,,Denbighshire,W06000004,5,WXX000001,31/03/2020,31/03/2020,1585699199000,,Local Authority (%),7,2,,
5,5,Dwelling stock estimates percentages,2,2,,Denbighshire,W06000004,5,WXX000001,31/03/2020,31/03/2020,1585699199000,,Registered Social Landlord (%),8,4,,
73,73,Dwelling stock estimates percentages,2,2,,Denbighshire,W06000004,5,WXX000001,31/03/2020,31/03/2020,1585699199000,,Owner occupied (%),9,7,,
15,15,Dwelling stock estimates percentages,2,2,,Denbighshire,W06000004,5,WXX000001,31/03/2020,31/03/2020,1585699199000,,Privately rented (%),10,9,,
7,7,Dwelling stock estimates percentages,2,2,,Denbighshire,W06000004,5,WXX000001,31/03/2019,31/03/2019,1554076799000,,Local Authority (%),7,2,,
5,5,Dwelling stock estimates percentages,2,2,,Denbighshire,W06000004,5,WXX000001,31/03/2019,31/03/2019,1554076799000,,Registered Social Landlord (%),8,4,,
72,72,Dwelling stock estimates percentages,2,2,,Denbighshire,W06000004,5,WXX000001,31/03/2019,31/03/2019,1554076799000,,Owner occupied (%),9,7,,
16,16,Dwelling stock estimates percentages,2,2,,Denbighshire,W06000004,5,WXX000001,31/03/2019,31/03/2019,1554076799000,,Privately rented (%),10,9,,
7,7,Dwelling stock estimates percentages,2,2,,Denbighshire,W06000004,5,WXX000001,31/03/2018,31/03/2018,1522540799000,,Local Authority (%),7,2,,
5,5,Dwelling stock estimates percentages,2,2,,Denbighshire,W06000004,5,WXX000001,31/03/2018,31/03/2018,1522540799000,,Registered Social Landlord (%),8,4,,
72,72,Dwelling stock estimates percentages,2,2,,Denbighshire,W06000004,5,WXX000001,31/03/2018,31/03/2018,1522540799000,,Owner occupied (%),9,7,,
17,17,Dwelling stock estimates percentages,2,2,,Denbighshire,W06000004,5,WXX000001,31/03/2018,31/03/2018,1522540799000,,Privately rented (%),10,9,,
7,7,Dwelling stock estimates percentages,2,2,,Denbighshire,W06000004,5,WXX000001,31/03/2017,31/03/2017,1491004799000,,Local Authority (%),7,2,,
5,5,Dwelling stock estimates percentages,2,2,,Denbighshire,W06000004,5,WXX000001,31/03/2017,31/03/2017,1491004799000,,Registered Social Landlord (%),8,4,,
72,72,Dwelling stock estimates percentages,2,2,,Denbighshire,W06000004,5,WXX000001,31/03/2017,31/03/2017,1491004799000,,Owner occupied (%),9,7,,
16,16,Dwelling stock estimates percentages,2,2,,Denbighshire,W06000004,5,WXX000001,31/03/2017,31/03/2017,1491004799000,,Privately rented (%),10,9,,
7,7,Dwelling stock estimates percentages,2,2,,Denbighshire,W06000004,5,WXX000001,31/03/2016,31/03/2016,1459468799000,,Local Authority (%),7,2,,
5,5,Dwelling stock estimates percentages,2,2,,Denbighshire,W06000004,5,WXX000001,31/03/2016,31/03/2016,1459468799000,,Registered Social Landlord (%),8,4,,
73,73,Dwelling stock estimates percentages,2,2,,Denbighshire,W06000004,5,WXX000001,31/03/2016,31/03/2016,1459468799000,,Owner occupied (%),9,7,,
15,15,Dwelling stock estimates percentages,2,2,,Denbighshire,W06000004,5,WXX000001,31/03/2016,31/03/2016,1459468799000,,Privately rented (%),10,9,,
8,8,Dwelling stock estimates percentages,2,2,,Denbighshire,W06000004,5,WXX000001,31/03/2015,31/03/2015,1427846399000,,Local Authority (%),7,2,,
5,5,Dwelling stock estimates percentages,2,2,,Denbighshire,W06000004,5,WXX000001,31/03/2015,31/03/2015,1427846399000,,Registered Social Landlord (%),8,4,,
73,73,Dwelling stock estimates percentages,2,2,,Denbighshire,W06000004,5,WXX000001,31/03/2015,31/03/2015,1427846399000,,Owner occupied (%),9,7,,
15,15,Dwelling stock estimates percentages,2,2,,Denbighshire,W06000004,5,WXX000001,31/03/2015,31/03/2015,1427846399000,,Privately rented (%),10,9,,
8,8,Dwelling stock estimates percentages,2,2,,Denbighshire,W06000004,5,WXX000001,31/03/2014,31/03/2014,1396310399000,,Local Authority (%),7,2,,
5,5,Dwelling stock estimates percentages,2,2,,Denbighshire,W06000004,5,WXX000001,31/03/2014,31/03/2014,1396310399000,,Registered Social Landlord (%),8,4,,
72,72,Dwelling stock estimates percentages,2,2,,Denbighshire,W06000004,5,WXX000001,31/03/2014,31/03/2014,1396310399000,,Owner occupied (%),9,7,,
15,15,Dwelling stock estimates percentages,2,2,,Denbighshire,W06000004,5,WXX000001,31/03/2014,31/03/2014,1396310399000,,Privately rented (%),10,9,,
8,8,Dwelling stock estimates percentages,2,2,,Denbighshire,W06000004,5,WXX000001,31/03/2013,31/03/2013,1364774399000,,Local Authority (%),7,2,,
5,5,Dwelling stock estimates percentages,2,2,,Denbighshire,W06000004,5,WXX000001,31/03/2013,31/03/2013,1364774399000,,Registered Social Landlord (%),8,4,,
71,71,Dwelling stock estimates percentages,2,2,,Denbighshire,W06000004,5,WXX000001,31/03/2013,31/03/2013,1364774399000,,Owner occupied (%),9,7,,
16,16,Dwelling stock estimates percentages,2,2,,Denbighshire,W06000004,5,WXX000001,31/03/2013,31/03/2013,1364774399000,,Privately rented (%),10,9,,
8,8,Dwelling stock estimates percentages,2,2,,Denbighshire,W06000004,5,WXX000001,31/03/2012,31/03/2012,1333238399000,,Local Authority (%),7,2,,
5,5,Dwelling stock estimates percentages,2,2,,Denbighshire,W06000004,5,WXX000001,31/03/2012,31/03/2012,1333238399000,,Registered Social Landlord (%),8,4,,
71,71,Dwelling stock estimates percentages,2,2,,Denbighshire,W06000004,5,WXX000001,31/03/2012,31/03/2012,1333238399000,,Owner occupied (%),9,7,,
16,16,Dwelling stock estimates percentages,2,2,,Denbighshire,W06000004,5,WXX000001,31/03/2012,31/03/2012,1333238399000,,Privately rented (%),10,9,,
10,10,Dwelling stock estimates percentages,2,2,,Flintshire,W06000005,6,WXX000001,31/03/2024,31/03/2024,1711929599000,,Local Authority (%),7,2,,
4,4,Dwelling stock estimates percentages,2,2,,Flintshire,W06000005,6,WXX000001,31/03/2024,31/03/2024,1711929599000,,Registered Social Landlord (%),8,4,,
75,75,Dwelling stock estimates percentages,2,2,,Flintshire,W06000005,6,WXX000001,31/03/2024,31/03/2024,1711929599000,,Owner occupied (%),9,7,,Provisional
11,11,Dwelling stock estimates percentages,2,2,,Flintshire,W06000005,6,WXX000001,31/03/2024,31/03/2024,1711929599000,,Privately rented (%),10,9,,Provisional
10,10,Dwelling stock estimates percentages,2,2,,Flintshire,W06000005,6,WXX000001,31/03/2023,31/03/2023,1680307199000,,Local Authority (%),7,2,,
4,4,Dwelling stock estimates percentages,2,2,,Flintshire,W06000005,6,WXX000001,31/03/2023,31/03/2023,1680307199000,,Registered Social Landlord (%),8,4,,
75,75,Dwelling stock estimates percentages,2,2,,Flintshire,W06000005,6,WXX000001,31/03/2023,31/03/2023,1680307199000,,Owner occupied (%),9,7,,
11,11,Dwelling stock estimates percentages,2,2,,Flintshire,W06000005,6,WXX000001,31/03/2023,31/03/2023,1680307199000,,Privately rented (%),10,9,,
10,10,Dwelling stock estimates percentages,2,2,,Flintshire,W06000005,6,WXX000001,31/03/2022,31/03/2022,1648771199000,,Local Authority (%),7,2,,
4,4,Dwelling stock estimates percentages,2,2,,Flintshire,W06000005,6,WXX000001,31/03/2022,31/03/2022,1648771199000,,Registered Social Landlord (%),8,4,,
75,75,Dwelling stock estimates percentages,2,2,,Flintshire,W06000005,6,WXX000001,31/03/2022,31/03/2022,1648771199000,,Owner occupied (%),9,7,,
10,10,Dwelling stock estimates percentages,2,2,,Flintshire,W06000005,6,WXX000001,31/03/2022,31/03/2022,1648771199000,,Privately rented (%),10,9,,
10,10,Dwelling stock estimates percentages,2,2,,Flintshire,W06000005,6,WXX000001,31/03/2021,31/03/2021,1617235199000,,Local Authority (%),7,2,,
4,4,Dwelling stock estimates percentages,2,2,,Flintshire,W06000005,6,WXX000001,31/03/2021,31/03/2021,1617235199000,,Registered Social Landlord (%),8,4,,
76,76,Dwelling stock estimates percentages,2,2,,Flintshire,W06000005,6,WXX000001,31/03/2021,31/03/2021,1617235199000,,Owner occupied (%),9,7,,
10,10,Dwelling stock estimates percentages,2,2,,Flintshire,W06000005,6,WXX000001,31/03/2021,31/03/2021,1617235199000,,Privately rented (%),10,9,,
10,10,Dwelling stock estimates percentages,2,2,,Flintshire,W06000005,6,WXX000001,31/03/2020,31/03/2020,1585699199000,,Local Authority (%),7,2,,
4,4,Dwelling stock estimates percentages,2,2,,Flintshire,W06000005,6,WXX000001,31/03/2020,31/03/2020,1585699199000,,Registered Social Landlord (%),8,4,,
76,76,Dwelling stock estimates percentages,2,2,,Flintshire,W06000005,6,WXX000001,31/03/2020,31/03/2020,1585699199000,,Owner occupied (%),9,7,,
10,10,Dwelling stock estimates percentages,2,2,,Flintshire,W06000005,6,WXX000001,31/03/2020,31/03/2020,1585699199000,,Privately rented (%),10,9,,
10,10,Dwelling stock estimates percentages,2,2,,Flintshire,W06000005,6,WXX000001,31/03/2019,31/03/2019,1554076799000,,Local Authority (%),7,2,,
4,4,Dwelling stock estimates percentages,2,2,,Flintshire,W06000005,6,WXX000001,31/03/2019,31/03/2019,1554076799000,,Registered Social Landlord (%),8,4,,
75,75,Dwelling stock estimates percentages,2,2,,Flintshire,W06000005,6,WXX000001,31/03/2019,31/03/2019,1554076799000,,Owner occupied (%),9,7,,
10,10,Dwelling stock estimates percentages,2,2,,Flintshire,W06000005,6,WXX000001,31/03/2019,31/03/2019,1554076799000,,Privately rented (%),10,9,,
10,10,Dwelling stock estimates percentages,2,2,,Flintshire,W06000005,6,WXX000001,31/03/2018,31/03/2018,1522540799000,,Local Authority (%),7,2,,
4,4,Dwelling stock estimates percentages,2,2,,Flintshire,W06000005,6,WXX000001,31/03/2018,31/03/2018,1522540799000,,Registered Social Landlord (%),8,4,,
75,75,Dwelling stock estimates percentages,2,2,,Flintshire,W06000005,6,WXX000001,31/03/2018,31/03/2018,1522540799000,,Owner occupied (%),9,7,,
11,11,Dwelling stock estimates percentages,2,2,,Flintshire,W06000005,6,WXX000001,31/03/2018,31/03/2018,1522540799000,,Privately rented (%),10,9,,
10,10,Dwelling stock estimates percentages,2,2,,Flintshire,W06000005,6,WXX000001,31/03/2017,31/03/2017,1491004799000,,Local Authority (%),7,2,,
4,4,Dwelling stock estimates percentages,2,2,,Flintshire,W06000005,6,WXX000001,31/03/2017,31/03/2017,1491004799000,,Registered Social Landlord (%),8,4,,
74,74,Dwelling stock estimates percentages,2,2,,Flintshire,W06000005,6,WXX000001,31/03/2017,31/03/2017,1491004799000,,Owner occupied (%),9,7,,
11,11,Dwelling stock estimates percentages,2,2,,Flintshire,W06000005,6,WXX000001,31/03/2017,31/03/2017,1491004799000,,Privately rented (%),10,9,,
11,11,Dwelling stock estimates percentages,2,2,,Flintshire,W06000005,6,WXX000001,31/03/2016,31/03/2016,1459468799000,,Local Authority (%),7,2,,
4,4,Dwelling stock estimates percentages,2,2,,Flintshire,W06000005,6,WXX000001,31/03/2016,31/03/2016,1459468799000,,Registered Social Landlord (%),8,4,,
74,74,Dwelling stock estimates percentages,2,2,,Flintshire,W06000005,6,WXX000001,31/03/2016,31/03/2016,1459468799000,,Owner occupied (%),9,7,,
12,12,Dwelling stock estimates percentages,2,2,,Flintshire,W06000005,6,WXX000001,31/03/2016,31/03/2016,1459468799000,,Privately rented (%),10,9,,
11,11,Dwelling stock estimates percentages,2,2,,Flintshire,W06000005,6,WXX000001,31/03/2015,31/03/2015,1427846399000,,Local Authority (%),7,2,,
4,4,Dwelling stock estimates percentages,2,2,,Flintshire,W06000005,6,WXX000001,31/03/2015,31/03/2015,1427846399000,,Registered Social Landlord (%),8,4,,
73,73,Dwelling stock estimates percentages,2,2,,Flintshire,W06000005,6,WXX000001,31/03/2015,31/03/2015,1427846399000,,Owner occupied (%),9,7,,
12,12,Dwelling stock estimates percentages,2,2,,Flintshire,W06000005,6,WXX000001,31/03/2015,31/03/2015,1427846399000,,Privately rented (%),10,9,,
11,11,Dwelling stock estimates percentages,2,2,,Flintshire,W06000005,6,WXX000001,31/03/2014,31/03/2014,1396310399000,,Local Authority (%),7,2,,
4,4,Dwelling stock estimates percentages,2,2,,Flintshire,W06000005,6,WXX000001,31/03/2014,31/03/2014,1396310399000,,Registered Social Landlord (%),8,4,,
74,74,Dwelling stock estimates percentages,2,2,,Flintshire,W06000005,6,WXX000001,31/03/2014,31/03/2014,1396310399000,,Owner occupied (%),9,7,,
12,12,Dwelling stock estimates percentages,2,2,,Flintshire,W06000005,6,WXX000001,31/03/2014,31/03/2014,1396310399000,,Privately rented (%),10,9,,
11,11,Dwelling stock estimates percentages,2,2,,Flintshire,W06000005,6,WXX000001,31/03/2013,31/03/2013,1364774399000,,Local Authority (%),7,2,,
4,4,Dwelling stock estimates percentages,2,2,,Flintshire,W06000005,6,WXX000001,31/03/2013,31/03/2013,1364774399000,,Registered Social Landlord (%),8,4,,
74,74,Dwelling stock estimates percentages,2,2,,Flintshire,W06000005,6,WXX000001,31/03/2013,31/03/2013,1364774399000,,Owner occupied (%),9,7,,
11,11,Dwelling stock estimates percentages,2,2,,Flintshire,W06000005,6,WXX000001,31/03/2013,31/03/2013,1364774399000,,Privately rented (%),10,9,,
11,11,Dwelling stock estimates percentages,2,2,,Flintshire,W06000005,6,WXX000001,31/03/2012,31/03/2012,1333238399000,,Local Authority (%),7,2,,
4,4,Dwelling stock estimates percentages,2,2,,Flintshire,W06000005,6,WXX000001,31/03/2012,31/03/2012,1333238399000,,Registered Social Landlord (%),8,4,,
75,75,Dwelling stock estimates percentages,2,2,,Flintshire,W06000005,6,WXX000001,31/03/2012,31/03/2012,1333238399000,,Owner occupied (%),9,7,,
10,10,Dwelling stock estimates percentages,2,2,,Flintshire,W06000005,6,WXX000001,31/03/2012,31/03/2012,1333238399000,,Privately rented (%),10,9,,
18,18,Dwelling stock estimates percentages,2,2,,Wrexham,W06000006,7,WXX000001,31/03/2024,31/03/2024,1711929599000,,Local Authority (%),7,2,,
4,4,Dwelling stock estimates percentages,2,2,,Wrexham,W06000006,7,WXX000001,31/03/2024,31/03/2024,1711929599000,,Registered Social Landlord (%),8,4,,
67,67,Dwelling stock estimates percentages,2,2,,Wrexham,W06000006,7,WXX000001,31/03/2024,31/03/2024,1711929599000,,Owner occupied (%),9,7,,Provisional
11,11,Dwelling stock estimates percentages,2,2,,Wrexham,W06000006,7,WXX000001,31/03/2024,31/03/2024,1711929599000,,Privately rented (%),10,9,,Provisional
18,18,Dwelling stock estimates percentages,2,2,,Wrexham,W06000006,7,WXX000001,31/03/2023,31/03/2023,1680307199000,,Local Authority (%),7,2,,
4,4,Dwelling stock estimates percentages,2,2,,Wrexham,W06000006,7,WXX000001,31/03/2023,31/03/2023,1680307199000,,Registered Social Landlord (%),8,4,,
67,67,Dwelling stock estimates percentages,2,2,,Wrexham,W06000006,7,WXX000001,31/03/2023,31/03/2023,1680307199000,,Owner occupied (%),9,7,,
11,11,Dwelling stock estimates percentages,2,2,,Wrexham,W06000006,7,WXX000001,31/03/2023,31/03/2023,1680307199000,,Privately rented (%),10,9,,
18,18,Dwelling stock estimates percentages,2,2,,Wrexham,W06000006,7,WXX000001,31/03/2022,31/03/2022,1648771199000,,Local Authority (%),7,2,,
4,4,Dwelling stock estimates percentages,2,2,,Wrexham,W06000006,7,WXX000001,31/03/2022,31/03/2022,1648771199000,,Registered Social Landlord (%),8,4,,
66,66,Dwelling stock estimates percentages,2,2,,Wrexham,W06000006,7,WXX000001,31/03/2022,31/03/2022,1648771199000,,Owner occupied (%),9,7,,
12,12,Dwelling stock estimates percentages,2,2,,Wrexham,W06000006,7,WXX000001,31/03/2022,31/03/2022,1648771199000,,Privately rented (%),10,9,,
18,18,Dwelling stock estimates percentages,2,2,,Wrexham,W06000006,7,WXX000001,31/03/2021,31/03/2021,1617235199000,,Local Authority (%),7,2,,
4,4,Dwelling stock estimates percentages,2,2,,Wrexham,W06000006,7,WXX000001,31/03/2021,31/03/2021,1617235199000,,Registered Social Landlord (%),8,4,,
67,67,Dwelling stock estimates percentages,2,2,,Wrexham,W06000006,7,WXX000001,31/03/2021,31/03/2021,1617235199000,,Owner occupied (%),9,7,,
11,11,Dwelling stock estimates percentages,2,2,,Wrexham,W06000006,7,WXX000001,31/03/2021,31/03/2021,1617235199000,,Privately rented (%),10,9,,
18,18,Dwelling stock estimates percentages,2,2,,Wrexham,W06000006,7,WXX000001,31/03/2020,31/03/2020,1585699199000,,Local Authority (%),7,2,,
4,4,Dwelling stock estimates percentages,2,2,,Wrexham,W06000006,7,WXX000001,31/03/2020,31/03/2020,1585699199000,,Registered Social Landlord (%),8,4,,
66,66,Dwelling stock estimates percentages,2,2,,Wrexham,W06000006,7,WXX000001,31/03/2020,31/03/2020,1585699199000,,Owner occupied (%),9,7,,
12,12,Dwelling stock estimates percentages,2,2,,Wrexham,W06000006,7,WXX000001,31/03/2020,31/03/2020,1585699199000,,Privately rented (%),10,9,,
18,18,Dwelling stock estimates percentages,2,2,,Wrexham,W06000006,7,WXX000001,31/03/2019,31/03/2019,1554076799000,,Local Authority (%),7,2,,
4,4,Dwelling stock estimates percentages,2,2,,Wrexham,W06000006,7,WXX000001,31/03/2019,31/03/2019,1554076799000,,Registered Social Landlord (%),8,4,,
65,65,Dwelling stock estimates percentages,2,2,,Wrexham,W06000006,7,WXX000001,31/03/2019,31/03/2019,1554076799000,,Owner occupied (%),9,7,,
13,13,Dwelling stock estimates percentages,2,2,,Wrexham,W06000006,7,WXX000001,31/03/2019,31/03/2019,1554076799000,,Privately rented (%),10,9,,
18,18,Dwelling stock estimates percentages,2,2,,Wrexham,W06000006,7,WXX000001,31/03/2018,31/03/2018,1522540799000,,Local Authority (%),7,2,,
3,3,Dwelling stock estimates percentages,2,2,,Wrexham,W06000006,7,WXX000001,31/03/2018,31/03/2018,1522540799000,,Registered Social Landlord (%),8,4,,
66,66,Dwelling stock estimates percentages,2,2,,Wrexham,W06000006,7,WXX000001,31/03/2018,31/03/2018,1522540799000,,Owner occupied (%),9,7,,
12,12,Dwelling stock estimates percentages,2,2,,Wrexham,W06000006,7,WXX000001,31/03/2018,31/03/2018,1522540799000,,Privately rented (%),10,9,,
18,18,Dwelling stock estimates percentages,2,2,,Wrexham,W06000006,7,WXX000001,31/03/2017,31/03/2017,1491004799000,,Local Authority (%),7,2,,
3,3,Dwelling stock estimates percentages,2,2,,Wrexham,W06000006,7,WXX000001,31/03/2017,31/03/2017,1491004799000,,Registered Social Landlord (%),8,4,,
66,66,Dwelling stock estimates percentages,2,2,,Wrexham,W06000006,7,WXX000001,31/03/2017,31/03/2017,1491004799000,,Owner occupied (%),9,7,,
12,12,Dwelling stock estimates percentages,2,2,,Wrexham,W06000006,7,WXX000001,31/03/2017,31/03/2017,1491004799000,,Privately rented (%),10,9,,
19,19,Dwelling stock estimates percentages,2,2,,Wrexham,W06000006,7,WXX000001,31/03/2016,31/03/2016,1459468799000,,Local Authority (%),7,2,,
3,3,Dwelling stock estimates percentages,2,2,,Wrexham,W06000006,7,WXX000001,31/03/2016,31/03/2016,1459468799000,,Registered Social Landlord (%),8,4,,
66,66,Dwelling stock estimates percentages,2,2,,Wrexham,W06000006,7,WXX000001,31/03/2016,31/03/2016,1459468799000,,Owner occupied (%),9,7,,
12,12,Dwelling stock estimates percentages,2,2,,Wrexham,W06000006,7,WXX000001,31/03/2016,31/03/2016,1459468799000,,Privately rented (%),10,9,,
19,19,Dwelling stock estimates percentages,2,2,,Wrexham,W06000006,7,WXX000001,31/03/2015,31/03/2015,1427846399000,,Local Authority (%),7,2,,
3,3,Dwelling stock estimates percentages,2,2,,Wrexham,W06000006,7,WXX000001,31/03/2015,31/03/2015,1427846399000,,Registered Social Landlord (%),8,4,,
66,66,Dwelling stock estimates percentages,2,2,,Wrexham,W06000006,7,WXX000001,31/03/2015,31/03/2015,1427846399000,,Owner occupied (%),9,7,,
12,12,Dwelling stock estimates percentages,2,2,,Wrexham,W06000006,7,WXX000001,31/03/2015,31/03/2015,1427846399000,,Privately rented (%),10,9,,
19,19,Dwelling stock estimates percentages,2,2,,Wrexham,W06000006,7,WXX000001,31/03/2014,31/03/2014,1396310399000,,Local Authority (%),7,2,,
3,3,Dwelling stock estimates percentages,2,2,,Wrexham,W06000006,7,WXX000001,31/03/2014,31/03/2014,1396310399000,,Registered Social Landlord (%),8,4,,
65,65,Dwelling stock estimates percentages,2,2,,Wrexham,W06000006,7,WXX000001,31/03/2014,31/03/2014,1396310399000,,Owner occupied (%),9,7,,
13,13,Dwelling stock estimates percentages,2,2,,Wrexham,W06000006,7,WXX000001,31/03/2014,31/03/2014,1396310399000,,Privately rented (%),10,9,,
19,19,Dwelling stock estimates percentages,2,2,,Wrexham,W06000006,7,WXX000001,31/03/2013,31/03/2013,1364774399000,,Local Authority (%),7,2,,
3,3,Dwelling stock estimates percentages,2,2,,Wrexham,W06000006,7,WXX000001,31/03/2013,31/03/2013,1364774399000,,Registered Social Landlord (%),8,4,,
65,65,Dwelling stock estimates percentages,2,2,,Wrexham,W06000006,7,WXX000001,31/03/2013,31/03/2013,1364774399000,,Owner occupied (%),9,7,,
13,13,Dwelling stock estimates percentages,2,2,,Wrexham,W06000006,7,WXX000001,31/03/2013,31/03/2013,1364774399000,,Privately rented (%),10,9,,
19,19,Dwelling stock estimates percentages,2,2,,Wrexham,W06000006,7,WXX000001,31/03/2012,31/03/2012,1333238399000,,Local Authority (%),7,2,,
3,3,Dwelling stock estimates percentages,2,2,,Wrexham,W06000006,7,WXX000001,31/03/2012,31/03/2012,1333238399000,,Registered Social Landlord (%),8,4,,
66,66,Dwelling stock estimates percentages,2,2,,Wrexham,W06000006,7,WXX000001,31/03/2012,31/03/2012,1333238399000,,Owner occupied (%),9,7,,
12,12,Dwelling stock estimates percentages,2,2,,Wrexham,W06000006,7,WXX000001,31/03/2012,31/03/2012,1333238399000,,Privately rented (%),10,9,,
21,21,Dwelling stock estimates percentages,2,2,,Merthyr Tydfil,W06000024,8,WXX000003,31/03/2024,31/03/2024,1711929599000,,Registered Social Landlord (%),8,4,,
64,64,Dwelling stock estimates percentages,2,2,,Merthyr Tydfil,W06000024,8,WXX000003,31/03/2024,31/03/2024,1711929599000,,Owner occupied (%),9,7,,Provisional
15,15,Dwelling stock estimates percentages,2,2,,Merthyr Tydfil,W06000024,8,WXX000003,31/03/2024,31/03/2024,1711929599000,,Privately rented (%),10,9,,Provisional
21,21,Dwelling stock estimates percentages,2,2,,Merthyr Tydfil,W06000024,8,WXX000003,31/03/2023,31/03/2023,1680307199000,,Registered Social Landlord (%),8,4,,
64,64,Dwelling stock estimates percentages,2,2,,Merthyr Tydfil,W06000024,8,WXX000003,31/03/2023,31/03/2023,1680307199000,,Owner occupied (%),9,7,,
15,15,Dwelling stock estimates percentages,2,2,,Merthyr Tydfil,W06000024,8,WXX000003,31/03/2023,31/03/2023,1680307199000,,Privately rented (%),10,9,,
21,21,Dwelling stock estimates percentages,2,2,,Merthyr Tydfil,W06000024,8,WXX000003,31/03/2022,31/03/2022,1648771199000,,Registered Social Landlord (%),8,4,,
67,67,Dwelling stock estimates percentages,2,2,,Merthyr Tydfil,W06000024,8,WXX000003,31/03/2022,31/03/2022,1648771199000,,Owner occupied (%),9,7,,
12,12,Dwelling stock estimates percentages,2,2,,Merthyr Tydfil,W06000024,8,WXX000003,31/03/2022,31/03/2022,1648771199000,,Privately rented (%),10,9,,
21,21,Dwelling stock estimates percentages,2,2,,Merthyr Tydfil,W06000024,8,WXX000003,31/03/2021,31/03/2021,1617235199000,,Registered Social Landlord (%),8,4,,
67,67,Dwelling stock estimates percentages,2,2,,Merthyr Tydfil,W06000024,8,WXX000003,31/03/2021,31/03/2021,1617235199000,,Owner occupied (%),9,7,,
12,12,Dwelling stock estimates percentages,2,2,,Merthyr Tydfil,W06000024,8,WXX000003,31/03/2021,31/03/2021,1617235199000,,Privately rented (%),10,9,,
21,21,Dwelling stock estimates percentages,2,2,,Merthyr Tydfil,W06000024,8,WXX000003,31/03/2020,31/03/2020,1585699199000,,Registered Social Landlord (%),8,4,,
65,65,Dwelling stock estimates percentages,2,2,,Merthyr Tydfil,W06000024,8,WXX000003,31/03/2020,31/03/2020,1585699199000,,Owner occupied (%),9,7,,
14,14,Dwelling stock estimates percentages,2,2,,Merthyr Tydfil,W06000024,8,WXX000003,31/03/2020,31/03/2020,1585699199000,,Privately rented (%),10,9,,
21,21,Dwelling stock estimates percentages,2,2,,Merthyr Tydfil,W06000024,8,WXX000003,31/03/2019,31/03/2019,1554076799000,,Registered Social Landlord (%),8,4,,
66,66,Dwelling stock estimates percentages,2,2,,Merthyr Tydfil,W06000024,8,WXX000003,31/03/2019,31/03/2019,1554076799000,,Owner occupied (%),9,7,,
13,13,Dwelling stock estimates percentages,2,2,,Merthyr Tydfil,W06000024,8,WXX000003,31/03/2019,31/03/2019,1554076799000,,Privately rented (%),10,9,,
21,21,Dwelling stock estimates percentages,2,2,,Merthyr Tydfil,W06000024,8,WXX000003,31/03/2018,31/03/2018,1522540799000,,Registered Social Landlord (%),8,4,,
67,67,Dwelling stock estimates percentages,2,2,,Merthyr Tydfil,W06000024,8,WXX000003,31/03/2018,31/03/2018,1522540799000,,Owner occupied (%),9,7,,
12,12,Dwelling stock estimates percentages,2,2,,Merthyr Tydfil,W06000024,8,WXX000003,31/03/2018,31/03/2018,1522540799000,,Privately rented (%),10,9,,
22,22,Dwelling stock estimates percentages,2,2,,Merthyr Tydfil,W06000024,8,WXX000003,31/03/2017,31/03/2017,1491004799000,,Registered Social Landlord (%),8,4,,
66,66,Dwelling stock estimates percentages,2,2,,Merthyr Tydfil,W06000024,8,WXX000003,31/03/2017,31/03/2017,1491004799000,,Owner occupied (%),9,7,,
12,12,Dwelling stock estimates percentages,2,2,,Merthyr Tydfil,W06000024,8,WXX000003,31/03/2017,31/03/2017,1491004799000,,Privately rented (%),10,9,,
22,22,Dwelling stock estimates percentages,2,2,,Merthyr Tydfil,W06000024,8,WXX000003,31/03/2016,31/03/2016,1459468799000,,Registered Social Landlord (%),8,4,,
64,64,Dwelling stock estimates percentages,2,2,,Merthyr Tydfil,W06000024,8,WXX000003,31/03/2016,31/03/2016,1459468799000,,Owner occupied (%),9,7,,
14,14,Dwelling stock estimates percentages,2,2,,Merthyr Tydfil,W06000024,8,WXX000003,31/03/2016,31/03/2016,1459468799000,,Privately rented (%),10,9,,
22,22,Dwelling stock estimates percentages,2,2,,Merthyr Tydfil,W06000024,8,WXX000003,31/03/2015,31/03/2015,1427846399000,,Registered Social Landlord (%),8,4,,
63,63,Dwelling stock estimates percentages,2,2,,Merthyr Tydfil,W06000024,8,WXX000003,31/03/2015,31/03/2015,1427846399000,,Owner occupied (%),9,7,,
15,15,Dwelling stock estimates percentages,2,2,,Merthyr Tydfil,W06000024,8,WXX000003,31/03/2015,31/03/2015,1427846399000,,Privately rented (%),10,9,,
22,22,Dwelling stock estimates percentages,2,2,,Merthyr Tydfil,W06000024,8,WXX000003,31/03/2014,31/03/2014,1396310399000,,Registered Social Landlord (%),8,4,,
64,64,Dwelling stock estimates percentages,2,2,,Merthyr Tydfil,W06000024,8,WXX000003,31/03/2014,31/03/2014,1396310399000,,Owner occupied (%),9,7,,
14,14,Dwelling stock estimates percentages,2,2,,Merthyr Tydfil,W06000024,8,WXX000003,31/03/2014,31/03/2014,1396310399000,,Privately rented (%),10,9,,
22,22,Dwelling stock estimates percentages,2,2,,Merthyr Tydfil,W06000024,8,WXX000003,31/03/2013,31/03/2013,1364774399000,,Registered Social Landlord (%),8,4,,
65,65,Dwelling stock estimates percentages,2,2,,Merthyr Tydfil,W06000024,8,WXX000003,31/03/2013,31/03/2013,1364774399000,,Owner occupied (%),9,7,,
12,12,Dwelling stock estimates percentages,2,2,,Merthyr Tydfil,W06000024,8,WXX000003,31/03/2013,31/03/2013,1364774399000,,Privately rented (%),10,9,,
22,22,Dwelling stock estimates percentages,2,2,,Merthyr Tydfil,W06000024,8,WXX000003,31/03/2012,31/03/2012,1333238399000,,Registered Social Landlord (%),8,4,,
67,67,Dwelling stock estimates percentages,2,2,,Merthyr Tydfil,W06000024,8,WXX000003,31/03/2012,31/03/2012,1333238399000,,Owner occupied (%),9,7,,
11,11,Dwelling stock estimates percentages,2,2,,Merthyr Tydfil,W06000024,8,WXX000003,31/03/2012,31/03/2012,1333238399000,,Privately rented (%),10,9,,
9,9,Dwelling stock estimates percentages,2,2,,Ceredigion,W06000008,9,WXX000002,31/03/2024,31/03/2024,1711929599000,,Registered Social Landlord (%),8,4,,
78,78,Dwelling stock estimates percentages,2,2,,Ceredigion,W06000008,9,WXX000002,31/03/2024,31/03/2024,1711929599000,,Owner occupied (%),9,7,,Provisional
13,13,Dwelling stock estimates percentages,2,2,,Ceredigion,W06000008,9,WXX000002,31/03/2024,31/03/2024,1711929599000,,Privately rented (%),10,9,,Provisional
9,9,Dwelling stock estimates percentages,2,2,,Ceredigion,W06000008,9,WXX000002,31/03/2023,31/03/2023,1680307199000,,Registered Social Landlord (%),8,4,,
78,78,Dwelling stock estimates percentages,2,2,,Ceredigion,W06000008,9,WXX000002,31/03/2023,31/03/2023,1680307199000,,Owner occupied (%),9,7,,
13,13,Dwelling stock estimates percentages,2,2,,Ceredigion,W06000008,9,WXX000002,31/03/2023,31/03/2023,1680307199000,,Privately rented (%),10,9,,
10,10,Dwelling stock estimates percentages,2,2,,Ceredigion,W06000008,9,WXX000002,31/03/2022,31/03/2022,1648771199000,,Registered Social Landlord (%),8,4,,
77,77,Dwelling stock estimates percentages,2,2,,Ceredigion,W06000008,9,WXX000002,31/03/2022,31/03/2022,1648771199000,,Owner occupied (%),9,7,,
14,14,Dwelling stock estimates percentages,2,2,,Ceredigion,W06000008,9,WXX000002,31/03/2022,31/03/2022,1648771199000,,Privately rented (%),10,9,,
9,9,Dwelling stock estimates percentages,2,2,,Ceredigion,W06000008,9,WXX000002,31/03/2021,31/03/2021,1617235199000,,Registered Social Landlord (%),8,4,,
75,75,Dwelling stock estimates percentages,2,2,,Ceredigion,W06000008,9,WXX000002,31/03/2021,31/03/2021,1617235199000,,Owner occupied (%),9,7,,
16,16,Dwelling stock estimates percentages,2,2,,Ceredigion,W06000008,9,WXX000002,31/03/2021,31/03/2021,1617235199000,,Privately rented (%),10,9,,
9,9,Dwelling stock estimates percentages,2,2,,Ceredigion,W06000008,9,WXX000002,31/03/2020,31/03/2020,1585699199000,,Registered Social Landlord (%),8,4,,
74,74,Dwelling stock estimates percentages,2,2,,Ceredigion,W06000008,9,WXX000002,31/03/2020,31/03/2020,1585699199000,,Owner occupied (%),9,7,,
16,16,Dwelling stock estimates percentages,2,2,,Ceredigion,W06000008,9,WXX000002,31/03/2020,31/03/2020,1585699199000,,Privately rented (%),10,9,,
9,9,Dwelling stock estimates percentages,2,2,,Ceredigion,W06000008,9,WXX000002,31/03/2019,31/03/2019,1554076799000,,Registered Social Landlord (%),8,4,,
74,74,Dwelling stock estimates percentages,2,2,,Ceredigion,W06000008,9,WXX000002,31/03/2019,31/03/2019,1554076799000,,Owner occupied (%),9,7,,
17,17,Dwelling stock estimates percentages,2,2,,Ceredigion,W06000008,9,WXX000002,31/03/2019,31/03/2019,1554076799000,,Privately rented (%),10,9,,
9,9,Dwelling stock estimates percentages,2,2,,Ceredigion,W06000008,9,WXX000002,31/03/2018,31/03/2018,1522540799000,,Registered Social Landlord (%),8,4,,
73,73,Dwelling stock estimates percentages,2,2,,Ceredigion,W06000008,9,WXX000002,31/03/2018,31/03/2018,1522540799000,,Owner occupied (%),9,7,,
18,18,Dwelling stock estimates percentages,2,2,,Ceredigion,W06000008,9,WXX000002,31/03/2018,31/03/2018,1522540799000,,Privately rented (%),10,9,,
9,9,Dwelling stock estimates percentages,2,2,,Ceredigion,W06000008,9,WXX000002,31/03/2017,31/03/2017,1491004799000,,Registered Social Landlord (%),8,4,,
71,71,Dwelling stock estimates percentages,2,2,,Ceredigion,W06000008,9,WXX000002,31/03/2017,31/03/2017,1491004799000,,Owner occupied (%),9,7,,
20,20,Dwelling stock estimates percentages,2,2,,Ceredigion,W06000008,9,WXX000002,31/03/2017,31/03/2017,1491004799000,,Privately rented (%),10,9,,
9,9,Dwelling stock estimates percentages,2,2,,Ceredigion,W06000008,9,WXX000002,31/03/2016,31/03/2016,1459468799000,,Registered Social Landlord (%),8,4,,
70,70,Dwelling stock estimates percentages,2,2,,Ceredigion,W06000008,9,WXX000002,31/03/2016,31/03/2016,1459468799000,,Owner occupied (%),9,7,,
21,21,Dwelling stock estimates percentages,2,2,,Ceredigion,W06000008,9,WXX000002,31/03/2016,31/03/2016,1459468799000,,Privately rented (%),10,9,,
9,9,Dwelling stock estimates percentages,2,2,,Ceredigion,W06000008,9,WXX000002,31/03/2015,31/03/2015,1427846399000,,Registered Social Landlord (%),8,4,,
71,71,Dwelling stock estimates percentages,2,2,,Ceredigion,W06000008,9,WXX000002,31/03/2015,31/03/2015,1427846399000,,Owner occupied (%),9,7,,
20,20,Dwelling stock estimates percentages,2,2,,Ceredigion,W06000008,9,WXX000002,31/03/2015,31/03/2015,1427846399000,,Privately rented (%),10,9,,
9,9,Dwelling stock estimates percentages,2,2,,Ceredigion,W06000008,9,WXX000002,31/03/2014,31/03/2014,1396310399000,,Registered Social Landlord (%),8,4,,
71,71,Dwelling stock estimates percentages,2,2,,Ceredigion,W06000008,9,WXX000002,31/03/2014,31/03/2014,1396310399000,,Owner occupied (%),9,7,,
19,19,Dwelling stock estimates percentages,2,2,,Ceredigion,W06000008,9,WXX000002,31/03/2014,31/03/2014,1396310399000,,Privately rented (%),10,9,,
9,9,Dwelling stock estimates percentages,2,2,,Ceredigion,W06000008,9,WXX000002,31/03/2013,31/03/2013,1364774399000,,Registered Social Landlord (%),8,4,,
72,72,Dwelling stock estimates percentages,2,2,,Ceredigion,W06000008,9,WXX000002,31/03/2013,31/03/2013,1364774399000,,Owner occupied (%),9,7,,
18,18,Dwelling stock estimates percentages,2,2,,Ceredigion,W06000008,9,WXX000002,31/03/2013,31/03/2013,1364774399000,,Privately rented (%),10,9,,
10,10,Dwelling stock estimates percentages,2,2,,Ceredigion,W06000008,9,WXX000002,31/03/2012,31/03/2012,1333238399000,,Registered Social Landlord (%),8,4,,
74,74,Dwelling stock estimates percentages,2,2,,Ceredigion,W06000008,9,WXX000002,31/03/2012,31/03/2012,1333238399000,,Owner occupied (%),9,7,,
17,17,Dwelling stock estimates percentages,2,2,,Ceredigion,W06000008,9,WXX000002,31/03/2012,31/03/2012,1333238399000,,Privately rented (%),10,9,,
9,9,Dwelling stock estimates percentages,2,2,,Pembrokeshire,W06000009,10,WXX000002,31/03/2024,31/03/2024,1711929599000,,Local Authority (%),7,2,,
5,5,Dwelling stock estimates percentages,2,2,,Pembrokeshire,W06000009,10,WXX000002,31/03/2024,31/03/2024,1711929599000,,Registered Social Landlord (%),8,4,,
74,74,Dwelling stock estimates percentages,2,2,,Pembrokeshire,W06000009,10,WXX000002,31/03/2024,31/03/2024,1711929599000,,Owner occupied (%),9,7,,Provisional
12,12,Dwelling stock estimates percentages,2,2,,Pembrokeshire,W06000009,10,WXX000002,31/03/2024,31/03/2024,1711929599000,,Privately rented (%),10,9,,Provisional
9,9,Dwelling stock estimates percentages,2,2,,Pembrokeshire,W06000009,10,WXX000002,31/03/2023,31/03/2023,1680307199000,,Local Authority (%),7,2,,
5,5,Dwelling stock estimates percentages,2,2,,Pembrokeshire,W06000009,10,WXX000002,31/03/2023,31/03/2023,1680307199000,,Registered Social Landlord (%),8,4,,
75,75,Dwelling stock estimates percentages,2,2,,Pembrokeshire,W06000009,10,WXX000002,31/03/2023,31/03/2023,1680307199000,,Owner occupied (%),9,7,,
12,12,Dwelling stock estimates percentages,2,2,,Pembrokeshire,W06000009,10,WXX000002,31/03/2023,31/03/2023,1680307199000,,Privately rented (%),10,9,,
9,9,Dwelling stock estimates percentages,2,2,,Pembrokeshire,W06000009,10,WXX000002,31/03/2022,31/03/2022,1648771199000,,Local Authority (%),7,2,,
4,4,Dwelling stock estimates percentages,2,2,,Pembrokeshire,W06000009,10,WXX000002,31/03/2022,31/03/2022,1648771199000,,Registered Social Landlord (%),8,4,,
74,74,Dwelling stock estimates percentages,2,2,,Pembrokeshire,W06000009,10,WXX000002,31/03/2022,31/03/2022,1648771199000,,Owner occupied (%),9,7,,
13,13,Dwelling stock estimates percentages,2,2,,Pembrokeshire,W06000009,10,WXX000002,31/03/2022,31/03/2022,1648771199000,,Privately rented (%),10,9,,
9,9,Dwelling stock estimates percentages,2,2,,Pembrokeshire,W06000009,10,WXX000002,31/03/2021,31/03/2021,1617235199000,,Local Authority (%),7,2,,
4,4,Dwelling stock estimates percentages,2,2,,Pembrokeshire,W06000009,10,WXX000002,31/03/2021,31/03/2021,1617235199000,,Registered Social Landlord (%),8,4,,
73,73,Dwelling stock estimates percentages,2,2,,Pembrokeshire,W06000009,10,WXX000002,31/03/2021,31/03/2021,1617235199000,,Owner occupied (%),9,7,,
14,14,Dwelling stock estimates percentages,2,2,,Pembrokeshire,W06000009,10,WXX000002,31/03/2021,31/03/2021,1617235199000,,Privately rented (%),10,9,,
9,9,Dwelling stock estimates percentages,2,2,,Pembrokeshire,W06000009,10,WXX000002,31/03/2020,31/03/2020,1585699199000,,Local Authority (%),7,2,,
4,4,Dwelling stock estimates percentages,2,2,,Pembrokeshire,W06000009,10,WXX000002,31/03/2020,31/03/2020,1585699199000,,Registered Social Landlord (%),8,4,,
74,74,Dwelling stock estimates percentages,2,2,,Pembrokeshire,W06000009,10,WXX000002,31/03/2020,31/03/2020,1585699199000,,Owner occupied (%),9,7,,
13,13,Dwelling stock estimates percentages,2,2,,Pembrokeshire,W06000009,10,WXX000002,31/03/2020,31/03/2020,1585699199000,,Privately rented (%),10,9,,
9,9,Dwelling stock estimates percentages,2,2,,Pembrokeshire,W06000009,10,WXX000002,31/03/2019,31/03/2019,1554076799000,,Local Authority (%),7,2,,
4,4,Dwelling stock estimates percentages,2,2,,Pembrokeshire,W06000009,10,WXX000002,31/03/2019,31/03/2019,1554076799000,,Registered Social Landlord (%),8,4,,
74,74,Dwelling stock estimates percentages,2,2,,Pembrokeshire,W06000009,10,WXX000002,31/03/2019,31/03/2019,1554076799000,,Owner occupied (%),9,7,,
13,13,Dwelling stock estimates percentages,2,2,,Pembrokeshire,W06000009,10,WXX000002,31/03/2019,31/03/2019,1554076799000,,Privately rented (%),10,9,,
9,9,Dwelling stock estimates percentages,2,2,,Pembrokeshire,W06000009,10,WXX000002,31/03/2018,31/03/2018,1522540799000,,Local Authority (%),7,2,,
4,4,Dwelling stock estimates percentages,2,2,,Pembrokeshire,W06000009,10,WXX000002,31/03/2018,31/03/2018,1522540799000,,Registered Social Landlord (%),8,4,,
74,74,Dwelling stock estimates percentages,2,2,,Pembrokeshire,W06000009,10,WXX000002,31/03/2018,31/03/2018,1522540799000,,Owner occupied (%),9,7,,
13,13,Dwelling stock estimates percentages,2,2,,Pembrokeshire,W06000009,10,WXX000002,31/03/2018,31/03/2018,1522540799000,,Privately rented (%),10,9,,
9,9,Dwelling stock estimates percentages,2,2,,Pembrokeshire,W06000009,10,WXX000002,31/03/2017,31/03/2017,1491004799000,,Local Authority (%),7,2,,
4,4,Dwelling stock estimates percentages,2,2,,Pembrokeshire,W06000009,10,WXX000002,31/03/2017,31/03/2017,1491004799000,,Registered Social Landlord (%),8,4,,
74,74,Dwelling stock estimates percentages,2,2,,Pembrokeshire,W06000009,10,WXX000002,31/03/2017,31/03/2017,1491004799000,,Owner occupied (%),9,7,,
13,13,Dwelling stock estimates percentages,2,2,,Pembrokeshire,W06000009,10,WXX000002,31/03/2017,31/03/2017,1491004799000,,Privately rented (%),10,9,,
9,9,Dwelling stock estimates percentages,2,2,,Pembrokeshire,W06000009,10,WXX000002,31/03/2016,31/03/2016,1459468799000,,Local Authority (%),7,2,,
4,4,Dwelling stock estimates percentages,2,2,,Pembrokeshire,W06000009,10,WXX000002,31/03/2016,31/03/2016,1459468799000,,Registered Social Landlord (%),8,4,,
74,74,Dwelling stock estimates percentages,2,2,,Pembrokeshire,W06000009,10,WXX000002,31/03/2016,31/03/2016,1459468799000,,Owner occupied (%),9,7,,
13,13,Dwelling stock estimates percentages,2,2,,Pembrokeshire,W06000009,10,WXX000002,31/03/2016,31/03/2016,1459468799000,,Privately rented (%),10,9,,
9,9,Dwelling stock estimates percentages,2,2,,Pembrokeshire,W06000009,10,WXX000002,31/03/2015,31/03/2015,1427846399000,,Local Authority (%),7,2,,
4,4,Dwelling stock estimates percentages,2,2,,Pembrokeshire,W06000009,10,WXX000002,31/03/2015,31/03/2015,1427846399000,,Registered Social Landlord (%),8,4,,
74,74,Dwelling stock estimates percentages,2,2,,Pembrokeshire,W06000009,10,WXX000002,31/03/2015,31/03/2015,1427846399000,,Owner occupied (%),9,7,,
13,13,Dwelling stock estimates percentages,2,2,,Pembrokeshire,W06000009,10,WXX000002,31/03/2015,31/03/2015,1427846399000,,Privately rented (%),10,9,,
9,9,Dwelling stock estimates percentages,2,2,,Pembrokeshire,W06000009,10,WXX000002,31/03/2014,31/03/2014,1396310399000,,Local Authority (%),7,2,,
4,4,Dwelling stock estimates percentages,2,2,,Pembrokeshire,W06000009,10,WXX000002,31/03/2014,31/03/2014,1396310399000,,Registered Social Landlord (%),8,4,,
75,75,Dwelling stock estimates percentages,2,2,,Pembrokeshire,W06000009,10,WXX000002,31/03/2014,31/03/2014,1396310399000,,Owner occupied (%),9,7,,
12,12,Dwelling stock estimates percentages,2,2,,Pembrokeshire,W06000009,10,WXX000002,31/03/2014,31/03/2014,1396310399000,,Privately rented (%),10,9,,
9,9,Dwelling stock estimates percentages,2,2,,Pembrokeshire,W06000009,10,WXX000002,31/03/2013,31/03/2013,1364774399000,,Local Authority (%),7,2,,
4,4,Dwelling stock estimates percentages,2,2,,Pembrokeshire,W06000009,10,WXX000002,31/03/2013,31/03/2013,1364774399000,,Registered Social Landlord (%),8,4,,
75,75,Dwelling stock estimates percentages,2,2,,Pembrokeshire,W06000009,10,WXX000002,31/03/2013,31/03/2013,1364774399000,,Owner occupied (%),9,7,,
12,12,Dwelling stock estimates percentages,2,2,,Pembrokeshire,W06000009,10,WXX000002,31/03/2013,31/03/2013,1364774399000,,Privately rented (%),10,9,,
9,9,Dwelling stock estimates percentages,2,2,,Pembrokeshire,W06000009,10,WXX000002,31/03/2012,31/03/2012,1333238399000,,Local Authority (%),7,2,,
4,4,Dwelling stock estimates percentages,2,2,,Pembrokeshire,W06000009,10,WXX000002,31/03/2012,31/03/2012,1333238399000,,Registered Social Landlord (%),8,4,,
75,75,Dwelling stock estimates percentages,2,2,,Pembrokeshire,W06000009,10,WXX000002,31/03/2012,31/03/2012,1333238399000,,Owner occupied (%),9,7,,
12,12,Dwelling stock estimates percentages,2,2,,Pembrokeshire,W06000009,10,WXX000002,31/03/2012,31/03/2012,1333238399000,,Privately rented (%),10,9,,
10,10,Dwelling stock estimates percentages,2,2,,Carmarthenshire,W06000010,11,WXX000002,31/03/2024,31/03/2024,1711929599000,,Local Authority (%),7,2,,
4,4,Dwelling stock estimates percentages,2,2,,Carmarthenshire,W06000010,11,WXX000002,31/03/2024,31/03/2024,1711929599000,,Registered Social Landlord (%),8,4,,
73,73,Dwelling stock estimates percentages,2,2,,Carmarthenshire,W06000010,11,WXX000002,31/03/2024,31/03/2024,1711929599000,,Owner occupied (%),9,7,,Provisional
13,13,Dwelling stock estimates percentages,2,2,,Carmarthenshire,W06000010,11,WXX000002,31/03/2024,31/03/2024,1711929599000,,Privately rented (%),10,9,,Provisional
10,10,Dwelling stock estimates percentages,2,2,,Carmarthenshire,W06000010,11,WXX000002,31/03/2023,31/03/2023,1680307199000,,Local Authority (%),7,2,,
4,4,Dwelling stock estimates percentages,2,2,,Carmarthenshire,W06000010,11,WXX000002,31/03/2023,31/03/2023,1680307199000,,Registered Social Landlord (%),8,4,,
73,73,Dwelling stock estimates percentages,2,2,,Carmarthenshire,W06000010,11,WXX000002,31/03/2023,31/03/2023,1680307199000,,Owner occupied (%),9,7,,
13,13,Dwelling stock estimates percentages,2,2,,Carmarthenshire,W06000010,11,WXX000002,31/03/2023,31/03/2023,1680307199000,,Privately rented (%),10,9,,
10,10,Dwelling stock estimates percentages,2,2,,Carmarthenshire,W06000010,11,WXX000002,31/03/2022,31/03/2022,1648771199000,,Local Authority (%),7,2,,
4,4,Dwelling stock estimates percentages,2,2,,Carmarthenshire,W06000010,11,WXX000002,31/03/2022,31/03/2022,1648771199000,,Registered Social Landlord (%),8,4,,
73,73,Dwelling stock estimates percentages,2,2,,Carmarthenshire,W06000010,11,WXX000002,31/03/2022,31/03/2022,1648771199000,,Owner occupied (%),9,7,,
13,13,Dwelling stock estimates percentages,2,2,,Carmarthenshire,W06000010,11,WXX000002,31/03/2022,31/03/2022,1648771199000,,Privately rented (%),10,9,,
10,10,Dwelling stock estimates percentages,2,2,,Carmarthenshire,W06000010,11,WXX000002,31/03/2021,31/03/2021,1617235199000,,Local Authority (%),7,2,,
4,4,Dwelling stock estimates percentages,2,2,,Carmarthenshire,W06000010,11,WXX000002,31/03/2021,31/03/2021,1617235199000,,Registered Social Landlord (%),8,4,,
73,73,Dwelling stock estimates percentages,2,2,,Carmarthenshire,W06000010,11,WXX000002,31/03/2021,31/03/2021,1617235199000,,Owner occupied (%),9,7,,
13,13,Dwelling stock estimates percentages,2,2,,Carmarthenshire,W06000010,11,WXX000002,31/03/2021,31/03/2021,1617235199000,,Privately rented (%),10,9,,
10,10,Dwelling stock estimates percentages,2,2,,Carmarthenshire,W06000010,11,WXX000002,31/03/2020,31/03/2020,1585699199000,,Local Authority (%),7,2,,
4,4,Dwelling stock estimates percentages,2,2,,Carmarthenshire,W06000010,11,WXX000002,31/03/2020,31/03/2020,1585699199000,,Registered Social Landlord (%),8,4,,
74,74,Dwelling stock estimates percentages,2,2,,Carmarthenshire,W06000010,11,WXX000002,31/03/2020,31/03/2020,1585699199000,,Owner occupied (%),9,7,,
12,12,Dwelling stock estimates percentages,2,2,,Carmarthenshire,W06000010,11,WXX000002,31/03/2020,31/03/2020,1585699199000,,Privately rented (%),10,9,,
10,10,Dwelling stock estimates percentages,2,2,,Carmarthenshire,W06000010,11,WXX000002,31/03/2019,31/03/2019,1554076799000,,Local Authority (%),7,2,,
4,4,Dwelling stock estimates percentages,2,2,,Carmarthenshire,W06000010,11,WXX000002,31/03/2019,31/03/2019,1554076799000,,Registered Social Landlord (%),8,4,,
75,75,Dwelling stock estimates percentages,2,2,,Carmarthenshire,W06000010,11,WXX000002,31/03/2019,31/03/2019,1554076799000,,Owner occupied (%),9,7,,
12,12,Dwelling stock estimates percentages,2,2,,Carmarthenshire,W06000010,11,WXX000002,31/03/2019,31/03/2019,1554076799000,,Privately rented (%),10,9,,
10,10,Dwelling stock estimates percentages,2,2,,Carmarthenshire,W06000010,11,WXX000002,31/03/2018,31/03/2018,1522540799000,,Local Authority (%),7,2,,
4,4,Dwelling stock estimates percentages,2,2,,Carmarthenshire,W06000010,11,WXX000002,31/03/2018,31/03/2018,1522540799000,,Registered Social Landlord (%),8,4,,
74,74,Dwelling stock estimates percentages,2,2,,Carmarthenshire,W06000010,11,WXX000002,31/03/2018,31/03/2018,1522540799000,,Owner occupied (%),9,7,,
12,12,Dwelling stock estimates percentages,2,2,,Carmarthenshire,W06000010,11,WXX000002,31/03/2018,31/03/2018,1522540799000,,Privately rented (%),10,9,,
10,10,Dwelling stock estimates percentages,2,2,,Carmarthenshire,W06000010,11,WXX000002,31/03/2017,31/03/2017,1491004799000,,Local Authority (%),7,2,,
4,4,Dwelling stock estimates percentages,2,2,,Carmarthenshire,W06000010,11,WXX000002,31/03/2017,31/03/2017,1491004799000,,Registered Social Landlord (%),8,4,,
74,74,Dwelling stock estimates percentages,2,2,,Carmarthenshire,W06000010,11,WXX000002,31/03/2017,31/03/2017,1491004799000,,Owner occupied (%),9,7,,
12,12,Dwelling stock estimates percentages,2,2,,Carmarthenshire,W06000010,11,WXX000002,31/03/2017,31/03/2017,1491004799000,,Privately rented (%),10,9,,
10,10,Dwelling stock estimates percentages,2,2,,Carmarthenshire,W06000010,11,WXX000002,31/03/2016,31/03/2016,1459468799000,,Local Authority (%),7,2,,
4,4,Dwelling stock estimates percentages,2,2,,Carmarthenshire,W06000010,11,WXX000002,31/03/2016,31/03/2016,1459468799000,,Registered Social Landlord (%),8,4,,
73,73,Dwelling stock estimates percentages,2,2,,Carmarthenshire,W06000010,11,WXX000002,31/03/2016,31/03/2016,1459468799000,,Owner occupied (%),9,7,,
13,13,Dwelling stock estimates percentages,2,2,,Carmarthenshire,W06000010,11,WXX000002,31/03/2016,31/03/2016,1459468799000,,Privately rented (%),10,9,,
10,10,Dwelling stock estimates percentages,2,2,,Carmarthenshire,W06000010,11,WXX000002,31/03/2015,31/03/2015,1427846399000,,Local Authority (%),7,2,,
3,3,Dwelling stock estimates percentages,2,2,,Carmarthenshire,W06000010,11,WXX000002,31/03/2015,31/03/2015,1427846399000,,Registered Social Landlord (%),8,4,,
73,73,Dwelling stock estimates percentages,2,2,,Carmarthenshire,W06000010,11,WXX000002,31/03/2015,31/03/2015,1427846399000,,Owner occupied (%),9,7,,
14,14,Dwelling stock estimates percentages,2,2,,Carmarthenshire,W06000010,11,WXX000002,31/03/2015,31/03/2015,1427846399000,,Privately rented (%),10,9,,
10,10,Dwelling stock estimates percentages,2,2,,Carmarthenshire,W06000010,11,WXX000002,31/03/2014,31/03/2014,1396310399000,,Local Authority (%),7,2,,
3,3,Dwelling stock estimates percentages,2,2,,Carmarthenshire,W06000010,11,WXX000002,31/03/2014,31/03/2014,1396310399000,,Registered Social Landlord (%),8,4,,
73,73,Dwelling stock estimates percentages,2,2,,Carmarthenshire,W06000010,11,WXX000002,31/03/2014,31/03/2014,1396310399000,,Owner occupied (%),9,7,,
13,13,Dwelling stock estimates percentages,2,2,,Carmarthenshire,W06000010,11,WXX000002,31/03/2014,31/03/2014,1396310399000,,Privately rented (%),10,9,,
11,11,Dwelling stock estimates percentages,2,2,,Carmarthenshire,W06000010,11,WXX000002,31/03/2013,31/03/2013,1364774399000,,Local Authority (%),7,2,,
3,3,Dwelling stock estimates percentages,2,2,,Carmarthenshire,W06000010,11,WXX000002,31/03/2013,31/03/2013,1364774399000,,Registered Social Landlord (%),8,4,,
74,74,Dwelling stock estimates percentages,2,2,,Carmarthenshire,W06000010,11,WXX000002,31/03/2013,31/03/2013,1364774399000,,Owner occupied (%),9,7,,
12,12,Dwelling stock estimates percentages,2,2,,Carmarthenshire,W06000010,11,WXX000002,31/03/2013,31/03/2013,1364774399000,,Privately rented (%),10,9,,
11,11,Dwelling stock estimates percentages,2,2,,Carmarthenshire,W06000010,11,WXX000002,31/03/2012,31/03/2012,1333238399000,,Local Authority (%),7,2,,
3,3,Dwelling stock estimates percentages,2,2,,Carmarthenshire,W06000010,11,WXX000002,31/03/2012,31/03/2012,1333238399000,,Registered Social Landlord (%),8,4,,
73,73,Dwelling stock estimates percentages,2,2,,Carmarthenshire,W06000010,11,WXX000002,31/03/2012,31/03/2012,1333238399000,,Owner occupied (%),9,7,,
12,12,Dwelling stock estimates percentages,2,2,,Carmarthenshire,W06000010,11,WXX000002,31/03/2012,31/03/2012,1333238399000,,Privately rented (%),10,9,,
12,12,Dwelling stock estimates percentages,2,2,,Swansea,W06000011,12,WXX000002,31/03/2024,31/03/2024,1711929599000,,Local Authority (%),7,2,,
7,7,Dwelling stock estimates percentages,2,2,,Swansea,W06000011,12,WXX000002,31/03/2024,31/03/2024,1711929599000,,Registered Social Landlord (%),8,4,,
67,67,Dwelling stock estimates percentages,2,2,,Swansea,W06000011,12,WXX000002,31/03/2024,31/03/2024,1711929599000,,Owner occupied (%),9,7,,Provisional
13,13,Dwelling stock estimates percentages,2,2,,Swansea,W06000011,12,WXX000002,31/03/2024,31/03/2024,1711929599000,,Privately rented (%),10,9,,Provisional
12,12,Dwelling stock estimates percentages,2,2,,Swansea,W06000011,12,WXX000002,31/03/2023,31/03/2023,1680307199000,,Local Authority (%),7,2,,
7,7,Dwelling stock estimates percentages,2,2,,Swansea,W06000011,12,WXX000002,31/03/2023,31/03/2023,1680307199000,,Registered Social Landlord (%),8,4,,
68,68,Dwelling stock estimates percentages,2,2,,Swansea,W06000011,12,WXX000002,31/03/2023,31/03/2023,1680307199000,,Owner occupied (%),9,7,,
13,13,Dwelling stock estimates percentages,2,2,,Swansea,W06000011,12,WXX000002,31/03/2023,31/03/2023,1680307199000,,Privately rented (%),10,9,,
12,12,Dwelling stock estimates percentages,2,2,,Swansea,W06000011,12,WXX000002,31/03/2022,31/03/2022,1648771199000,,Local Authority (%),7,2,,
7,7,Dwelling stock estimates percentages,2,2,,Swansea,W06000011,12,WXX000002,31/03/2022,31/03/2022,1648771199000,,Registered Social Landlord (%),8,4,,
67,67,Dwelling stock estimates percentages,2,2,,Swansea,W06000011,12,WXX000002,31/03/2022,31/03/2022,1648771199000,,Owner occupied (%),9,7,,
14,14,Dwelling stock estimates percentages,2,2,,Swansea,W06000011,12,WXX000002,31/03/2022,31/03/2022,1648771199000,,Privately rented (%),10,9,,
12,12,Dwelling stock estimates percentages,2,2,,Swansea,W06000011,12,WXX000002,31/03/2021,31/03/2021,1617235199000,,Local Authority (%),7,2,,
7,7,Dwelling stock estimates percentages,2,2,,Swansea,W06000011,12,WXX000002,31/03/2021,31/03/2021,1617235199000,,Registered Social Landlord (%),8,4,,
67,67,Dwelling stock estimates percentages,2,2,,Swansea,W06000011,12,WXX000002,31/03/2021,31/03/2021,1617235199000,,Owner occupied (%),9,7,,
14,14,Dwelling stock estimates percentages,2,2,,Swansea,W06000011,12,WXX000002,31/03/2021,31/03/2021,1617235199000,,Privately rented (%),10,9,,
12,12,Dwelling stock estimates percentages,2,2,,Swansea,W06000011,12,WXX000002,31/03/2020,31/03/2020,1585699199000,,Local Authority (%),7,2,,
7,7,Dwelling stock estimates percentages,2,2,,Swansea,W06000011,12,WXX000002,31/03/2020,31/03/2020,1585699199000,,Registered Social Landlord (%),8,4,,
67,67,Dwelling stock estimates percentages,2,2,,Swansea,W06000011,12,WXX000002,31/03/2020,31/03/2020,1585699199000,,Owner occupied (%),9,7,,
14,14,Dwelling stock estimates percentages,2,2,,Swansea,W06000011,12,WXX000002,31/03/2020,31/03/2020,1585699199000,,Privately rented (%),10,9,,
12,12,Dwelling stock estimates percentages,2,2,,Swansea,W06000011,12,WXX000002,31/03/2019,31/03/2019,1554076799000,,Local Authority (%),7,2,,
7,7,Dwelling stock estimates percentages,2,2,,Swansea,W06000011,12,WXX000002,31/03/2019,31/03/2019,1554076799000,,Registered Social Landlord (%),8,4,,
66,66,Dwelling stock estimates percentages,2,2,,Swansea,W06000011,12,WXX000002,31/03/2019,31/03/2019,1554076799000,,Owner occupied (%),9,7,,
15,15,Dwelling stock estimates percentages,2,2,,Swansea,W06000011,12,WXX000002,31/03/2019,31/03/2019,1554076799000,,Privately rented (%),10,9,,
12,12,Dwelling stock estimates percentages,2,2,,Swansea,W06000011,12,WXX000002,31/03/2018,31/03/2018,1522540799000,,Local Authority (%),7,2,,
7,7,Dwelling stock estimates percentages,2,2,,Swansea,W06000011,12,WXX000002,31/03/2018,31/03/2018,1522540799000,,Registered Social Landlord (%),8,4,,
65,65,Dwelling stock estimates percentages,2,2,,Swansea,W06000011,12,WXX000002,31/03/2018,31/03/2018,1522540799000,,Owner occupied (%),9,7,,
17,17,Dwelling stock estimates percentages,2,2,,Swansea,W06000011,12,WXX000002,31/03/2018,31/03/2018,1522540799000,,Privately rented (%),10,9,,
12,12,Dwelling stock estimates percentages,2,2,,Swansea,W06000011,12,WXX000002,31/03/2017,31/03/2017,1491004799000,,Local Authority (%),7,2,,
7,7,Dwelling stock estimates percentages,2,2,,Swansea,W06000011,12,WXX000002,31/03/2017,31/03/2017,1491004799000,,Registered Social Landlord (%),8,4,,
63,63,Dwelling stock estimates percentages,2,2,,Swansea,W06000011,12,WXX000002,31/03/2017,31/03/2017,1491004799000,,Owner occupied (%),9,7,,
18,18,Dwelling stock estimates percentages,2,2,,Swansea,W06000011,12,WXX000002,31/03/2017,31/03/2017,1491004799000,,Privately rented (%),10,9,,
12,12,Dwelling stock estimates percentages,2,2,,Swansea,W06000011,12,WXX000002,31/03/2016,31/03/2016,1459468799000,,Local Authority (%),7,2,,
6,6,Dwelling stock estimates percentages,2,2,,Swansea,W06000011,12,WXX000002,31/03/2016,31/03/2016,1459468799000,,Registered Social Landlord (%),8,4,,
63,63,Dwelling stock estimates percentages,2,2,,Swansea,W06000011,12,WXX000002,31/03/2016,31/03/2016,1459468799000,,Owner occupied (%),9,7,,
18,18,Dwelling stock estimates percentages,2,2,,Swansea,W06000011,12,WXX000002,31/03/2016,31/03/2016,1459468799000,,Privately rented (%),10,9,,
12,12,Dwelling stock estimates percentages,2,2,,Swansea,W06000011,12,WXX000002,31/03/2015,31/03/2015,1427846399000,,Local Authority (%),7,2,,
6,6,Dwelling stock estimates percentages,2,2,,Swansea,W06000011,12,WXX000002,31/03/2015,31/03/2015,1427846399000,,Registered Social Landlord (%),8,4,,
64,64,Dwelling stock estimates percentages,2,2,,Swansea,W06000011,12,WXX000002,31/03/2015,31/03/2015,1427846399000,,Owner occupied (%),9,7,,
17,17,Dwelling stock estimates percentages,2,2,,Swansea,W06000011,12,WXX000002,31/03/2015,31/03/2015,1427846399000,,Privately rented (%),10,9,,
12,12,Dwelling stock estimates percentages,2,2,,Swansea,W06000011,12,WXX000002,31/03/2014,31/03/2014,1396310399000,,Local Authority (%),7,2,,
6,6,Dwelling stock estimates percentages,2,2,,Swansea,W06000011,12,WXX000002,31/03/2014,31/03/2014,1396310399000,,Registered Social Landlord (%),8,4,,
66,66,Dwelling stock estimates percentages,2,2,,Swansea,W06000011,12,WXX000002,31/03/2014,31/03/2014,1396310399000,,Owner occupied (%),9,7,,
15,15,Dwelling stock estimates percentages,2,2,,Swansea,W06000011,12,WXX000002,31/03/2014,31/03/2014,1396310399000,,Privately rented (%),10,9,,
12,12,Dwelling stock estimates percentages,2,2,,Swansea,W06000011,12,WXX000002,31/03/2013,31/03/2013,1364774399000,,Local Authority (%),7,2,,
6,6,Dwelling stock estimates percentages,2,2,,Swansea,W06000011,12,WXX000002,31/03/2013,31/03/2013,1364774399000,,Registered Social Landlord (%),8,4,,
66,66,Dwelling stock estimates percentages,2,2,,Swansea,W06000011,12,WXX000002,31/03/2013,31/03/2013,1364774399000,,Owner occupied (%),9,7,,
15,15,Dwelling stock estimates percentages,2,2,,Swansea,W06000011,12,WXX000002,31/03/2013,31/03/2013,1364774399000,,Privately rented (%),10,9,,
12,12,Dwelling stock estimates percentages,2,2,,Swansea,W06000011,12,WXX000002,31/03/2012,31/03/2012,1333238399000,,Local Authority (%),7,2,,
6,6,Dwelling stock estimates percentages,2,2,,Swansea,W06000011,12,WXX000002,31/03/2012,31/03/2012,1333238399000,,Registered Social Landlord (%),8,4,,
65,65,Dwelling stock estimates percentages,2,2,,Swansea,W06000011,12,WXX000002,31/03/2012,31/03/2012,1333238399000,,Owner occupied (%),9,7,,
16,16,Dwelling stock estimates percentages,2,2,,Swansea,W06000011,12,WXX000002,31/03/2012,31/03/2012,1333238399000,,Privately rented (%),10,9,,
19,19,Dwelling stock estimates percentages,2,2,,Neath Port Talbot,W06000012,13,WXX000002,31/03/2024,31/03/2024,1711929599000,,Registered Social Landlord (%),8,4,,
68,68,Dwelling stock estimates percentages,2,2,,Neath Port Talbot,W06000012,13,WXX000002,31/03/2024,31/03/2024,1711929599000,,Owner occupied (%),9,7,,Provisional
13,13,Dwelling stock estimates percentages,2,2,,Neath Port Talbot,W06000012,13,WXX000002,31/03/2024,31/03/2024,1711929599000,,Privately rented (%),10,9,,Provisional
19,19,Dwelling stock estimates percentages,2,2,,Neath Port Talbot,W06000012,13,WXX000002,31/03/2023,31/03/2023,1680307199000,,Registered Social Landlord (%),8,4,,
68,68,Dwelling stock estimates percentages,2,2,,Neath Port Talbot,W06000012,13,WXX000002,31/03/2023,31/03/2023,1680307199000,,Owner occupied (%),9,7,,
13,13,Dwelling stock estimates percentages,2,2,,Neath Port Talbot,W06000012,13,WXX000002,31/03/2023,31/03/2023,1680307199000,,Privately rented (%),10,9,,
19,19,Dwelling stock estimates percentages,2,2,,Neath Port Talbot,W06000012,13,WXX000002,31/03/2022,31/03/2022,1648771199000,,Registered Social Landlord (%),8,4,,
68,68,Dwelling stock estimates percentages,2,2,,Neath Port Talbot,W06000012,13,WXX000002,31/03/2022,31/03/2022,1648771199000,,Owner occupied (%),9,7,,
13,13,Dwelling stock estimates percentages,2,2,,Neath Port Talbot,W06000012,13,WXX000002,31/03/2022,31/03/2022,1648771199000,,Privately rented (%),10,9,,
19,19,Dwelling stock estimates percentages,2,2,,Neath Port Talbot,W06000012,13,WXX000002,31/03/2021,31/03/2021,1617235199000,,Registered Social Landlord (%),8,4,,
70,70,Dwelling stock estimates percentages,2,2,,Neath Port Talbot,W06000012,13,WXX000002,31/03/2021,31/03/2021,1617235199000,,Owner occupied (%),9,7,,
11,11,Dwelling stock estimates percentages,2,2,,Neath Port Talbot,W06000012,13,WXX000002,31/03/2021,31/03/2021,1617235199000,,Privately rented (%),10,9,,
19,19,Dwelling stock estimates percentages,2,2,,Neath Port Talbot,W06000012,13,WXX000002,31/03/2020,31/03/2020,1585699199000,,Registered Social Landlord (%),8,4,,
71,71,Dwelling stock estimates percentages,2,2,,Neath Port Talbot,W06000012,13,WXX000002,31/03/2020,31/03/2020,1585699199000,,Owner occupied (%),9,7,,
10,10,Dwelling stock estimates percentages,2,2,,Neath Port Talbot,W06000012,13,WXX000002,31/03/2020,31/03/2020,1585699199000,,Privately rented (%),10,9,,
19,19,Dwelling stock estimates percentages,2,2,,Neath Port Talbot,W06000012,13,WXX000002,31/03/2019,31/03/2019,1554076799000,,Registered Social Landlord (%),8,4,,
71,71,Dwelling stock estimates percentages,2,2,,Neath Port Talbot,W06000012,13,WXX000002,31/03/2019,31/03/2019,1554076799000,,Owner occupied (%),9,7,,
10,10,Dwelling stock estimates percentages,2,2,,Neath Port Talbot,W06000012,13,WXX000002,31/03/2019,31/03/2019,1554076799000,,Privately rented (%),10,9,,
19,19,Dwelling stock estimates percentages,2,2,,Neath Port Talbot,W06000012,13,WXX000002,31/03/2018,31/03/2018,1522540799000,,Registered Social Landlord (%),8,4,,
70,70,Dwelling stock estimates percentages,2,2,,Neath Port Talbot,W06000012,13,WXX000002,31/03/2018,31/03/2018,1522540799000,,Owner occupied (%),9,7,,
11,11,Dwelling stock estimates percentages,2,2,,Neath Port Talbot,W06000012,13,WXX000002,31/03/2018,31/03/2018,1522540799000,,Privately rented (%),10,9,,
19,19,Dwelling stock estimates percentages,2,2,,Neath Port Talbot,W06000012,13,WXX000002,31/03/2017,31/03/2017,1491004799000,,Registered Social Landlord (%),8,4,,
70,70,Dwelling stock estimates percentages,2,2,,Neath Port Talbot,W06000012,13,WXX000002,31/03/2017,31/03/2017,1491004799000,,Owner occupied (%),9,7,,
11,11,Dwelling stock estimates percentages,2,2,,Neath Port Talbot,W06000012,13,WXX000002,31/03/2017,31/03/2017,1491004799000,,Privately rented (%),10,9,,
19,19,Dwelling stock estimates percentages,2,2,,Neath Port Talbot,W06000012,13,WXX000002,31/03/2016,31/03/2016,1459468799000,,Registered Social Landlord (%),8,4,,
70,70,Dwelling stock estimates percentages,2,2,,Neath Port Talbot,W06000012,13,WXX000002,31/03/2016,31/03/2016,1459468799000,,Owner occupied (%),9,7,,
11,11,Dwelling stock estimates percentages,2,2,,Neath Port Talbot,W06000012,13,WXX000002,31/03/2016,31/03/2016,1459468799000,,Privately rented (%),10,9,,
19,19,Dwelling stock estimates percentages,2,2,,Neath Port Talbot,W06000012,13,WXX000002,31/03/2015,31/03/2015,1427846399000,,Registered Social Landlord (%),8,4,,
69,69,Dwelling stock estimates percentages,2,2,,Neath Port Talbot,W06000012,13,WXX000002,31/03/2015,31/03/2015,1427846399000,,Owner occupied (%),9,7,,
12,12,Dwelling stock estimates percentages,2,2,,Neath Port Talbot,W06000012,13,WXX000002,31/03/2015,31/03/2015,1427846399000,,Privately rented (%),10,9,,
19,19,Dwelling stock estimates percentages,2,2,,Neath Port Talbot,W06000012,13,WXX000002,31/03/2014,31/03/2014,1396310399000,,Registered Social Landlord (%),8,4,,
70,70,Dwelling stock estimates percentages,2,2,,Neath Port Talbot,W06000012,13,WXX000002,31/03/2014,31/03/2014,1396310399000,,Owner occupied (%),9,7,,
11,11,Dwelling stock estimates percentages,2,2,,Neath Port Talbot,W06000012,13,WXX000002,31/03/2014,31/03/2014,1396310399000,,Privately rented (%),10,9,,
19,19,Dwelling stock estimates percentages,2,2,,Neath Port Talbot,W06000012,13,WXX000002,31/03/2013,31/03/2013,1364774399000,,Registered Social Landlord (%),8,4,,
70,70,Dwelling stock estimates percentages,2,2,,Neath Port Talbot,W06000012,13,WXX000002,31/03/2013,31/03/2013,1364774399000,,Owner occupied (%),9,7,,
10,10,Dwelling stock estimates percentages,2,2,,Neath Port Talbot,W06000012,13,WXX000002,31/03/2013,31/03/2013,1364774399000,,Privately rented (%),10,9,,
19,19,Dwelling stock estimates percentages,2,2,,Neath Port Talbot,W06000012,13,WXX000002,31/03/2012,31/03/2012,1333238399000,,Registered Social Landlord (%),8,4,,
71,71,Dwelling stock estimates percentages,2,2,,Neath Port Talbot,W06000012,13,WXX000002,31/03/2012,31/03/2012,1333238399000,,Owner occupied (%),9,7,,
10,10,Dwelling stock estimates percentages,2,2,,Neath Port Talbot,W06000012,13,WXX000002,31/03/2012,31/03/2012,1333238399000,,Privately rented (%),10,9,,
14,14,Dwelling stock estimates percentages,2,2,,Bridgend,W06000013,14,WXX000003,31/03/2024,31/03/2024,1711929599000,,Registered Social Landlord (%),8,4,,
73,73,Dwelling stock estimates percentages,2,2,,Bridgend,W06000013,14,WXX000003,31/03/2024,31/03/2024,1711929599000,,Owner occupied (%),9,7,,Provisional
13,13,Dwelling stock estimates percentages,2,2,,Bridgend,W06000013,14,WXX000003,31/03/2024,31/03/2024,1711929599000,,Privately rented (%),10,9,,Provisional
14,14,Dwelling stock estimates percentages,2,2,,Bridgend,W06000013,14,WXX000003,31/03/2023,31/03/2023,1680307199000,,Registered Social Landlord (%),8,4,,
73,73,Dwelling stock estimates percentages,2,2,,Bridgend,W06000013,14,WXX000003,31/03/2023,31/03/2023,1680307199000,,Owner occupied (%),9,7,,
13,13,Dwelling stock estimates percentages,2,2,,Bridgend,W06000013,14,WXX000003,31/03/2023,31/03/2023,1680307199000,,Privately rented (%),10,9,,
14,14,Dwelling stock estimates percentages,2,2,,Bridgend,W06000013,14,WXX000003,31/03/2022,31/03/2022,1648771199000,,Registered Social Landlord (%),8,4,,
75,75,Dwelling stock estimates percentages,2,2,,Bridgend,W06000013,14,WXX000003,31/03/2022,31/03/2022,1648771199000,,Owner occupied (%),9,7,,
11,11,Dwelling stock estimates percentages,2,2,,Bridgend,W06000013,14,WXX000003,31/03/2022,31/03/2022,1648771199000,,Privately rented (%),10,9,,
14,14,Dwelling stock estimates percentages,2,2,,Bridgend,W06000013,14,WXX000003,31/03/2021,31/03/2021,1617235199000,,Registered Social Landlord (%),8,4,,
75,75,Dwelling stock estimates percentages,2,2,,Bridgend,W06000013,14,WXX000003,31/03/2021,31/03/2021,1617235199000,,Owner occupied (%),9,7,,
12,12,Dwelling stock estimates percentages,2,2,,Bridgend,W06000013,14,WXX000003,31/03/2021,31/03/2021,1617235199000,,Privately rented (%),10,9,,
14,14,Dwelling stock estimates percentages,2,2,,Bridgend,W06000013,14,WXX000003,31/03/2020,31/03/2020,1585699199000,,Registered Social Landlord (%),8,4,,
74,74,Dwelling stock estimates percentages,2,2,,Bridgend,W06000013,14,WXX000003,31/03/2020,31/03/2020,1585699199000,,Owner occupied (%),9,7,,
12,12,Dwelling stock estimates percentages,2,2,,Bridgend,W06000013,14,WXX000003,31/03/2020,31/03/2020,1585699199000,,Privately rented (%),10,9,,
14,14,Dwelling stock estimates percentages,2,2,,Bridgend,W06000013,14,WXX000003,31/03/2019,31/03/2019,1554076799000,,Registered Social Landlord (%),8,4,,
74,74,Dwelling stock estimates percentages,2,2,,Bridgend,W06000013,14,WXX000003,31/03/2019,31/03/2019,1554076799000,,Owner occupied (%),9,7,,
12,12,Dwelling stock estimates percentages,2,2,,Bridgend,W06000013,14,WXX000003,31/03/2019,31/03/2019,1554076799000,,Privately rented (%),10,9,,
14,14,Dwelling stock estimates percentages,2,2,,Bridgend,W06000013,14,WXX000003,31/03/2018,31/03/2018,1522540799000,,Registered Social Landlord (%),8,4,,
74,74,Dwelling stock estimates percentages,2,2,,Bridgend,W06000013,14,WXX000003,31/03/2018,31/03/2018,1522540799000,,Owner occupied (%),9,7,,
13,13,Dwelling stock estimates percentages,2,2,,Bridgend,W06000013,14,WXX000003,31/03/2018,31/03/2018,1522540799000,,Privately rented (%),10,9,,
14,14,Dwelling stock estimates percentages,2,2,,Bridgend,W06000013,14,WXX000003,31/03/2017,31/03/2017,1491004799000,,Registered Social Landlord (%),8,4,,
73,73,Dwelling stock estimates percentages,2,2,,Bridgend,W06000013,14,WXX000003,31/03/2017,31/03/2017,1491004799000,,Owner occupied (%),9,7,,
13,13,Dwelling stock estimates percentages,2,2,,Bridgend,W06000013,14,WXX000003,31/03/2017,31/03/2017,1491004799000,,Privately rented (%),10,9,,
13,13,Dwelling stock estimates percentages,2,2,,Bridgend,W06000013,14,WXX000003,31/03/2016,31/03/2016,1459468799000,,Registered Social Landlord (%),8,4,,
72,72,Dwelling stock estimates percentages,2,2,,Bridgend,W06000013,14,WXX000003,31/03/2016,31/03/2016,1459468799000,,Owner occupied (%),9,7,,
14,14,Dwelling stock estimates percentages,2,2,,Bridgend,W06000013,14,WXX000003,31/03/2016,31/03/2016,1459468799000,,Privately rented (%),10,9,,
14,14,Dwelling stock estimates percentages,2,2,,Bridgend,W06000013,14,WXX000003,31/03/2015,31/03/2015,1427846399000,,Registered Social Landlord (%),8,4,,
71,71,Dwelling stock estimates percentages,2,2,,Bridgend,W06000013,14,WXX000003,31/03/2015,31/03/2015,1427846399000,,Owner occupied (%),9,7,,
15,15,Dwelling stock estimates percentages,2,2,,Bridgend,W06000013,14,WXX000003,31/03/2015,31/03/2015,1427846399000,,Privately rented (%),10,9,,
14,14,Dwelling stock estimates percentages,2,2,,Bridgend,W06000013,14,WXX000003,31/03/2014,31/03/2014,1396310399000,,Registered Social Landlord (%),8,4,,
71,71,Dwelling stock estimates percentages,2,2,,Bridgend,W06000013,14,WXX000003,31/03/2014,31/03/2014,1396310399000,,Owner occupied (%),9,7,,
16,16,Dwelling stock estimates percentages,2,2,,Bridgend,W06000013,14,WXX000003,31/03/2014,31/03/2014,1396310399000,,Privately rented (%),10,9,,
14,14,Dwelling stock estimates percentages,2,2,,Bridgend,W06000013,14,WXX000003,31/03/2013,31/03/2013,1364774399000,,Registered Social Landlord (%),8,4,,
72,72,Dwelling stock estimates percentages,2,2,,Bridgend,W06000013,14,WXX000003,31/03/2013,31/03/2013,1364774399000,,Owner occupied (%),9,7,,
14,14,Dwelling stock estimates percentages,2,2,,Bridgend,W06000013,14,WXX000003,31/03/2013,31/03/2013,1364774399000,,Privately rented (%),10,9,,
14,14,Dwelling stock estimates percentages,2,2,,Bridgend,W06000013,14,WXX000003,31/03/2012,31/03/2012,1333238399000,,Registered Social Landlord (%),8,4,,
73,73,Dwelling stock estimates percentages,2,2,,Bridgend,W06000013,14,WXX000003,31/03/2012,31/03/2012,1333238399000,,Owner occupied (%),9,7,,
13,13,Dwelling stock estimates percentages,2,2,,Bridgend,W06000013,14,WXX000003,31/03/2012,31/03/2012,1333238399000,,Privately rented (%),10,9,,
6,6,Dwelling stock estimates percentages,2,2,,Vale of Glamorgan,W06000014,15,WXX000003,31/03/2024,31/03/2024,1711929599000,,Local Authority (%),7,2,,
6,6,Dwelling stock estimates percentages,2,2,,Vale of Glamorgan,W06000014,15,WXX000003,31/03/2024,31/03/2024,1711929599000,,Registered Social Landlord (%),8,4,,
74,74,Dwelling stock estimates percentages,2,2,,Vale of Glamorgan,W06000014,15,WXX000003,31/03/2024,31/03/2024,1711929599000,,Owner occupied (%),9,7,,Provisional
13,13,Dwelling stock estimates percentages,2,2,,Vale of Glamorgan,W06000014,15,WXX000003,31/03/2024,31/03/2024,1711929599000,,Privately rented (%),10,9,,Provisional
6,6,Dwelling stock estimates percentages,2,2,,Vale of Glamorgan,W06000014,15,WXX000003,31/03/2023,31/03/2023,1680307199000,,Local Authority (%),7,2,,
6,6,Dwelling stock estimates percentages,2,2,,Vale of Glamorgan,W06000014,15,WXX000003,31/03/2023,31/03/2023,1680307199000,,Registered Social Landlord (%),8,4,,
74,74,Dwelling stock estimates percentages,2,2,,Vale of Glamorgan,W06000014,15,WXX000003,31/03/2023,31/03/2023,1680307199000,,Owner occupied (%),9,7,,
13,13,Dwelling stock estimates percentages,2,2,,Vale of Glamorgan,W06000014,15,WXX000003,31/03/2023,31/03/2023,1680307199000,,Privately rented (%),10,9,,
6,6,Dwelling stock estimates percentages,2,2,,Vale of Glamorgan,W06000014,15,WXX000003,31/03/2022,31/03/2022,1648771199000,,Local Authority (%),7,2,,
6,6,Dwelling stock estimates percentages,2,2,,Vale of Glamorgan,W06000014,15,WXX000003,31/03/2022,31/03/2022,1648771199000,,Registered Social Landlord (%),8,4,,
74,74,Dwelling stock estimates percentages,2,2,,Vale of Glamorgan,W06000014,15,WXX000003,31/03/2022,31/03/2022,1648771199000,,Owner occupied (%),9,7,,
13,13,Dwelling stock estimates percentages,2,2,,Vale of Glamorgan,W06000014,15,WXX000003,31/03/2022,31/03/2022,1648771199000,,Privately rented (%),10,9,,
6,6,Dwelling stock estimates percentages,2,2,,Vale of Glamorgan,W06000014,15,WXX000003,31/03/2021,31/03/2021,1617235199000,,Local Authority (%),7,2,,
6,6,Dwelling stock estimates percentages,2,2,,Vale of Glamorgan,W06000014,15,WXX000003,31/03/2021,31/03/2021,1617235199000,,Registered Social Landlord (%),8,4,,
74,74,Dwelling stock estimates percentages,2,2,,Vale of Glamorgan,W06000014,15,WXX000003,31/03/2021,31/03/2021,1617235199000,,Owner occupied (%),9,7,,
13,13,Dwelling stock estimates percentages,2,2,,Vale of Glamorgan,W06000014,15,WXX000003,31/03/2021,31/03/2021,1617235199000,,Privately rented (%),10,9,,
6,6,Dwelling stock estimates percentages,2,2,,Vale of Glamorgan,W06000014,15,WXX000003,31/03/2020,31/03/2020,1585699199000,,Local Authority (%),7,2,,
5,5,Dwelling stock estimates percentages,2,2,,Vale of Glamorgan,W06000014,15,WXX000003,31/03/2020,31/03/2020,1585699199000,,Registered Social Landlord (%),8,4,,
75,75,Dwelling stock estimates percentages,2,2,,Vale of Glamorgan,W06000014,15,WXX000003,31/03/2020,31/03/2020,1585699199000,,Owner occupied (%),9,7,,
13,13,Dwelling stock estimates percentages,2,2,,Vale of Glamorgan,W06000014,15,WXX000003,31/03/2020,31/03/2020,1585699199000,,Privately rented (%),10,9,,
7,7,Dwelling stock estimates percentages,2,2,,Vale of Glamorgan,W06000014,15,WXX000003,31/03/2019,31/03/2019,1554076799000,,Local Authority (%),7,2,,
5,5,Dwelling stock estimates percentages,2,2,,Vale of Glamorgan,W06000014,15,WXX000003,31/03/2019,31/03/2019,1554076799000,,Registered Social Landlord (%),8,4,,
75,75,Dwelling stock estimates percentages,2,2,,Vale of Glamorgan,W06000014,15,WXX000003,31/03/2019,31/03/2019,1554076799000,,Owner occupied (%),9,7,,
13,13,Dwelling stock estimates percentages,2,2,,Vale of Glamorgan,W06000014,15,WXX000003,31/03/2019,31/03/2019,1554076799000,,Privately rented (%),10,9,,
7,7,Dwelling stock estimates percentages,2,2,,Vale of Glamorgan,W06000014,15,WXX000003,31/03/2018,31/03/2018,1522540799000,,Local Authority (%),7,2,,
5,5,Dwelling stock estimates percentages,2,2,,Vale of Glamorgan,W06000014,15,WXX000003,31/03/2018,31/03/2018,1522540799000,,Registered Social Landlord (%),8,4,,
76,76,Dwelling stock estimates percentages,2,2,,Vale of Glamorgan,W06000014,15,WXX000003,31/03/2018,31/03/2018,1522540799000,,Owner occupied (%),9,7,,
12,12,Dwelling stock estimates percentages,2,2,,Vale of Glamorgan,W06000014,15,WXX000003,31/03/2018,31/03/2018,1522540799000,,Privately rented (%),10,9,,
7,7,Dwelling stock estimates percentages,2,2,,Vale of Glamorgan,W06000014,15,WXX000003,31/03/2017,31/03/2017,1491004799000,,Local Authority (%),7,2,,
5,5,Dwelling stock estimates percentages,2,2,,Vale of Glamorgan,W06000014,15,WXX000003,31/03/2017,31/03/2017,1491004799000,,Registered Social Landlord (%),8,4,,
77,77,Dwelling stock estimates percentages,2,2,,Vale of Glamorgan,W06000014,15,WXX000003,31/03/2017,31/03/2017,1491004799000,,Owner occupied (%),9,7,,
12,12,Dwelling stock estimates percentages,2,2,,Vale of Glamorgan,W06000014,15,WXX000003,31/03/2017,31/03/2017,1491004799000,,Privately rented (%),10,9,,
7,7,Dwelling stock estimates percentages,2,2,,Vale of Glamorgan,W06000014,15,WXX000003,31/03/2016,31/03/2016,1459468799000,,Local Authority (%),7,2,,
5,5,Dwelling stock estimates percentages,2,2,,Vale of Glamorgan,W06000014,15,WXX000003,31/03/2016,31/03/2016,1459468799000,,Registered Social Landlord (%),8,4,,
76,76,Dwelling stock estimates percentages,2,2,,Vale of Glamorgan,W06000014,15,WXX000003,31/03/2016,31/03/2016,1459468799000,,Owner occupied (%),9,7,,
13,13,Dwelling stock estimates percentages,2,2,,Vale of Glamorgan,W06000014,15,WXX000003,31/03/2016,31/03/2016,1459468799000,,Privately rented (%),10,9,,
7,7,Dwelling stock estimates percentages,2,2,,Vale of Glamorgan,W06000014,15,WXX000003,31/03/2015,31/03/2015,1427846399000,,Local Authority (%),7,2,,
5,5,Dwelling stock estimates percentages,2,2,,Vale of Glamorgan,W06000014,15,WXX000003,31/03/2015,31/03/2015,1427846399000,,Registered Social Landlord (%),8,4,,
74,74,Dwelling stock estimates percentages,2,2,,Vale of Glamorgan,W06000014,15,WXX000003,31/03/2015,31/03/2015,1427846399000,,Owner occupied (%),9,7,,
14,14,Dwelling stock estimates percentages,2,2,,Vale of Glamorgan,W06000014,15,WXX000003,31/03/2015,31/03/2015,1427846399000,,Privately rented (%),10,9,,
7,7,Dwelling stock estimates percentages,2,2,,Vale of Glamorgan,W06000014,15,WXX000003,31/03/2014,31/03/2014,1396310399000,,Local Authority (%),7,2,,
4,4,Dwelling stock estimates percentages,2,2,,Vale of Glamorgan,W06000014,15,WXX000003,31/03/2014,31/03/2014,1396310399000,,Registered Social Landlord (%),8,4,,
74,74,Dwelling stock estimates percentages,2,2,,Vale of Glamorgan,W06000014,15,WXX000003,31/03/2014,31/03/2014,1396310399000,,Owner occupied (%),9,7,,
15,15,Dwelling stock estimates percentages,2,2,,Vale of Glamorgan,W06000014,15,WXX000003,31/03/2014,31/03/2014,1396310399000,,Privately rented (%),10,9,,
7,7,Dwelling stock estimates percentages,2,2,,Vale of Glamorgan,W06000014,15,WXX000003,31/03/2013,31/03/2013,1364774399000,,Local Authority (%),7,2,,
4,4,Dwelling stock estimates percentages,2,2,,Vale of Glamorgan,W06000014,15,WXX000003,31/03/2013,31/03/2013,1364774399000,,Registered Social Landlord (%),8,4,,
75,75,Dwelling stock estimates percentages,2,2,,Vale of Glamorgan,W06000014,15,WXX000003,31/03/2013,31/03/2013,1364774399000,,Owner occupied (%),9,7,,
14,14,Dwelling stock estimates percentages,2,2,,Vale of Glamorgan,W06000014,15,WXX000003,31/03/2013,31/03/2013,1364774399000,,Privately rented (%),10,9,,
7,7,Dwelling stock estimates percentages,2,2,,Vale of Glamorgan,W06000014,15,WXX000003,31/03/2012,31/03/2012,1333238399000,,Local Authority (%),7,2,,
4,4,Dwelling stock estimates percentages,2,2,,Vale of Glamorgan,W06000014,15,WXX000003,31/03/2012,31/03/2012,1333238399000,,Registered Social Landlord (%),8,4,,
75,75,Dwelling stock estimates percentages,2,2,,Vale of Glamorgan,W06000014,15,WXX000003,31/03/2012,31/03/2012,1333238399000,,Owner occupied (%),9,7,,
14,14,Dwelling stock estimates percentages,2,2,,Vale of Glamorgan,W06000014,15,WXX000003,31/03/2012,31/03/2012,1333238399000,,Privately rented (%),10,9,,
9,9,Dwelling stock estimates percentages,2,2,,Cardiff,W06000015,16,WXX000003,31/03/2024,31/03/2024,1711929599000,,Local Authority (%),7,2,,
8,8,Dwelling stock estimates percentages,2,2,,Cardiff,W06000015,16,WXX000003,31/03/2024,31/03/2024,1711929599000,,Registered Social Landlord (%),8,4,,
63,63,Dwelling stock estimates percentages,2,2,,Cardiff,W06000015,16,WXX000003,31/03/2024,31/03/2024,1711929599000,,Owner occupied (%),9,7,,Provisional
20,20,Dwelling stock estimates percentages,2,2,,Cardiff,W06000015,16,WXX000003,31/03/2024,31/03/2024,1711929599000,,Privately rented (%),10,9,,Provisional
9,9,Dwelling stock estimates percentages,2,2,,Cardiff,W06000015,16,WXX000003,31/03/2023,31/03/2023,1680307199000,,Local Authority (%),7,2,,
8,8,Dwelling stock estimates percentages,2,2,,Cardiff,W06000015,16,WXX000003,31/03/2023,31/03/2023,1680307199000,,Registered Social Landlord (%),8,4,,
63,63,Dwelling stock estimates percentages,2,2,,Cardiff,W06000015,16,WXX000003,31/03/2023,31/03/2023,1680307199000,,Owner occupied (%),9,7,,
20,20,Dwelling stock estimates percentages,2,2,,Cardiff,W06000015,16,WXX000003,31/03/2023,31/03/2023,1680307199000,,Privately rented (%),10,9,,
9,9,Dwelling stock estimates percentages,2,2,,Cardiff,W06000015,16,WXX000003,31/03/2022,31/03/2022,1648771199000,,Local Authority (%),7,2,,
8,8,Dwelling stock estimates percentages,2,2,,Cardiff,W06000015,16,WXX000003,31/03/2022,31/03/2022,1648771199000,,Registered Social Landlord (%),8,4,,
64,64,Dwelling stock estimates percentages,2,2,,Cardiff,W06000015,16,WXX000003,31/03/2022,31/03/2022,1648771199000,,Owner occupied (%),9,7,,
19,19,Dwelling stock estimates percentages,2,2,,Cardiff,W06000015,16,WXX000003,31/03/2022,31/03/2022,1648771199000,,Privately rented (%),10,9,,
9,9,Dwelling stock estimates percentages,2,2,,Cardiff,W06000015,16,WXX000003,31/03/2021,31/03/2021,1617235199000,,Local Authority (%),7,2,,
8,8,Dwelling stock estimates percentages,2,2,,Cardiff,W06000015,16,WXX000003,31/03/2021,31/03/2021,1617235199000,,Registered Social Landlord (%),8,4,,
66,66,Dwelling stock estimates percentages,2,2,,Cardiff,W06000015,16,WXX000003,31/03/2021,31/03/2021,1617235199000,,Owner occupied (%),9,7,,
18,18,Dwelling stock estimates percentages,2,2,,Cardiff,W06000015,16,WXX000003,31/03/2021,31/03/2021,1617235199000,,Privately rented (%),10,9,,
9,9,Dwelling stock estimates percentages,2,2,,Cardiff,W06000015,16,WXX000003,31/03/2020,31/03/2020,1585699199000,,Local Authority (%),7,2,,
8,8,Dwelling stock estimates percentages,2,2,,Cardiff,W06000015,16,WXX000003,31/03/2020,31/03/2020,1585699199000,,Registered Social Landlord (%),8,4,,
65,65,Dwelling stock estimates percentages,2,2,,Cardiff,W06000015,16,WXX000003,31/03/2020,31/03/2020,1585699199000,,Owner occupied (%),9,7,,
18,18,Dwelling stock estimates percentages,2,2,,Cardiff,W06000015,16,WXX000003,31/03/2020,31/03/2020,1585699199000,,Privately rented (%),10,9,,
9,9,Dwelling stock estimates percentages,2,2,,Cardiff,W06000015,16,WXX000003,31/03/2019,31/03/2019,1554076799000,,Local Authority (%),7,2,,
8,8,Dwelling stock estimates percentages,2,2,,Cardiff,W06000015,16,WXX000003,31/03/2019,31/03/2019,1554076799000,,Registered Social Landlord (%),8,4,,
64,64,Dwelling stock estimates percentages,2,2,,Cardiff,W06000015,16,WXX000003,31/03/2019,31/03/2019,1554076799000,,Owner occupied (%),9,7,,
20,20,Dwelling stock estimates percentages,2,2,,Cardiff,W06000015,16,WXX000003,31/03/2019,31/03/2019,1554076799000,,Privately rented (%),10,9,,
9,9,Dwelling stock estimates percentages,2,2,,Cardiff,W06000015,16,WXX000003,31/03/2018,31/03/2018,1522540799000,,Local Authority (%),7,2,,
8,8,Dwelling stock estimates percentages,2,2,,Cardiff,W06000015,16,WXX000003,31/03/2018,31/03/2018,1522540799000,,Registered Social Landlord (%),8,4,,
63,63,Dwelling stock estimates percentages,2,2,,Cardiff,W06000015,16,WXX000003,31/03/2018,31/03/2018,1522540799000,,Owner occupied (%),9,7,,
20,20,Dwelling stock estimates percentages,2,2,,Cardiff,W06000015,16,WXX000003,31/03/2018,31/03/2018,1522540799000,,Privately rented (%),10,9,,
9,9,Dwelling stock estimates percentages,2,2,,Cardiff,W06000015,16,WXX000003,31/03/2017,31/03/2017,1491004799000,,Local Authority (%),7,2,,
8,8,Dwelling stock estimates percentages,2,2,,Cardiff,W06000015,16,WXX000003,31/03/2017,31/03/2017,1491004799000,,Registered Social Landlord (%),8,4,,
65,65,Dwelling stock estimates percentages,2,2,,Cardiff,W06000015,16,WXX000003,31/03/2017,31/03/2017,1491004799000,,Owner occupied (%),9,7,,
19,19,Dwelling stock estimates percentages,2,2,,Cardiff,W06000015,16,WXX000003,31/03/2017,31/03/2017,1491004799000,,Privately rented (%),10,9,,
9,9,Dwelling stock estimates percentages,2,2,,Cardiff,W06000015,16,WXX000003,31/03/2016,31/03/2016,1459468799000,,Local Authority (%),7,2,,
8,8,Dwelling stock estimates percentages,2,2,,Cardiff,W06000015,16,WXX000003,31/03/2016,31/03/2016,1459468799000,,Registered Social Landlord (%),8,4,,
65,65,Dwelling stock estimates percentages,2,2,,Cardiff,W06000015,16,WXX000003,31/03/2016,31/03/2016,1459468799000,,Owner occupied (%),9,7,,
18,18,Dwelling stock estimates percentages,2,2,,Cardiff,W06000015,16,WXX000003,31/03/2016,31/03/2016,1459468799000,,Privately rented (%),10,9,,
9,9,Dwelling stock estimates percentages,2,2,,Cardiff,W06000015,16,WXX000003,31/03/2015,31/03/2015,1427846399000,,Local Authority (%),7,2,,
7,7,Dwelling stock estimates percentages,2,2,,Cardiff,W06000015,16,WXX000003,31/03/2015,31/03/2015,1427846399000,,Registered Social Landlord (%),8,4,,
63,63,Dwelling stock estimates percentages,2,2,,Cardiff,W06000015,16,WXX000003,31/03/2015,31/03/2015,1427846399000,,Owner occupied (%),9,7,,
20,20,Dwelling stock estimates percentages,2,2,,Cardiff,W06000015,16,WXX000003,31/03/2015,31/03/2015,1427846399000,,Privately rented (%),10,9,,
9,9,Dwelling stock estimates percentages,2,2,,Cardiff,W06000015,16,WXX000003,31/03/2014,31/03/2014,1396310399000,,Local Authority (%),7,2,,
7,7,Dwelling stock estimates percentages,2,2,,Cardiff,W06000015,16,WXX000003,31/03/2014,31/03/2014,1396310399000,,Registered Social Landlord (%),8,4,,
62,62,Dwelling stock estimates percentages,2,2,,Cardiff,W06000015,16,WXX000003,31/03/2014,31/03/2014,1396310399000,,Owner occupied (%),9,7,,
21,21,Dwelling stock estimates percentages,2,2,,Cardiff,W06000015,16,WXX000003,31/03/2014,31/03/2014,1396310399000,,Privately rented (%),10,9,,
9,9,Dwelling stock estimates percentages,2,2,,Cardiff,W06000015,16,WXX000003,31/03/2013,31/03/2013,1364774399000,,Local Authority (%),7,2,,
7,7,Dwelling stock estimates percentages,2,2,,Cardiff,W06000015,16,WXX000003,31/03/2013,31/03/2013,1364774399000,,Registered Social Landlord (%),8,4,,
63,63,Dwelling stock estimates percentages,2,2,,Cardiff,W06000015,16,WXX000003,31/03/2013,31/03/2013,1364774399000,,Owner occupied (%),9,7,,
21,21,Dwelling stock estimates percentages,2,2,,Cardiff,W06000015,16,WXX000003,31/03/2013,31/03/2013,1364774399000,,Privately rented (%),10,9,,
9,9,Dwelling stock estimates percentages,2,2,,Cardiff,W06000015,16,WXX000003,31/03/2012,31/03/2012,1333238399000,,Local Authority (%),7,2,,
7,7,Dwelling stock estimates percentages,2,2,,Cardiff,W06000015,16,WXX000003,31/03/2012,31/03/2012,1333238399000,,Registered Social Landlord (%),8,4,,
63,63,Dwelling stock estimates percentages,2,2,,Cardiff,W06000015,16,WXX000003,31/03/2012,31/03/2012,1333238399000,,Owner occupied (%),9,7,,
20,20,Dwelling stock estimates percentages,2,2,,Cardiff,W06000015,16,WXX000003,31/03/2012,31/03/2012,1333238399000,,Privately rented (%),10,9,,
14,14,Dwelling stock estimates percentages,2,2,,Rhondda Cynon Taf,W06000016,17,WXX000003,31/03/2024,31/03/2024,1711929599000,,Registered Social Landlord (%),8,4,,
70,70,Dwelling stock estimates percentages,2,2,,Rhondda Cynon Taf,W06000016,17,WXX000003,31/03/2024,31/03/2024,1711929599000,,Owner occupied (%),9,7,,Provisional
15,15,Dwelling stock estimates percentages,2,2,,Rhondda Cynon Taf,W06000016,17,WXX000003,31/03/2024,31/03/2024,1711929599000,,Privately rented (%),10,9,,Provisional
14,14,Dwelling stock estimates percentages,2,2,,Rhondda Cynon Taf,W06000016,17,WXX000003,31/03/2023,31/03/2023,1680307199000,,Registered Social Landlord (%),8,4,,
70,70,Dwelling stock estimates percentages,2,2,,Rhondda Cynon Taf,W06000016,17,WXX000003,31/03/2023,31/03/2023,1680307199000,,Owner occupied (%),9,7,,
15,15,Dwelling stock estimates percentages,2,2,,Rhondda Cynon Taf,W06000016,17,WXX000003,31/03/2023,31/03/2023,1680307199000,,Privately rented (%),10,9,,
14,14,Dwelling stock estimates percentages,2,2,,Rhondda Cynon Taf,W06000016,17,WXX000003,31/03/2022,31/03/2022,1648771199000,,Registered Social Landlord (%),8,4,,
71,71,Dwelling stock estimates percentages,2,2,,Rhondda Cynon Taf,W06000016,17,WXX000003,31/03/2022,31/03/2022,1648771199000,,Owner occupied (%),9,7,,
15,15,Dwelling stock estimates percentages,2,2,,Rhondda Cynon Taf,W06000016,17,WXX000003,31/03/2022,31/03/2022,1648771199000,,Privately rented (%),10,9,,
14,14,Dwelling stock estimates percentages,2,2,,Rhondda Cynon Taf,W06000016,17,WXX000003,31/03/2021,31/03/2021,1617235199000,,Registered Social Landlord (%),8,4,,
71,71,Dwelling stock estimates percentages,2,2,,Rhondda Cynon Taf,W06000016,17,WXX000003,31/03/2021,31/03/2021,1617235199000,,Owner occupied (%),9,7,,
14,14,Dwelling stock estimates percentages,2,2,,Rhondda Cynon Taf,W06000016,17,WXX000003,31/03/2021,31/03/2021,1617235199000,,Privately rented (%),10,9,,
14,14,Dwelling stock estimates percentages,2,2,,Rhondda Cynon Taf,W06000016,17,WXX000003,31/03/2020,31/03/2020,1585699199000,,Registered Social Landlord (%),8,4,,
70,70,Dwelling stock estimates percentages,2,2,,Rhondda Cynon Taf,W06000016,17,WXX000003,31/03/2020,31/03/2020,1585699199000,,Owner occupied (%),9,7,,
16,16,Dwelling stock estimates percentages,2,2,,Rhondda Cynon Taf,W06000016,17,WXX000003,31/03/2020,31/03/2020,1585699199000,,Privately rented (%),10,9,,
14,14,Dwelling stock estimates percentages,2,2,,Rhondda Cynon Taf,W06000016,17,WXX000003,31/03/2019,31/03/2019,1554076799000,,Registered Social Landlord (%),8,4,,
69,69,Dwelling stock estimates percentages,2,2,,Rhondda Cynon Taf,W06000016,17,WXX000003,31/03/2019,31/03/2019,1554076799000,,Owner occupied (%),9,7,,
17,17,Dwelling stock estimates percentages,2,2,,Rhondda Cynon Taf,W06000016,17,WXX000003,31/03/2019,31/03/2019,1554076799000,,Privately rented (%),10,9,,
14,14,Dwelling stock estimates percentages,2,2,,Rhondda Cynon Taf,W06000016,17,WXX000003,31/03/2018,31/03/2018,1522540799000,,Registered Social Landlord (%),8,4,,
70,70,Dwelling stock estimates percentages,2,2,,Rhondda Cynon Taf,W06000016,17,WXX000003,31/03/2018,31/03/2018,1522540799000,,Owner occupied (%),9,7,,
16,16,Dwelling stock estimates percentages,2,2,,Rhondda Cynon Taf,W06000016,17,WXX000003,31/03/2018,31/03/2018,1522540799000,,Privately rented (%),10,9,,
14,14,Dwelling stock estimates percentages,2,2,,Rhondda Cynon Taf,W06000016,17,WXX000003,31/03/2017,31/03/2017,1491004799000,,Registered Social Landlord (%),8,4,,
72,72,Dwelling stock estimates percentages,2,2,,Rhondda Cynon Taf,W06000016,17,WXX000003,31/03/2017,31/03/2017,1491004799000,,Owner occupied (%),9,7,,
14,14,Dwelling stock estimates percentages,2,2,,Rhondda Cynon Taf,W06000016,17,WXX000003,31/03/2017,31/03/2017,1491004799000,,Privately rented (%),10,9,,
14,14,Dwelling stock estimates percentages,2,2,,Rhondda Cynon Taf,W06000016,17,WXX000003,31/03/2016,31/03/2016,1459468799000,,Registered Social Landlord (%),8,4,,
72,72,Dwelling stock estimates percentages,2,2,,Rhondda Cynon Taf,W06000016,17,WXX000003,31/03/2016,31/03/2016,1459468799000,,Owner occupied (%),9,7,,
14,14,Dwelling stock estimates percentages,2,2,,Rhondda Cynon Taf,W06000016,17,WXX000003,31/03/2016,31/03/2016,1459468799000,,Privately rented (%),10,9,,
14,14,Dwelling stock estimates percentages,2,2,,Rhondda Cynon Taf,W06000016,17,WXX000003,31/03/2015,31/03/2015,1427846399000,,Registered Social Landlord (%),8,4,,
72,72,Dwelling stock estimates percentages,2,2,,Rhondda Cynon Taf,W06000016,17,WXX000003,31/03/2015,31/03/2015,1427846399000,,Owner occupied (%),9,7,,
14,14,Dwelling stock estimates percentages,2,2,,Rhondda Cynon Taf,W06000016,17,WXX000003,31/03/2015,31/03/2015,1427846399000,,Privately rented (%),10,9,,
14,14,Dwelling stock estimates percentages,2,2,,Rhondda Cynon Taf,W06000016,17,WXX000003,31/03/2014,31/03/2014,1396310399000,,Registered Social Landlord (%),8,4,,
72,72,Dwelling stock estimates percentages,2,2,,Rhondda Cynon Taf,W06000016,17,WXX000003,31/03/2014,31/03/2014,1396310399000,,Owner occupied (%),9,7,,
14,14,Dwelling stock estimates percentages,2,2,,Rhondda Cynon Taf,W06000016,17,WXX000003,31/03/2014,31/03/2014,1396310399000,,Privately rented (%),10,9,,
14,14,Dwelling stock estimates percentages,2,2,,Rhondda Cynon Taf,W06000016,17,WXX000003,31/03/2013,31/03/2013,1364774399000,,Registered Social Landlord (%),8,4,,
70,70,Dwelling stock estimates percentages,2,2,,Rhondda Cynon Taf,W06000016,17,WXX000003,31/03/2013,31/03/2013,1364774399000,,Owner occupied (%),9,7,,
15,15,Dwelling stock estimates percentages,2,2,,Rhondda Cynon Taf,W06000016,17,WXX000003,31/03/2013,31/03/2013,1364774399000,,Privately rented (%),10,9,,
14,14,Dwelling stock estimates percentages,2,2,,Rhondda Cynon Taf,W06000016,17,WXX000003,31/03/2012,31/03/2012,1333238399000,,Registered Social Landlord (%),8,4,,
70,70,Dwelling stock estimates percentages,2,2,,Rhondda Cynon Taf,W06000016,17,WXX000003,31/03/2012,31/03/2012,1333238399000,,Owner occupied (%),9,7,,
16,16,Dwelling stock estimates percentages,2,2,,Rhondda Cynon Taf,W06000016,17,WXX000003,31/03/2012,31/03/2012,1333238399000,,Privately rented (%),10,9,,
13,13,Dwelling stock estimates percentages,2,2,,Caerphilly,W06000018,18,WXX000003,31/03/2024,31/03/2024,1711929599000,,Local Authority (%),7,2,,
6,6,Dwelling stock estimates percentages,2,2,,Caerphilly,W06000018,18,WXX000003,31/03/2024,31/03/2024,1711929599000,,Registered Social Landlord (%),8,4,,
70,70,Dwelling stock estimates percentages,2,2,,Caerphilly,W06000018,18,WXX000003,31/03/2024,31/03/2024,1711929599000,,Owner occupied (%),9,7,,Provisional
12,12,Dwelling stock estimates percentages,2,2,,Caerphilly,W06000018,18,WXX000003,31/03/2024,31/03/2024,1711929599000,,Privately rented (%),10,9,,Provisional
13,13,Dwelling stock estimates percentages,2,2,,Caerphilly,W06000018,18,WXX000003,31/03/2023,31/03/2023,1680307199000,,Local Authority (%),7,2,,
6,6,Dwelling stock estimates percentages,2,2,,Caerphilly,W06000018,18,WXX000003,31/03/2023,31/03/2023,1680307199000,,Registered Social Landlord (%),8,4,,
70,70,Dwelling stock estimates percentages,2,2,,Caerphilly,W06000018,18,WXX000003,31/03/2023,31/03/2023,1680307199000,,Owner occupied (%),9,7,,
12,12,Dwelling stock estimates percentages,2,2,,Caerphilly,W06000018,18,WXX000003,31/03/2023,31/03/2023,1680307199000,,Privately rented (%),10,9,,
13,13,Dwelling stock estimates percentages,2,2,,Caerphilly,W06000018,18,WXX000003,31/03/2022,31/03/2022,1648771199000,,Local Authority (%),7,2,,
5,5,Dwelling stock estimates percentages,2,2,,Caerphilly,W06000018,18,WXX000003,31/03/2022,31/03/2022,1648771199000,,Registered Social Landlord (%),8,4,,
69,69,Dwelling stock estimates percentages,2,2,,Caerphilly,W06000018,18,WXX000003,31/03/2022,31/03/2022,1648771199000,,Owner occupied (%),9,7,,
13,13,Dwelling stock estimates percentages,2,2,,Caerphilly,W06000018,18,WXX000003,31/03/2022,31/03/2022,1648771199000,,Privately rented (%),10,9,,
13,13,Dwelling stock estimates percentages,2,2,,Caerphilly,W06000018,18,WXX000003,31/03/2021,31/03/2021,1617235199000,,Local Authority (%),7,2,,
5,5,Dwelling stock estimates percentages,2,2,,Caerphilly,W06000018,18,WXX000003,31/03/2021,31/03/2021,1617235199000,,Registered Social Landlord (%),8,4,,
69,69,Dwelling stock estimates percentages,2,2,,Caerphilly,W06000018,18,WXX000003,31/03/2021,31/03/2021,1617235199000,,Owner occupied (%),9,7,,
12,12,Dwelling stock estimates percentages,2,2,,Caerphilly,W06000018,18,WXX000003,31/03/2021,31/03/2021,1617235199000,,Privately rented (%),10,9,,
13,13,Dwelling stock estimates percentages,2,2,,Caerphilly,W06000018,18,WXX000003,31/03/2020,31/03/2020,1585699199000,,Local Authority (%),7,2,,
5,5,Dwelling stock estimates percentages,2,2,,Caerphilly,W06000018,18,WXX000003,31/03/2020,31/03/2020,1585699199000,,Registered Social Landlord (%),8,4,,
69,69,Dwelling stock estimates percentages,2,2,,Caerphilly,W06000018,18,WXX000003,31/03/2020,31/03/2020,1585699199000,,Owner occupied (%),9,7,,
12,12,Dwelling stock estimates percentages,2,2,,Caerphilly,W06000018,18,WXX000003,31/03/2020,31/03/2020,1585699199000,,Privately rented (%),10,9,,
13,13,Dwelling stock estimates percentages,2,2,,Caerphilly,W06000018,18,WXX000003,31/03/2019,31/03/2019,1554076799000,,Local Authority (%),7,2,,
5,5,Dwelling stock estimates percentages,2,2,,Caerphilly,W06000018,18,WXX000003,31/03/2019,31/03/2019,1554076799000,,Registered Social Landlord (%),8,4,,
69,69,Dwelling stock estimates percentages,2,2,,Caerphilly,W06000018,18,WXX000003,31/03/2019,31/03/2019,1554076799000,,Owner occupied (%),9,7,,
12,12,Dwelling stock estimates percentages,2,2,,Caerphilly,W06000018,18,WXX000003,31/03/2019,31/03/2019,1554076799000,,Privately rented (%),10,9,,
14,14,Dwelling stock estimates percentages,2,2,,Caerphilly,W06000018,18,WXX000003,31/03/2018,31/03/2018,1522540799000,,Local Authority (%),7,2,,
5,5,Dwelling stock estimates percentages,2,2,,Caerphilly,W06000018,18,WXX000003,31/03/2018,31/03/2018,1522540799000,,Registered Social Landlord (%),8,4,,
69,69,Dwelling stock estimates percentages,2,2,,Caerphilly,W06000018,18,WXX000003,31/03/2018,31/03/2018,1522540799000,,Owner occupied (%),9,7,,
12,12,Dwelling stock estimates percentages,2,2,,Caerphilly,W06000018,18,WXX000003,31/03/2018,31/03/2018,1522540799000,,Privately rented (%),10,9,,
14,14,Dwelling stock estimates percentages,2,2,,Caerphilly,W06000018,18,WXX000003,31/03/2017,31/03/2017,1491004799000,,Local Authority (%),7,2,,
5,5,Dwelling stock estimates percentages,2,2,,Caerphilly,W06000018,18,WXX000003,31/03/2017,31/03/2017,1491004799000,,Registered Social Landlord (%),8,4,,
70,70,Dwelling stock estimates percentages,2,2,,Caerphilly,W06000018,18,WXX000003,31/03/2017,31/03/2017,1491004799000,,Owner occupied (%),9,7,,
12,12,Dwelling stock estimates percentages,2,2,,Caerphilly,W06000018,18,WXX000003,31/03/2017,31/03/2017,1491004799000,,Privately rented (%),10,9,,
14,14,Dwelling stock estimates percentages,2,2,,Caerphilly,W06000018,18,WXX000003,31/03/2016,31/03/2016,1459468799000,,Local Authority (%),7,2,,
5,5,Dwelling stock estimates percentages,2,2,,Caerphilly,W06000018,18,WXX000003,31/03/2016,31/03/2016,1459468799000,,Registered Social Landlord (%),8,4,,
70,70,Dwelling stock estimates percentages,2,2,,Caerphilly,W06000018,18,WXX000003,31/03/2016,31/03/2016,1459468799000,,Owner occupied (%),9,7,,
11,11,Dwelling stock estimates percentages,2,2,,Caerphilly,W06000018,18,WXX000003,31/03/2016,31/03/2016,1459468799000,,Privately rented (%),10,9,,
14,14,Dwelling stock estimates percentages,2,2,,Caerphilly,W06000018,18,WXX000003,31/03/2015,31/03/2015,1427846399000,,Local Authority (%),7,2,,
5,5,Dwelling stock estimates percentages,2,2,,Caerphilly,W06000018,18,WXX000003,31/03/2015,31/03/2015,1427846399000,,Registered Social Landlord (%),8,4,,
70,70,Dwelling stock estimates percentages,2,2,,Caerphilly,W06000018,18,WXX000003,31/03/2015,31/03/2015,1427846399000,,Owner occupied (%),9,7,,
11,11,Dwelling stock estimates percentages,2,2,,Caerphilly,W06000018,18,WXX000003,31/03/2015,31/03/2015,1427846399000,,Privately rented (%),10,9,,
14,14,Dwelling stock estimates percentages,2,2,,Caerphilly,W06000018,18,WXX000003,31/03/2014,31/03/2014,1396310399000,,Local Authority (%),7,2,,
5,5,Dwelling stock estimates percentages,2,2,,Caerphilly,W06000018,18,WXX000003,31/03/2014,31/03/2014,1396310399000,,Registered Social Landlord (%),8,4,,
71,71,Dwelling stock estimates percentages,2,2,,Caerphilly,W06000018,18,WXX000003,31/03/2014,31/03/2014,1396310399000,,Owner occupied (%),9,7,,
10,10,Dwelling stock estimates percentages,2,2,,Caerphilly,W06000018,18,WXX000003,31/03/2014,31/03/2014,1396310399000,,Privately rented (%),10,9,,
14,14,Dwelling stock estimates percentages,2,2,,Caerphilly,W06000018,18,WXX000003,31/03/2013,31/03/2013,1364774399000,,Local Authority (%),7,2,,
5,5,Dwelling stock estimates percentages,2,2,,Caerphilly,W06000018,18,WXX000003,31/03/2013,31/03/2013,1364774399000,,Registered Social Landlord (%),8,4,,
72,72,Dwelling stock estimates percentages,2,2,,Caerphilly,W06000018,18,WXX000003,31/03/2013,31/03/2013,1364774399000,,Owner occupied (%),9,7,,
10,10,Dwelling stock estimates percentages,2,2,,Caerphilly,W06000018,18,WXX000003,31/03/2013,31/03/2013,1364774399000,,Privately rented (%),10,9,,
14,14,Dwelling stock estimates percentages,2,2,,Caerphilly,W06000018,18,WXX000003,31/03/2012,31/03/2012,1333238399000,,Local Authority (%),7,2,,
5,5,Dwelling stock estimates percentages,2,2,,Caerphilly,W06000018,18,WXX000003,31/03/2012,31/03/2012,1333238399000,,Registered Social Landlord (%),8,4,,
71,71,Dwelling stock estimates percentages,2,2,,Caerphilly,W06000018,18,WXX000003,31/03/2012,31/03/2012,1333238399000,,Owner occupied (%),9,7,,
11,11,Dwelling stock estimates percentages,2,2,,Caerphilly,W06000018,18,WXX000003,31/03/2012,31/03/2012,1333238399000,,Privately rented (%),10,9,,
24,24,Dwelling stock estimates percentages,2,2,,Blaenau Gwent,W06000019,19,WXX000003,31/03/2024,31/03/2024,1711929599000,,Registered Social Landlord (%),8,4,,
63,63,Dwelling stock estimates percentages,2,2,,Blaenau Gwent,W06000019,19,WXX000003,31/03/2024,31/03/2024,1711929599000,,Owner occupied (%),9,7,,Provisional
13,13,Dwelling stock estimates percentages,2,2,,Blaenau Gwent,W06000019,19,WXX000003,31/03/2024,31/03/2024,1711929599000,,Privately rented (%),10,9,,Provisional
24,24,Dwelling stock estimates percentages,2,2,,Blaenau Gwent,W06000019,19,WXX000003,31/03/2023,31/03/2023,1680307199000,,Registered Social Landlord (%),8,4,,
63,63,Dwelling stock estimates percentages,2,2,,Blaenau Gwent,W06000019,19,WXX000003,31/03/2023,31/03/2023,1680307199000,,Owner occupied (%),9,7,,
13,13,Dwelling stock estimates percentages,2,2,,Blaenau Gwent,W06000019,19,WXX000003,31/03/2023,31/03/2023,1680307199000,,Privately rented (%),10,9,,
24,24,Dwelling stock estimates percentages,2,2,,Blaenau Gwent,W06000019,19,WXX000003,31/03/2022,31/03/2022,1648771199000,,Registered Social Landlord (%),8,4,,
63,63,Dwelling stock estimates percentages,2,2,,Blaenau Gwent,W06000019,19,WXX000003,31/03/2022,31/03/2022,1648771199000,,Owner occupied (%),9,7,,
13,13,Dwelling stock estimates percentages,2,2,,Blaenau Gwent,W06000019,19,WXX000003,31/03/2022,31/03/2022,1648771199000,,Privately rented (%),10,9,,
24,24,Dwelling stock estimates percentages,2,2,,Blaenau Gwent,W06000019,19,WXX000003,31/03/2021,31/03/2021,1617235199000,,Registered Social Landlord (%),8,4,,
63,63,Dwelling stock estimates percentages,2,2,,Blaenau Gwent,W06000019,19,WXX000003,31/03/2021,31/03/2021,1617235199000,,Owner occupied (%),9,7,,
13,13,Dwelling stock estimates percentages,2,2,,Blaenau Gwent,W06000019,19,WXX000003,31/03/2021,31/03/2021,1617235199000,,Privately rented (%),10,9,,
24,24,Dwelling stock estimates percentages,2,2,,Blaenau Gwent,W06000019,19,WXX000003,31/03/2020,31/03/2020,1585699199000,,Registered Social Landlord (%),8,4,,
63,63,Dwelling stock estimates percentages,2,2,,Blaenau Gwent,W06000019,19,WXX000003,31/03/2020,31/03/2020,1585699199000,,Owner occupied (%),9,7,,
14,14,Dwelling stock estimates percentages,2,2,,Blaenau Gwent,W06000019,19,WXX000003,31/03/2020,31/03/2020,1585699199000,,Privately rented (%),10,9,,
24,24,Dwelling stock estimates percentages,2,2,,Blaenau Gwent,W06000019,19,WXX000003,31/03/2019,31/03/2019,1554076799000,,Registered Social Landlord (%),8,4,,
62,62,Dwelling stock estimates percentages,2,2,,Blaenau Gwent,W06000019,19,WXX000003,31/03/2019,31/03/2019,1554076799000,,Owner occupied (%),9,7,,
14,14,Dwelling stock estimates percentages,2,2,,Blaenau Gwent,W06000019,19,WXX000003,31/03/2019,31/03/2019,1554076799000,,Privately rented (%),10,9,,
24,24,Dwelling stock estimates percentages,2,2,,Blaenau Gwent,W06000019,19,WXX000003,31/03/2018,31/03/2018,1522540799000,,Registered Social Landlord (%),8,4,,
63,63,Dwelling stock estimates percentages,2,2,,Blaenau Gwent,W06000019,19,WXX000003,31/03/2018,31/03/2018,1522540799000,,Owner occupied (%),9,7,,
13,13,Dwelling stock estimates percentages,2,2,,Blaenau Gwent,W06000019,19,WXX000003,31/03/2018,31/03/2018,1522540799000,,Privately rented (%),10,9,,
24,24,Dwelling stock estimates percentages,2,2,,Blaenau Gwent,W06000019,19,WXX000003,31/03/2017,31/03/2017,1491004799000,,Registered Social Landlord (%),8,4,,
62,62,Dwelling stock estimates percentages,2,2,,Blaenau Gwent,W06000019,19,WXX000003,31/03/2017,31/03/2017,1491004799000,,Owner occupied (%),9,7,,
14,14,Dwelling stock estimates percentages,2,2,,Blaenau Gwent,W06000019,19,WXX000003,31/03/2017,31/03/2017,1491004799000,,Privately rented (%),10,9,,
24,24,Dwelling stock estimates percentages,2,2,,Blaenau Gwent,W06000019,19,WXX000003,31/03/2016,31/03/2016,1459468799000,,Registered Social Landlord (%),8,4,,
61,61,Dwelling stock estimates percentages,2,2,,Blaenau Gwent,W06000019,19,WXX000003,31/03/2016,31/03/2016,1459468799000,,Owner occupied (%),9,7,,
15,15,Dwelling stock estimates percentages,2,2,,Blaenau Gwent,W06000019,19,WXX000003,31/03/2016,31/03/2016,1459468799000,,Privately rented (%),10,9,,
24,24,Dwelling stock estimates percentages,2,2,,Blaenau Gwent,W06000019,19,WXX000003,31/03/2015,31/03/2015,1427846399000,,Registered Social Landlord (%),8,4,,
60,60,Dwelling stock estimates percentages,2,2,,Blaenau Gwent,W06000019,19,WXX000003,31/03/2015,31/03/2015,1427846399000,,Owner occupied (%),9,7,,
15,15,Dwelling stock estimates percentages,2,2,,Blaenau Gwent,W06000019,19,WXX000003,31/03/2015,31/03/2015,1427846399000,,Privately rented (%),10,9,,
25,25,Dwelling stock estimates percentages,2,2,,Blaenau Gwent,W06000019,19,WXX000003,31/03/2014,31/03/2014,1396310399000,,Registered Social Landlord (%),8,4,,
61,61,Dwelling stock estimates percentages,2,2,,Blaenau Gwent,W06000019,19,WXX000003,31/03/2014,31/03/2014,1396310399000,,Owner occupied (%),9,7,,
14,14,Dwelling stock estimates percentages,2,2,,Blaenau Gwent,W06000019,19,WXX000003,31/03/2014,31/03/2014,1396310399000,,Privately rented (%),10,9,,
25,25,Dwelling stock estimates percentages,2,2,,Blaenau Gwent,W06000019,19,WXX000003,31/03/2013,31/03/2013,1364774399000,,Registered Social Landlord (%),8,4,,
62,62,Dwelling stock estimates percentages,2,2,,Blaenau Gwent,W06000019,19,WXX000003,31/03/2013,31/03/2013,1364774399000,,Owner occupied (%),9,7,,
13,13,Dwelling stock estimates percentages,2,2,,Blaenau Gwent,W06000019,19,WXX000003,31/03/2013,31/03/2013,1364774399000,,Privately rented (%),10,9,,
25,25,Dwelling stock estimates percentages,2,2,,Blaenau Gwent,W06000019,19,WXX000003,31/03/2012,31/03/2012,1333238399000,,Registered Social Landlord (%),8,4,,
63,63,Dwelling stock estimates percentages,2,2,,Blaenau Gwent,W06000019,19,WXX000003,31/03/2012,31/03/2012,1333238399000,,Owner occupied (%),9,7,,
13,13,Dwelling stock estimates percentages,2,2,,Blaenau Gwent,W06000019,19,WXX000003,31/03/2012,31/03/2012,1333238399000,,Privately rented (%),10,9,,
24,24,Dwelling stock estimates percentages,2,2,,Torfaen,W06000020,20,WXX000003,31/03/2024,31/03/2024,1711929599000,,Registered Social Landlord (%),8,4,,
67,67,Dwelling stock estimates percentages,2,2,,Torfaen,W06000020,20,WXX000003,31/03/2024,31/03/2024,1711929599000,,Owner occupied (%),9,7,,Provisional
9,9,Dwelling stock estimates percentages,2,2,,Torfaen,W06000020,20,WXX000003,31/03/2024,31/03/2024,1711929599000,,Privately rented (%),10,9,,Provisional
24,24,Dwelling stock estimates percentages,2,2,,Torfaen,W06000020,20,WXX000003,31/03/2023,31/03/2023,1680307199000,,Registered Social Landlord (%),8,4,,
67,67,Dwelling stock estimates percentages,2,2,,Torfaen,W06000020,20,WXX000003,31/03/2023,31/03/2023,1680307199000,,Owner occupied (%),9,7,,
9,9,Dwelling stock estimates percentages,2,2,,Torfaen,W06000020,20,WXX000003,31/03/2023,31/03/2023,1680307199000,,Privately rented (%),10,9,,
24,24,Dwelling stock estimates percentages,2,2,,Torfaen,W06000020,20,WXX000003,31/03/2022,31/03/2022,1648771199000,,Registered Social Landlord (%),8,4,,
67,67,Dwelling stock estimates percentages,2,2,,Torfaen,W06000020,20,WXX000003,31/03/2022,31/03/2022,1648771199000,,Owner occupied (%),9,7,,
9,9,Dwelling stock estimates percentages,2,2,,Torfaen,W06000020,20,WXX000003,31/03/2022,31/03/2022,1648771199000,,Privately rented (%),10,9,,
24,24,Dwelling stock estimates percentages,2,2,,Torfaen,W06000020,20,WXX000003,31/03/2021,31/03/2021,1617235199000,,Registered Social Landlord (%),8,4,,
68,68,Dwelling stock estimates percentages,2,2,,Torfaen,W06000020,20,WXX000003,31/03/2021,31/03/2021,1617235199000,,Owner occupied (%),9,7,,
8,8,Dwelling stock estimates percentages,2,2,,Torfaen,W06000020,20,WXX000003,31/03/2021,31/03/2021,1617235199000,,Privately rented (%),10,9,,
24,24,Dwelling stock estimates percentages,2,2,,Torfaen,W06000020,20,WXX000003,31/03/2020,31/03/2020,1585699199000,,Registered Social Landlord (%),8,4,,
68,68,Dwelling stock estimates percentages,2,2,,Torfaen,W06000020,20,WXX000003,31/03/2020,31/03/2020,1585699199000,,Owner occupied (%),9,7,,
8,8,Dwelling stock estimates percentages,2,2,,Torfaen,W06000020,20,WXX000003,31/03/2020,31/03/2020,1585699199000,,Privately rented (%),10,9,,
24,24,Dwelling stock estimates percentages,2,2,,Torfaen,W06000020,20,WXX000003,31/03/2019,31/03/2019,1554076799000,,Registered Social Landlord (%),8,4,,
67,67,Dwelling stock estimates percentages,2,2,,Torfaen,W06000020,20,WXX000003,31/03/2019,31/03/2019,1554076799000,,Owner occupied (%),9,7,,
9,9,Dwelling stock estimates percentages,2,2,,Torfaen,W06000020,20,WXX000003,31/03/2019,31/03/2019,1554076799000,,Privately rented (%),10,9,,
24,24,Dwelling stock estimates percentages,2,2,,Torfaen,W06000020,20,WXX000003,31/03/2018,31/03/2018,1522540799000,,Registered Social Landlord (%),8,4,,
66,66,Dwelling stock estimates percentages,2,2,,Torfaen,W06000020,20,WXX000003,31/03/2018,31/03/2018,1522540799000,,Owner occupied (%),9,7,,
10,10,Dwelling stock estimates percentages,2,2,,Torfaen,W06000020,20,WXX000003,31/03/2018,31/03/2018,1522540799000,,Privately rented (%),10,9,,
24,24,Dwelling stock estimates percentages,2,2,,Torfaen,W06000020,20,WXX000003,31/03/2017,31/03/2017,1491004799000,,Registered Social Landlord (%),8,4,,
66,66,Dwelling stock estimates percentages,2,2,,Torfaen,W06000020,20,WXX000003,31/03/2017,31/03/2017,1491004799000,,Owner occupied (%),9,7,,
10,10,Dwelling stock estimates percentages,2,2,,Torfaen,W06000020,20,WXX000003,31/03/2017,31/03/2017,1491004799000,,Privately rented (%),10,9,,
24,24,Dwelling stock estimates percentages,2,2,,Torfaen,W06000020,20,WXX000003,31/03/2016,31/03/2016,1459468799000,,Registered Social Landlord (%),8,4,,
66,66,Dwelling stock estimates percentages,2,2,,Torfaen,W06000020,20,WXX000003,31/03/2016,31/03/2016,1459468799000,,Owner occupied (%),9,7,,
10,10,Dwelling stock estimates percentages,2,2,,Torfaen,W06000020,20,WXX000003,31/03/2016,31/03/2016,1459468799000,,Privately rented (%),10,9,,
24,24,Dwelling stock estimates percentages,2,2,,Torfaen,W06000020,20,WXX000003,31/03/2015,31/03/2015,1427846399000,,Registered Social Landlord (%),8,4,,
67,67,Dwelling stock estimates percentages,2,2,,Torfaen,W06000020,20,WXX000003,31/03/2015,31/03/2015,1427846399000,,Owner occupied (%),9,7,,
9,9,Dwelling stock estimates percentages,2,2,,Torfaen,W06000020,20,WXX000003,31/03/2015,31/03/2015,1427846399000,,Privately rented (%),10,9,,
24,24,Dwelling stock estimates percentages,2,2,,Torfaen,W06000020,20,WXX000003,31/03/2014,31/03/2014,1396310399000,,Registered Social Landlord (%),8,4,,
67,67,Dwelling stock estimates percentages,2,2,,Torfaen,W06000020,20,WXX000003,31/03/2014,31/03/2014,1396310399000,,Owner occupied (%),9,7,,
9,9,Dwelling stock estimates percentages,2,2,,Torfaen,W06000020,20,WXX000003,31/03/2014,31/03/2014,1396310399000,,Privately rented (%),10,9,,
24,24,Dwelling stock estimates percentages,2,2,,Torfaen,W06000020,20,WXX000003,31/03/2013,31/03/2013,1364774399000,,Registered Social Landlord (%),8,4,,
68,68,Dwelling stock estimates percentages,2,2,,Torfaen,W06000020,20,WXX000003,31/03/2013,31/03/2013,1364774399000,,Owner occupied (%),9,7,,
8,8,Dwelling stock estimates percentages,2,2,,Torfaen,W06000020,20,WXX000003,31/03/2013,31/03/2013,1364774399000,,Privately rented (%),10,9,,
24,24,Dwelling stock estimates percentages,2,2,,Torfaen,W06000020,20,WXX000003,31/03/2012,31/03/2012,1333238399000,,Registered Social Landlord (%),8,4,,
68,68,Dwelling stock estimates percentages,2,2,,Torfaen,W06000020,20,WXX000003,31/03/2012,31/03/2012,1333238399000,,Owner occupied (%),9,7,,
7,7,Dwelling stock estimates percentages,2,2,,Torfaen,W06000020,20,WXX000003,31/03/2012,31/03/2012,1333238399000,,Privately rented (%),10,9,,
13,13,Dwelling stock estimates percentages,2,2,,Monmouthshire,W06000021,21,WXX000003,31/03/2024,31/03/2024,1711929599000,,Registered Social Landlord (%),8,4,,
79,79,Dwelling stock estimates percentages,2,2,,Monmouthshire,W06000021,21,WXX000003,31/03/2024,31/03/2024,1711929599000,,Owner occupied (%),9,7,,Provisional
7,7,Dwelling stock estimates percentages,2,2,,Monmouthshire,W06000021,21,WXX000003,31/03/2024,31/03/2024,1711929599000,,Privately rented (%),10,9,,Provisional
13,13,Dwelling stock estimates percentages,2,2,,Monmouthshire,W06000021,21,WXX000003,31/03/2023,31/03/2023,1680307199000,,Registered Social Landlord (%),8,4,,
79,79,Dwelling stock estimates percentages,2,2,,Monmouthshire,W06000021,21,WXX000003,31/03/2023,31/03/2023,1680307199000,,Owner occupied (%),9,7,,
8,8,Dwelling stock estimates percentages,2,2,,Monmouthshire,W06000021,21,WXX000003,31/03/2023,31/03/2023,1680307199000,,Privately rented (%),10,9,,
13,13,Dwelling stock estimates percentages,2,2,,Monmouthshire,W06000021,21,WXX000003,31/03/2022,31/03/2022,1648771199000,,Registered Social Landlord (%),8,4,,
79,79,Dwelling stock estimates percentages,2,2,,Monmouthshire,W06000021,21,WXX000003,31/03/2022,31/03/2022,1648771199000,,Owner occupied (%),9,7,,
8,8,Dwelling stock estimates percentages,2,2,,Monmouthshire,W06000021,21,WXX000003,31/03/2022,31/03/2022,1648771199000,,Privately rented (%),10,9,,
13,13,Dwelling stock estimates percentages,2,2,,Monmouthshire,W06000021,21,WXX000003,31/03/2021,31/03/2021,1617235199000,,Registered Social Landlord (%),8,4,,
78,78,Dwelling stock estimates percentages,2,2,,Monmouthshire,W06000021,21,WXX000003,31/03/2021,31/03/2021,1617235199000,,Owner occupied (%),9,7,,
10,10,Dwelling stock estimates percentages,2,2,,Monmouthshire,W06000021,21,WXX000003,31/03/2021,31/03/2021,1617235199000,,Privately rented (%),10,9,,
13,13,Dwelling stock estimates percentages,2,2,,Monmouthshire,W06000021,21,WXX000003,31/03/2020,31/03/2020,1585699199000,,Registered Social Landlord (%),8,4,,
76,76,Dwelling stock estimates percentages,2,2,,Monmouthshire,W06000021,21,WXX000003,31/03/2020,31/03/2020,1585699199000,,Owner occupied (%),9,7,,
11,11,Dwelling stock estimates percentages,2,2,,Monmouthshire,W06000021,21,WXX000003,31/03/2020,31/03/2020,1585699199000,,Privately rented (%),10,9,,
13,13,Dwelling stock estimates percentages,2,2,,Monmouthshire,W06000021,21,WXX000003,31/03/2019,31/03/2019,1554076799000,,Registered Social Landlord (%),8,4,,
76,76,Dwelling stock estimates percentages,2,2,,Monmouthshire,W06000021,21,WXX000003,31/03/2019,31/03/2019,1554076799000,,Owner occupied (%),9,7,,
11,11,Dwelling stock estimates percentages,2,2,,Monmouthshire,W06000021,21,WXX000003,31/03/2019,31/03/2019,1554076799000,,Privately rented (%),10,9,,
13,13,Dwelling stock estimates percentages,2,2,,Monmouthshire,W06000021,21,WXX000003,31/03/2018,31/03/2018,1522540799000,,Registered Social Landlord (%),8,4,,
75,75,Dwelling stock estimates percentages,2,2,,Monmouthshire,W06000021,21,WXX000003,31/03/2018,31/03/2018,1522540799000,,Owner occupied (%),9,7,,
12,12,Dwelling stock estimates percentages,2,2,,Monmouthshire,W06000021,21,WXX000003,31/03/2018,31/03/2018,1522540799000,,Privately rented (%),10,9,,
13,13,Dwelling stock estimates percentages,2,2,,Monmouthshire,W06000021,21,WXX000003,31/03/2017,31/03/2017,1491004799000,,Registered Social Landlord (%),8,4,,
75,75,Dwelling stock estimates percentages,2,2,,Monmouthshire,W06000021,21,WXX000003,31/03/2017,31/03/2017,1491004799000,,Owner occupied (%),9,7,,
12,12,Dwelling stock estimates percentages,2,2,,Monmouthshire,W06000021,21,WXX000003,31/03/2017,31/03/2017,1491004799000,,Privately rented (%),10,9,,
13,13,Dwelling stock estimates percentages,2,2,,Monmouthshire,W06000021,21,WXX000003,31/03/2016,31/03/2016,1459468799000,,Registered Social Landlord (%),8,4,,
76,76,Dwelling stock estimates percentages,2,2,,Monmouthshire,W06000021,21,WXX000003,31/03/2016,31/03/2016,1459468799000,,Owner occupied (%),9,7,,
11,11,Dwelling stock estimates percentages,2,2,,Monmouthshire,W06000021,21,WXX000003,31/03/2016,31/03/2016,1459468799000,,Privately rented (%),10,9,,
13,13,Dwelling stock estimates percentages,2,2,,Monmouthshire,W06000021,21,WXX000003,31/03/2015,31/03/2015,1427846399000,,Registered Social Landlord (%),8,4,,
77,77,Dwelling stock estimates percentages,2,2,,Monmouthshire,W06000021,21,WXX000003,31/03/2015,31/03/2015,1427846399000,,Owner occupied (%),9,7,,
10,10,Dwelling stock estimates percentages,2,2,,Monmouthshire,W06000021,21,WXX000003,31/03/2015,31/03/2015,1427846399000,,Privately rented (%),10,9,,
13,13,Dwelling stock estimates percentages,2,2,,Monmouthshire,W06000021,21,WXX000003,31/03/2014,31/03/2014,1396310399000,,Registered Social Landlord (%),8,4,,
77,77,Dwelling stock estimates percentages,2,2,,Monmouthshire,W06000021,21,WXX000003,31/03/2014,31/03/2014,1396310399000,,Owner occupied (%),9,7,,
10,10,Dwelling stock estimates percentages,2,2,,Monmouthshire,W06000021,21,WXX000003,31/03/2014,31/03/2014,1396310399000,,Privately rented (%),10,9,,
13,13,Dwelling stock estimates percentages,2,2,,Monmouthshire,W06000021,21,WXX000003,31/03/2013,31/03/2013,1364774399000,,Registered Social Landlord (%),8,4,,
76,76,Dwelling stock estimates percentages,2,2,,Monmouthshire,W06000021,21,WXX000003,31/03/2013,31/03/2013,1364774399000,,Owner occupied (%),9,7,,
11,11,Dwelling stock estimates percentages,2,2,,Monmouthshire,W06000021,21,WXX000003,31/03/2013,31/03/2013,1364774399000,,Privately rented (%),10,9,,
13,13,Dwelling stock estimates percentages,2,2,,Monmouthshire,W06000021,21,WXX000003,31/03/2012,31/03/2012,1333238399000,,Registered Social Landlord (%),8,4,,
76,76,Dwelling stock estimates percentages,2,2,,Monmouthshire,W06000021,21,WXX000003,31/03/2012,31/03/2012,1333238399000,,Owner occupied (%),9,7,,
11,11,Dwelling stock estimates percentages,2,2,,Monmouthshire,W06000021,21,WXX000003,31/03/2012,31/03/2012,1333238399000,,Privately rented (%),10,9,,
20,20,Dwelling stock estimates percentages,2,2,,Newport,W06000022,22,WXX000003,31/03/2024,31/03/2024,1711929599000,,Registered Social Landlord (%),8,4,,
68,68,Dwelling stock estimates percentages,2,2,,Newport,W06000022,22,WXX000003,31/03/2024,31/03/2024,1711929599000,,Owner occupied (%),9,7,,Provisional
12,12,Dwelling stock estimates percentages,2,2,,Newport,W06000022,22,WXX000003,31/03/2024,31/03/2024,1711929599000,,Privately rented (%),10,9,,Provisional
20,20,Dwelling stock estimates percentages,2,2,,Newport,W06000022,22,WXX000003,31/03/2023,31/03/2023,1680307199000,,Registered Social Landlord (%),8,4,,
69,69,Dwelling stock estimates percentages,2,2,,Newport,W06000022,22,WXX000003,31/03/2023,31/03/2023,1680307199000,,Owner occupied (%),9,7,,
12,12,Dwelling stock estimates percentages,2,2,,Newport,W06000022,22,WXX000003,31/03/2023,31/03/2023,1680307199000,,Privately rented (%),10,9,,
20,20,Dwelling stock estimates percentages,2,2,,Newport,W06000022,22,WXX000003,31/03/2022,31/03/2022,1648771199000,,Registered Social Landlord (%),8,4,,
68,68,Dwelling stock estimates percentages,2,2,,Newport,W06000022,22,WXX000003,31/03/2022,31/03/2022,1648771199000,,Owner occupied (%),9,7,,
12,12,Dwelling stock estimates percentages,2,2,,Newport,W06000022,22,WXX000003,31/03/2022,31/03/2022,1648771199000,,Privately rented (%),10,9,,
19,19,Dwelling stock estimates percentages,2,2,,Newport,W06000022,22,WXX000003,31/03/2021,31/03/2021,1617235199000,,Registered Social Landlord (%),8,4,,
68,68,Dwelling stock estimates percentages,2,2,,Newport,W06000022,22,WXX000003,31/03/2021,31/03/2021,1617235199000,,Owner occupied (%),9,7,,
12,12,Dwelling stock estimates percentages,2,2,,Newport,W06000022,22,WXX000003,31/03/2021,31/03/2021,1617235199000,,Privately rented (%),10,9,,
19,19,Dwelling stock estimates percentages,2,2,,Newport,W06000022,22,WXX000003,31/03/2020,31/03/2020,1585699199000,,Registered Social Landlord (%),8,4,,
69,69,Dwelling stock estimates percentages,2,2,,Newport,W06000022,22,WXX000003,31/03/2020,31/03/2020,1585699199000,,Owner occupied (%),9,7,,
12,12,Dwelling stock estimates percentages,2,2,,Newport,W06000022,22,WXX000003,31/03/2020,31/03/2020,1585699199000,,Privately rented (%),10,9,,
19,19,Dwelling stock estimates percentages,2,2,,Newport,W06000022,22,WXX000003,31/03/2019,31/03/2019,1554076799000,,Registered Social Landlord (%),8,4,,
67,67,Dwelling stock estimates percentages,2,2,,Newport,W06000022,22,WXX000003,31/03/2019,31/03/2019,1554076799000,,Owner occupied (%),9,7,,
14,14,Dwelling stock estimates percentages,2,2,,Newport,W06000022,22,WXX000003,31/03/2019,31/03/2019,1554076799000,,Privately rented (%),10,9,,
19,19,Dwelling stock estimates percentages,2,2,,Newport,W06000022,22,WXX000003,31/03/2018,31/03/2018,1522540799000,,Registered Social Landlord (%),8,4,,
65,65,Dwelling stock estimates percentages,2,2,,Newport,W06000022,22,WXX000003,31/03/2018,31/03/2018,1522540799000,,Owner occupied (%),9,7,,
16,16,Dwelling stock estimates percentages,2,2,,Newport,W06000022,22,WXX000003,31/03/2018,31/03/2018,1522540799000,,Privately rented (%),10,9,,
19,19,Dwelling stock estimates percentages,2,2,,Newport,W06000022,22,WXX000003,31/03/2017,31/03/2017,1491004799000,,Registered Social Landlord (%),8,4,,
64,64,Dwelling stock estimates percentages,2,2,,Newport,W06000022,22,WXX000003,31/03/2017,31/03/2017,1491004799000,,Owner occupied (%),9,7,,
16,16,Dwelling stock estimates percentages,2,2,,Newport,W06000022,22,WXX000003,31/03/2017,31/03/2017,1491004799000,,Privately rented (%),10,9,,
19,19,Dwelling stock estimates percentages,2,2,,Newport,W06000022,22,WXX000003,31/03/2016,31/03/2016,1459468799000,,Registered Social Landlord (%),8,4,,
65,65,Dwelling stock estimates percentages,2,2,,Newport,W06000022,22,WXX000003,31/03/2016,31/03/2016,1459468799000,,Owner occupied (%),9,7,,
15,15,Dwelling stock estimates percentages,2,2,,Newport,W06000022,22,WXX000003,31/03/2016,31/03/2016,1459468799000,,Privately rented (%),10,9,,
20,20,Dwelling stock estimates percentages,2,2,,Newport,W06000022,22,WXX000003,31/03/2015,31/03/2015,1427846399000,,Registered Social Landlord (%),8,4,,
67,67,Dwelling stock estimates percentages,2,2,,Newport,W06000022,22,WXX000003,31/03/2015,31/03/2015,1427846399000,,Owner occupied (%),9,7,,
14,14,Dwelling stock estimates percentages,2,2,,Newport,W06000022,22,WXX000003,31/03/2015,31/03/2015,1427846399000,,Privately rented (%),10,9,,
20,20,Dwelling stock estimates percentages,2,2,,Newport,W06000022,22,WXX000003,31/03/2014,31/03/2014,1396310399000,,Registered Social Landlord (%),8,4,,
67,67,Dwelling stock estimates percentages,2,2,,Newport,W06000022,22,WXX000003,31/03/2014,31/03/2014,1396310399000,,Owner occupied (%),9,7,,
13,13,Dwelling stock estimates percentages,2,2,,Newport,W06000022,22,WXX000003,31/03/2014,31/03/2014,1396310399000,,Privately rented (%),10,9,,
20,20,Dwelling stock estimates percentages,2,2,,Newport,W06000022,22,WXX000003,31/03/2013,31/03/2013,1364774399000,,Registered Social Landlord (%),8,4,,
67,67,Dwelling stock estimates percentages,2,2,,Newport,W06000022,22,WXX000003,31/03/2013,31/03/2013,1364774399000,,Owner occupied (%),9,7,,
13,13,Dwelling stock estimates percentages,2,2,,Newport,W06000022,22,WXX000003,31/03/2013,31/03/2013,1364774399000,,Privately rented (%),10,9,,
20,20,Dwelling stock estimates percentages,2,2,,Newport,W06000022,22,WXX000003,31/03/2012,31/03/2012,1333238399000,,Registered Social Landlord (%),8,4,,
66,66,Dwelling stock estimates percentages,2,2,,Newport,W06000022,22,WXX000003,31/03/2012,31/03/2012,1333238399000,,Owner occupied (%),9,7,,
13,13,Dwelling stock estimates percentages,2,2,,Newport,W06000022,22,WXX000003,31/03/2012,31/03/2012,1333238399000,,Privately rented (%),10,9,,
8,8,Dwelling stock estimates percentages,2,2,,Powys,W06000023,23,WXX000003,31/03/2024,31/03/2024,1711929599000,,Local Authority (%),7,2,,
5,5,Dwelling stock estimates percentages,2,2,,Powys,W06000023,23,WXX000003,31/03/2024,31/03/2024,1711929599000,,Registered Social Landlord (%),8,4,,
75,75,Dwelling stock estimates percentages,2,2,,Powys,W06000023,23,WXX000003,31/03/2024,31/03/2024,1711929599000,,Owner occupied (%),9,7,,Provisional
12,12,Dwelling stock estimates percentages,2,2,,Powys,W06000023,23,WXX000003,31/03/2024,31/03/2024,1711929599000,,Privately rented (%),10,9,,Provisional
8,8,Dwelling stock estimates percentages,2,2,,Powys,W06000023,23,WXX000003,31/03/2023,31/03/2023,1680307199000,,Local Authority (%),7,2,,
5,5,Dwelling stock estimates percentages,2,2,,Powys,W06000023,23,WXX000003,31/03/2023,31/03/2023,1680307199000,,Registered Social Landlord (%),8,4,,
75,75,Dwelling stock estimates percentages,2,2,,Powys,W06000023,23,WXX000003,31/03/2023,31/03/2023,1680307199000,,Owner occupied (%),9,7,,
12,12,Dwelling stock estimates percentages,2,2,,Powys,W06000023,23,WXX000003,31/03/2023,31/03/2023,1680307199000,,Privately rented (%),10,9,,
8,8,Dwelling stock estimates percentages,2,2,,Powys,W06000023,23,WXX000003,31/03/2022,31/03/2022,1648771199000,,Local Authority (%),7,2,,
5,5,Dwelling stock estimates percentages,2,2,,Powys,W06000023,23,WXX000003,31/03/2022,31/03/2022,1648771199000,,Registered Social Landlord (%),8,4,,
74,74,Dwelling stock estimates percentages,2,2,,Powys,W06000023,23,WXX000003,31/03/2022,31/03/2022,1648771199000,,Owner occupied (%),9,7,,
13,13,Dwelling stock estimates percentages,2,2,,Powys,W06000023,23,WXX000003,31/03/2022,31/03/2022,1648771199000,,Privately rented (%),10,9,,
8,8,Dwelling stock estimates percentages,2,2,,Powys,W06000023,23,WXX000003,31/03/2021,31/03/2021,1617235199000,,Local Authority (%),7,2,,
5,5,Dwelling stock estimates percentages,2,2,,Powys,W06000023,23,WXX000003,31/03/2021,31/03/2021,1617235199000,,Registered Social Landlord (%),8,4,,
72,72,Dwelling stock estimates percentages,2,2,,Powys,W06000023,23,WXX000003,31/03/2021,31/03/2021,1617235199000,,Owner occupied (%),9,7,,
15,15,Dwelling stock estimates percentages,2,2,,Powys,W06000023,23,WXX000003,31/03/2021,31/03/2021,1617235199000,,Privately rented (%),10,9,,
8,8,Dwelling stock estimates percentages,2,2,,Powys,W06000023,23,WXX000003,31/03/2020,31/03/2020,1585699199000,,Local Authority (%),7,2,,
5,5,Dwelling stock estimates percentages,2,2,,Powys,W06000023,23,WXX000003,31/03/2020,31/03/2020,1585699199000,,Registered Social Landlord (%),8,4,,
71,71,Dwelling stock estimates percentages,2,2,,Powys,W06000023,23,WXX000003,31/03/2020,31/03/2020,1585699199000,,Owner occupied (%),9,7,,
16,16,Dwelling stock estimates percentages,2,2,,Powys,W06000023,23,WXX000003,31/03/2020,31/03/2020,1585699199000,,Privately rented (%),10,9,,
8,8,Dwelling stock estimates percentages,2,2,,Powys,W06000023,23,WXX000003,31/03/2019,31/03/2019,1554076799000,,Local Authority (%),7,2,,
5,5,Dwelling stock estimates percentages,2,2,,Powys,W06000023,23,WXX000003,31/03/2019,31/03/2019,1554076799000,,Registered Social Landlord (%),8,4,,
71,71,Dwelling stock estimates percentages,2,2,,Powys,W06000023,23,WXX000003,31/03/2019,31/03/2019,1554076799000,,Owner occupied (%),9,7,,
17,17,Dwelling stock estimates percentages,2,2,,Powys,W06000023,23,WXX000003,31/03/2019,31/03/2019,1554076799000,,Privately rented (%),10,9,,
8,8,Dwelling stock estimates percentages,2,2,,Powys,W06000023,23,WXX000003,31/03/2018,31/03/2018,1522540799000,,Local Authority (%),7,2,,
5,5,Dwelling stock estimates percentages,2,2,,Powys,W06000023,23,WXX000003,31/03/2018,31/03/2018,1522540799000,,Registered Social Landlord (%),8,4,,
70,70,Dwelling stock estimates percentages,2,2,,Powys,W06000023,23,WXX000003,31/03/2018,31/03/2018,1522540799000,,Owner occupied (%),9,7,,
17,17,Dwelling stock estimates percentages,2,2,,Powys,W06000023,23,WXX000003,31/03/2018,31/03/2018,1522540799000,,Privately rented (%),10,9,,
8,8,Dwelling stock estimates percentages,2,2,,Powys,W06000023,23,WXX000003,31/03/2017,31/03/2017,1491004799000,,Local Authority (%),7,2,,
4,4,Dwelling stock estimates percentages,2,2,,Powys,W06000023,23,WXX000003,31/03/2017,31/03/2017,1491004799000,,Registered Social Landlord (%),8,4,,
70,70,Dwelling stock estimates percentages,2,2,,Powys,W06000023,23,WXX000003,31/03/2017,31/03/2017,1491004799000,,Owner occupied (%),9,7,,
17,17,Dwelling stock estimates percentages,2,2,,Powys,W06000023,23,WXX000003,31/03/2017,31/03/2017,1491004799000,,Privately rented (%),10,9,,
8,8,Dwelling stock estimates percentages,2,2,,Powys,W06000023,23,WXX000003,31/03/2016,31/03/2016,1459468799000,,Local Authority (%),7,2,,
4,4,Dwelling stock estimates percentages,2,2,,Powys,W06000023,23,WXX000003,31/03/2016,31/03/2016,1459468799000,,Registered Social Landlord (%),8,4,,
70,70,Dwelling stock estimates percentages,2,2,,Powys,W06000023,23,WXX000003,31/03/2016,31/03/2016,1459468799000,,Owner occupied (%),9,7,,
17,17,Dwelling stock estimates percentages,2,2,,Powys,W06000023,23,WXX000003,31/03/2016,31/03/2016,1459468799000,,Privately rented (%),10,9,,
8,8,Dwelling stock estimates percentages,2,2,,Powys,W06000023,23,WXX000003,31/03/2015,31/03/2015,1427846399000,,Local Authority (%),7,2,,
4,4,Dwelling stock estimates percentages,2,2,,Powys,W06000023,23,WXX000003,31/03/2015,31/03/2015,1427846399000,,Registered Social Landlord (%),8,4,,
72,72,Dwelling stock estimates percentages,2,2,,Powys,W06000023,23,WXX000003,31/03/2015,31/03/2015,1427846399000,,Owner occupied (%),9,7,,
16,16,Dwelling stock estimates percentages,2,2,,Powys,W06000023,23,WXX000003,31/03/2015,31/03/2015,1427846399000,,Privately rented (%),10,9,,
8,8,Dwelling stock estimates percentages,2,2,,Powys,W06000023,23,WXX000003,31/03/2014,31/03/2014,1396310399000,,Local Authority (%),7,2,,
4,4,Dwelling stock estimates percentages,2,2,,Powys,W06000023,23,WXX000003,31/03/2014,31/03/2014,1396310399000,,Registered Social Landlord (%),8,4,,
73,73,Dwelling stock estimates percentages,2,2,,Powys,W06000023,23,WXX000003,31/03/2014,31/03/2014,1396310399000,,Owner occupied (%),9,7,,
14,14,Dwelling stock estimates percentages,2,2,,Powys,W06000023,23,WXX000003,31/03/2014,31/03/2014,1396310399000,,Privately rented (%),10,9,,
8,8,Dwelling stock estimates percentages,2,2,,Powys,W06000023,23,WXX000003,31/03/2013,31/03/2013,1364774399000,,Local Authority (%),7,2,,
4,4,Dwelling stock estimates percentages,2,2,,Powys,W06000023,23,WXX000003,31/03/2013,31/03/2013,1364774399000,,Registered Social Landlord (%),8,4,,
74,74,Dwelling stock estimates percentages,2,2,,Powys,W06000023,23,WXX000003,31/03/2013,31/03/2013,1364774399000,,Owner occupied (%),9,7,,
14,14,Dwelling stock estimates percentages,2,2,,Powys,W06000023,23,WXX000003,31/03/2013,31/03/2013,1364774399000,,Privately rented (%),10,9,,
8,8,Dwelling stock estimates percentages,2,2,,Powys,W06000023,23,WXX000003,31/03/2012,31/03/2012,1333238399000,,Local Authority (%),7,2,,
4,4,Dwelling stock estimates percentages,2,2,,Powys,W06000023,23,WXX000003,31/03/2012,31/03/2012,1333238399000,,Registered Social Landlord (%),8,4,,
73,73,Dwelling stock estimates percentages,2,2,,Powys,W06000023,23,WXX000003,31/03/2012,31/03/2012,1333238399000,,Owner occupied (%),9,7,,
14,14,Dwelling stock estimates percentages,2,2,,Powys,W06000023,23,WXX000003,31/03/2012,31/03/2012,1333238399000,,Privately rented (%),10,9,,
7,7,Dwelling stock estimates percentages,2,2,,North Wales,WXX000001,24,W92000004,31/03/2024,31/03/2024,1711929599000,,Local Authority (%),7,2,,
7,7,Dwelling stock estimates percentages,2,2,,North Wales,WXX000001,24,W92000004,31/03/2024,31/03/2024,1711929599000,,Registered Social Landlord (%),8,4,,
72,72,Dwelling stock estimates percentages,2,2,,North Wales,WXX000001,24,W92000004,31/03/2024,31/03/2024,1711929599000,,Owner occupied (%),9,7,,Provisional
13,13,Dwelling stock estimates percentages,2,2,,North Wales,WXX000001,24,W92000004,31/03/2024,31/03/2024,1711929599000,,Privately rented (%),10,9,,Provisional
7,7,Dwelling stock estimates percentages,2,2,,North Wales,WXX000001,24,W92000004,31/03/2023,31/03/2023,1680307199000,,Local Authority (%),7,2,,
7,7,Dwelling stock estimates percentages,2,2,,North Wales,WXX000001,24,W92000004,31/03/2023,31/03/2023,1680307199000,,Registered Social Landlord (%),8,4,,
72,72,Dwelling stock estimates percentages,2,2,,North Wales,WXX000001,24,W92000004,31/03/2023,31/03/2023,1680307199000,,Owner occupied (%),9,7,,
13,13,Dwelling stock estimates percentages,2,2,,North Wales,WXX000001,24,W92000004,31/03/2023,31/03/2023,1680307199000,,Privately rented (%),10,9,,
7,7,Dwelling stock estimates percentages,2,2,,North Wales,WXX000001,24,W92000004,31/03/2022,31/03/2022,1648771199000,,Local Authority (%),7,2,,
7,7,Dwelling stock estimates percentages,2,2,,North Wales,WXX000001,24,W92000004,31/03/2022,31/03/2022,1648771199000,,Registered Social Landlord (%),8,4,,
72,72,Dwelling stock estimates percentages,2,2,,North Wales,WXX000001,24,W92000004,31/03/2022,31/03/2022,1648771199000,,Owner occupied (%),9,7,,
13,13,Dwelling stock estimates percentages,2,2,,North Wales,WXX000001,24,W92000004,31/03/2022,31/03/2022,1648771199000,,Privately rented (%),10,9,,
8,8,Dwelling stock estimates percentages,2,2,,North Wales,WXX000001,24,W92000004,31/03/2021,31/03/2021,1617235199000,,Local Authority (%),7,2,,
7,7,Dwelling stock estimates percentages,2,2,,North Wales,WXX000001,24,W92000004,31/03/2021,31/03/2021,1617235199000,,Registered Social Landlord (%),8,4,,
73,73,Dwelling stock estimates percentages,2,2,,North Wales,WXX000001,24,W92000004,31/03/2021,31/03/2021,1617235199000,,Owner occupied (%),9,7,,
13,13,Dwelling stock estimates percentages,2,2,,North Wales,WXX000001,24,W92000004,31/03/2021,31/03/2021,1617235199000,,Privately rented (%),10,9,,
8,8,Dwelling stock estimates percentages,2,2,,North Wales,WXX000001,24,W92000004,31/03/2020,31/03/2020,1585699199000,,Local Authority (%),7,2,,
7,7,Dwelling stock estimates percentages,2,2,,North Wales,WXX000001,24,W92000004,31/03/2020,31/03/2020,1585699199000,,Registered Social Landlord (%),8,4,,
73,73,Dwelling stock estimates percentages,2,2,,North Wales,WXX000001,24,W92000004,31/03/2020,31/03/2020,1585699199000,,Owner occupied (%),9,7,,
13,13,Dwelling stock estimates percentages,2,2,,North Wales,WXX000001,24,W92000004,31/03/2020,31/03/2020,1585699199000,,Privately rented (%),10,9,,
8,8,Dwelling stock estimates percentages,2,2,,North Wales,WXX000001,24,W92000004,31/03/2019,31/03/2019,1554076799000,,Local Authority (%),7,2,,
7,7,Dwelling stock estimates percentages,2,2,,North Wales,WXX000001,24,W92000004,31/03/2019,31/03/2019,1554076799000,,Registered Social Landlord (%),8,4,,
72,72,Dwelling stock estimates percentages,2,2,,North Wales,WXX000001,24,W92000004,31/03/2019,31/03/2019,1554076799000,,Owner occupied (%),9,7,,
13,13,Dwelling stock estimates percentages,2,2,,North Wales,WXX000001,24,W92000004,31/03/2019,31/03/2019,1554076799000,,Privately rented (%),10,9,,
8,8,Dwelling stock estimates percentages,2,2,,North Wales,WXX000001,24,W92000004,31/03/2018,31/03/2018,1522540799000,,Local Authority (%),7,2,,
7,7,Dwelling stock estimates percentages,2,2,,North Wales,WXX000001,24,W92000004,31/03/2018,31/03/2018,1522540799000,,Registered Social Landlord (%),8,4,,
72,72,Dwelling stock estimates percentages,2,2,,North Wales,WXX000001,24,W92000004,31/03/2018,31/03/2018,1522540799000,,Owner occupied (%),9,7,,
13,13,Dwelling stock estimates percentages,2,2,,North Wales,WXX000001,24,W92000004,31/03/2018,31/03/2018,1522540799000,,Privately rented (%),10,9,,
8,8,Dwelling stock estimates percentages,2,2,,North Wales,WXX000001,24,W92000004,31/03/2017,31/03/2017,1491004799000,,Local Authority (%),7,2,,
7,7,Dwelling stock estimates percentages,2,2,,North Wales,WXX000001,24,W92000004,31/03/2017,31/03/2017,1491004799000,,Registered Social Landlord (%),8,4,,
72,72,Dwelling stock estimates percentages,2,2,,North Wales,WXX000001,24,W92000004,31/03/2017,31/03/2017,1491004799000,,Owner occupied (%),9,7,,
14,14,Dwelling stock estimates percentages,2,2,,North Wales,WXX000001,24,W92000004,31/03/2017,31/03/2017,1491004799000,,Privately rented (%),10,9,,
8,8,Dwelling stock estimates percentages,2,2,,North Wales,WXX000001,24,W92000004,31/03/2016,31/03/2016,1459468799000,,Local Authority (%),7,2,,
7,7,Dwelling stock estimates percentages,2,2,,North Wales,WXX000001,24,W92000004,31/03/2016,31/03/2016,1459468799000,,Registered Social Landlord (%),8,4,,
72,72,Dwelling stock estimates percentages,2,2,,North Wales,WXX000001,24,W92000004,31/03/2016,31/03/2016,1459468799000,,Owner occupied (%),9,7,,
14,14,Dwelling stock estimates percentages,2,2,,North Wales,WXX000001,24,W92000004,31/03/2016,31/03/2016,1459468799000,,Privately rented (%),10,9,,
8,8,Dwelling stock estimates percentages,2,2,,North Wales,WXX000001,24,W92000004,31/03/2015,31/03/2015,1427846399000,,Local Authority (%),7,2,,
7,7,Dwelling stock estimates percentages,2,2,,North Wales,WXX000001,24,W92000004,31/03/2015,31/03/2015,1427846399000,,Registered Social Landlord (%),8,4,,
71,71,Dwelling stock estimates percentages,2,2,,North Wales,WXX000001,24,W92000004,31/03/2015,31/03/2015,1427846399000,,Owner occupied (%),9,7,,
14,14,Dwelling stock estimates percentages,2,2,,North Wales,WXX000001,24,W92000004,31/03/2015,31/03/2015,1427846399000,,Privately rented (%),10,9,,
8,8,Dwelling stock estimates percentages,2,2,,North Wales,WXX000001,24,W92000004,31/03/2014,31/03/2014,1396310399000,,Local Authority (%),7,2,,
7,7,Dwelling stock estimates percentages,2,2,,North Wales,WXX000001,24,W92000004,31/03/2014,31/03/2014,1396310399000,,Registered Social Landlord (%),8,4,,
72,72,Dwelling stock estimates percentages,2,2,,North Wales,WXX000001,24,W92000004,31/03/2014,31/03/2014,1396310399000,,Owner occupied (%),9,7,,
14,14,Dwelling stock estimates percentages,2,2,,North Wales,WXX000001,24,W92000004,31/03/2014,31/03/2014,1396310399000,,Privately rented (%),10,9,,
8,8,Dwelling stock estimates percentages,2,2,,North Wales,WXX000001,24,W92000004,31/03/2013,31/03/2013,1364774399000,,Local Authority (%),7,2,,
7,7,Dwelling stock estimates percentages,2,2,,North Wales,WXX000001,24,W92000004,31/03/2013,31/03/2013,1364774399000,,Registered Social Landlord (%),8,4,,
72,72,Dwelling stock estimates percentages,2,2,,North Wales,WXX000001,24,W92000004,31/03/2013,31/03/2013,1364774399000,,Owner occupied (%),9,7,,
13,13,Dwelling stock estimates percentages,2,2,,North Wales,WXX000001,24,W92000004,31/03/2013,31/03/2013,1364774399000,,Privately rented (%),10,9,,
8,8,Dwelling stock estimates percentages,2,2,,North Wales,WXX000001,24,W92000004,31/03/2012,31/03/2012,1333238399000,,Local Authority (%),7,2,,
7,7,Dwelling stock estimates percentages,2,2,,North Wales,WXX000001,24,W92000004,31/03/2012,31/03/2012,1333238399000,,Registered Social Landlord (%),8,4,,
72,72,Dwelling stock estimates percentages,2,2,,North Wales,WXX000001,24,W92000004,31/03/2012,31/03/2012,1333238399000,,Owner occupied (%),9,7,,
13,13,Dwelling stock estimates percentages,2,2,,North Wales,WXX000001,24,W92000004,31/03/2012,31/03/2012,1333238399000,,Privately rented (%),10,9,,
8,8,Dwelling stock estimates percentages,2,2,,Mid and South West Wales,WXX000002,25,W92000004,31/03/2024,31/03/2024,1711929599000,,Local Authority (%),7,2,,
8,8,Dwelling stock estimates percentages,2,2,,Mid and South West Wales,WXX000002,25,W92000004,31/03/2024,31/03/2024,1711929599000,,Registered Social Landlord (%),8,4,,
72,72,Dwelling stock estimates percentages,2,2,,Mid and South West Wales,WXX000002,25,W92000004,31/03/2024,31/03/2024,1711929599000,,Owner occupied (%),9,7,,Provisional
13,13,Dwelling stock estimates percentages,2,2,,Mid and South West Wales,WXX000002,25,W92000004,31/03/2024,31/03/2024,1711929599000,,Privately rented (%),10,9,,Provisional
8,8,Dwelling stock estimates percentages,2,2,,Mid and South West Wales,WXX000002,25,W92000004,31/03/2023,31/03/2023,1680307199000,,Local Authority (%),7,2,,
8,8,Dwelling stock estimates percentages,2,2,,Mid and South West Wales,WXX000002,25,W92000004,31/03/2023,31/03/2023,1680307199000,,Registered Social Landlord (%),8,4,,
72,72,Dwelling stock estimates percentages,2,2,,Mid and South West Wales,WXX000002,25,W92000004,31/03/2023,31/03/2023,1680307199000,,Owner occupied (%),9,7,,
13,13,Dwelling stock estimates percentages,2,2,,Mid and South West Wales,WXX000002,25,W92000004,31/03/2023,31/03/2023,1680307199000,,Privately rented (%),10,9,,
8,8,Dwelling stock estimates percentages,2,2,,Mid and South West Wales,WXX000002,25,W92000004,31/03/2022,31/03/2022,1648771199000,,Local Authority (%),7,2,,
8,8,Dwelling stock estimates percentages,2,2,,Mid and South West Wales,WXX000002,25,W92000004,31/03/2022,31/03/2022,1648771199000,,Registered Social Landlord (%),8,4,,
71,71,Dwelling stock estimates percentages,2,2,,Mid and South West Wales,WXX000002,25,W92000004,31/03/2022,31/03/2022,1648771199000,,Owner occupied (%),9,7,,
13,13,Dwelling stock estimates percentages,2,2,,Mid and South West Wales,WXX000002,25,W92000004,31/03/2022,31/03/2022,1648771199000,,Privately rented (%),10,9,,
8,8,Dwelling stock estimates percentages,2,2,,Mid and South West Wales,WXX000002,25,W92000004,31/03/2021,31/03/2021,1617235199000,,Local Authority (%),7,2,,
8,8,Dwelling stock estimates percentages,2,2,,Mid and South West Wales,WXX000002,25,W92000004,31/03/2021,31/03/2021,1617235199000,,Registered Social Landlord (%),8,4,,
71,71,Dwelling stock estimates percentages,2,2,,Mid and South West Wales,WXX000002,25,W92000004,31/03/2021,31/03/2021,1617235199000,,Owner occupied (%),9,7,,
14,14,Dwelling stock estimates percentages,2,2,,Mid and South West Wales,WXX000002,25,W92000004,31/03/2021,31/03/2021,1617235199000,,Privately rented (%),10,9,,
8,8,Dwelling stock estimates percentages,2,2,,Mid and South West Wales,WXX000002,25,W92000004,31/03/2020,31/03/2020,1585699199000,,Local Authority (%),7,2,,
7,7,Dwelling stock estimates percentages,2,2,,Mid and South West Wales,WXX000002,25,W92000004,31/03/2020,31/03/2020,1585699199000,,Registered Social Landlord (%),8,4,,
71,71,Dwelling stock estimates percentages,2,2,,Mid and South West Wales,WXX000002,25,W92000004,31/03/2020,31/03/2020,1585699199000,,Owner occupied (%),9,7,,
14,14,Dwelling stock estimates percentages,2,2,,Mid and South West Wales,WXX000002,25,W92000004,31/03/2020,31/03/2020,1585699199000,,Privately rented (%),10,9,,
8,8,Dwelling stock estimates percentages,2,2,,Mid and South West Wales,WXX000002,25,W92000004,31/03/2019,31/03/2019,1554076799000,,Local Authority (%),7,2,,
7,7,Dwelling stock estimates percentages,2,2,,Mid and South West Wales,WXX000002,25,W92000004,31/03/2019,31/03/2019,1554076799000,,Registered Social Landlord (%),8,4,,
71,71,Dwelling stock estimates percentages,2,2,,Mid and South West Wales,WXX000002,25,W92000004,31/03/2019,31/03/2019,1554076799000,,Owner occupied (%),9,7,,
14,14,Dwelling stock estimates percentages,2,2,,Mid and South West Wales,WXX000002,25,W92000004,31/03/2019,31/03/2019,1554076799000,,Privately rented (%),10,9,,
8,8,Dwelling stock estimates percentages,2,2,,Mid and South West Wales,WXX000002,25,W92000004,31/03/2018,31/03/2018,1522540799000,,Local Authority (%),7,2,,
7,7,Dwelling stock estimates percentages,2,2,,Mid and South West Wales,WXX000002,25,W92000004,31/03/2018,31/03/2018,1522540799000,,Registered Social Landlord (%),8,4,,
70,70,Dwelling stock estimates percentages,2,2,,Mid and South West Wales,WXX000002,25,W92000004,31/03/2018,31/03/2018,1522540799000,,Owner occupied (%),9,7,,
14,14,Dwelling stock estimates percentages,2,2,,Mid and South West Wales,WXX000002,25,W92000004,31/03/2018,31/03/2018,1522540799000,,Privately rented (%),10,9,,
8,8,Dwelling stock estimates percentages,2,2,,Mid and South West Wales,WXX000002,25,W92000004,31/03/2017,31/03/2017,1491004799000,,Local Authority (%),7,2,,
7,7,Dwelling stock estimates percentages,2,2,,Mid and South West Wales,WXX000002,25,W92000004,31/03/2017,31/03/2017,1491004799000,,Registered Social Landlord (%),8,4,,
70,70,Dwelling stock estimates percentages,2,2,,Mid and South West Wales,WXX000002,25,W92000004,31/03/2017,31/03/2017,1491004799000,,Owner occupied (%),9,7,,
15,15,Dwelling stock estimates percentages,2,2,,Mid and South West Wales,WXX000002,25,W92000004,31/03/2017,31/03/2017,1491004799000,,Privately rented (%),10,9,,
8,8,Dwelling stock estimates percentages,2,2,,Mid and South West Wales,WXX000002,25,W92000004,31/03/2016,31/03/2016,1459468799000,,Local Authority (%),7,2,,
7,7,Dwelling stock estimates percentages,2,2,,Mid and South West Wales,WXX000002,25,W92000004,31/03/2016,31/03/2016,1459468799000,,Registered Social Landlord (%),8,4,,
70,70,Dwelling stock estimates percentages,2,2,,Mid and South West Wales,WXX000002,25,W92000004,31/03/2016,31/03/2016,1459468799000,,Owner occupied (%),9,7,,
15,15,Dwelling stock estimates percentages,2,2,,Mid and South West Wales,WXX000002,25,W92000004,31/03/2016,31/03/2016,1459468799000,,Privately rented (%),10,9,,
8,8,Dwelling stock estimates percentages,2,2,,Mid and South West Wales,WXX000002,25,W92000004,31/03/2015,31/03/2015,1427846399000,,Local Authority (%),7,2,,
7,7,Dwelling stock estimates percentages,2,2,,Mid and South West Wales,WXX000002,25,W92000004,31/03/2015,31/03/2015,1427846399000,,Registered Social Landlord (%),8,4,,
70,70,Dwelling stock estimates percentages,2,2,,Mid and South West Wales,WXX000002,25,W92000004,31/03/2015,31/03/2015,1427846399000,,Owner occupied (%),9,7,,
15,15,Dwelling stock estimates percentages,2,2,,Mid and South West Wales,WXX000002,25,W92000004,31/03/2015,31/03/2015,1427846399000,,Privately rented (%),10,9,,
8,8,Dwelling stock estimates percentages,2,2,,Mid and South West Wales,WXX000002,25,W92000004,31/03/2014,31/03/2014,1396310399000,,Local Authority (%),7,2,,
7,7,Dwelling stock estimates percentages,2,2,,Mid and South West Wales,WXX000002,25,W92000004,31/03/2014,31/03/2014,1396310399000,,Registered Social Landlord (%),8,4,,
71,71,Dwelling stock estimates percentages,2,2,,Mid and South West Wales,WXX000002,25,W92000004,31/03/2014,31/03/2014,1396310399000,,Owner occupied (%),9,7,,
14,14,Dwelling stock estimates percentages,2,2,,Mid and South West Wales,WXX000002,25,W92000004,31/03/2014,31/03/2014,1396310399000,,Privately rented (%),10,9,,
8,8,Dwelling stock estimates percentages,2,2,,Mid and South West Wales,WXX000002,25,W92000004,31/03/2013,31/03/2013,1364774399000,,Local Authority (%),7,2,,
7,7,Dwelling stock estimates percentages,2,2,,Mid and South West Wales,WXX000002,25,W92000004,31/03/2013,31/03/2013,1364774399000,,Registered Social Landlord (%),8,4,,
71,71,Dwelling stock estimates percentages,2,2,,Mid and South West Wales,WXX000002,25,W92000004,31/03/2013,31/03/2013,1364774399000,,Owner occupied (%),9,7,,
13,13,Dwelling stock estimates percentages,2,2,,Mid and South West Wales,WXX000002,25,W92000004,31/03/2013,31/03/2013,1364774399000,,Privately rented (%),10,9,,
8,8,Dwelling stock estimates percentages,2,2,,Mid and South West Wales,WXX000002,25,W92000004,31/03/2012,31/03/2012,1333238399000,,Local Authority (%),7,2,,
7,7,Dwelling stock estimates percentages,2,2,,Mid and South West Wales,WXX000002,25,W92000004,31/03/2012,31/03/2012,1333238399000,,Registered Social Landlord (%),8,4,,
71,71,Dwelling stock estimates percentages,2,2,,Mid and South West Wales,WXX000002,25,W92000004,31/03/2012,31/03/2012,1333238399000,,Owner occupied (%),9,7,,
14,14,Dwelling stock estimates percentages,2,2,,Mid and South West Wales,WXX000002,25,W92000004,31/03/2012,31/03/2012,1333238399000,,Privately rented (%),10,9,,
4,4,Dwelling stock estimates percentages,2,2,,South East Wales,WXX000003,26,W92000004,31/03/2024,31/03/2024,1711929599000,,Local Authority (%),7,2,,
13,13,Dwelling stock estimates percentages,2,2,,South East Wales,WXX000003,26,W92000004,31/03/2024,31/03/2024,1711929599000,,Registered Social Landlord (%),8,4,,
69,69,Dwelling stock estimates percentages,2,2,,South East Wales,WXX000003,26,W92000004,31/03/2024,31/03/2024,1711929599000,,Owner occupied (%),9,7,,Provisional
14,14,Dwelling stock estimates percentages,2,2,,South East Wales,WXX000003,26,W92000004,31/03/2024,31/03/2024,1711929599000,,Privately rented (%),10,9,,Provisional
4,4,Dwelling stock estimates percentages,2,2,,South East Wales,WXX000003,26,W92000004,31/03/2023,31/03/2023,1680307199000,,Local Authority (%),7,2,,
13,13,Dwelling stock estimates percentages,2,2,,South East Wales,WXX000003,26,W92000004,31/03/2023,31/03/2023,1680307199000,,Registered Social Landlord (%),8,4,,
69,69,Dwelling stock estimates percentages,2,2,,South East Wales,WXX000003,26,W92000004,31/03/2023,31/03/2023,1680307199000,,Owner occupied (%),9,7,,
14,14,Dwelling stock estimates percentages,2,2,,South East Wales,WXX000003,26,W92000004,31/03/2023,31/03/2023,1680307199000,,Privately rented (%),10,9,,
4,4,Dwelling stock estimates percentages,2,2,,South East Wales,WXX000003,26,W92000004,31/03/2022,31/03/2022,1648771199000,,Local Authority (%),7,2,,
13,13,Dwelling stock estimates percentages,2,2,,South East Wales,WXX000003,26,W92000004,31/03/2022,31/03/2022,1648771199000,,Registered Social Landlord (%),8,4,,
69,69,Dwelling stock estimates percentages,2,2,,South East Wales,WXX000003,26,W92000004,31/03/2022,31/03/2022,1648771199000,,Owner occupied (%),9,7,,
14,14,Dwelling stock estimates percentages,2,2,,South East Wales,WXX000003,26,W92000004,31/03/2022,31/03/2022,1648771199000,,Privately rented (%),10,9,,
4,4,Dwelling stock estimates percentages,2,2,,South East Wales,WXX000003,26,W92000004,31/03/2021,31/03/2021,1617235199000,,Local Authority (%),7,2,,
13,13,Dwelling stock estimates percentages,2,2,,South East Wales,WXX000003,26,W92000004,31/03/2021,31/03/2021,1617235199000,,Registered Social Landlord (%),8,4,,
70,70,Dwelling stock estimates percentages,2,2,,South East Wales,WXX000003,26,W92000004,31/03/2021,31/03/2021,1617235199000,,Owner occupied (%),9,7,,
13,13,Dwelling stock estimates percentages,2,2,,South East Wales,WXX000003,26,W92000004,31/03/2021,31/03/2021,1617235199000,,Privately rented (%),10,9,,
4,4,Dwelling stock estimates percentages,2,2,,South East Wales,WXX000003,26,W92000004,31/03/2020,31/03/2020,1585699199000,,Local Authority (%),7,2,,
13,13,Dwelling stock estimates percentages,2,2,,South East Wales,WXX000003,26,W92000004,31/03/2020,31/03/2020,1585699199000,,Registered Social Landlord (%),8,4,,
69,69,Dwelling stock estimates percentages,2,2,,South East Wales,WXX000003,26,W92000004,31/03/2020,31/03/2020,1585699199000,,Owner occupied (%),9,7,,
14,14,Dwelling stock estimates percentages,2,2,,South East Wales,WXX000003,26,W92000004,31/03/2020,31/03/2020,1585699199000,,Privately rented (%),10,9,,
4,4,Dwelling stock estimates percentages,2,2,,South East Wales,WXX000003,26,W92000004,31/03/2019,31/03/2019,1554076799000,,Local Authority (%),7,2,,
13,13,Dwelling stock estimates percentages,2,2,,South East Wales,WXX000003,26,W92000004,31/03/2019,31/03/2019,1554076799000,,Registered Social Landlord (%),8,4,,
68,68,Dwelling stock estimates percentages,2,2,,South East Wales,WXX000003,26,W92000004,31/03/2019,31/03/2019,1554076799000,,Owner occupied (%),9,7,,
15,15,Dwelling stock estimates percentages,2,2,,South East Wales,WXX000003,26,W92000004,31/03/2019,31/03/2019,1554076799000,,Privately rented (%),10,9,,
4,4,Dwelling stock estimates percentages,2,2,,South East Wales,WXX000003,26,W92000004,31/03/2018,31/03/2018,1522540799000,,Local Authority (%),7,2,,
13,13,Dwelling stock estimates percentages,2,2,,South East Wales,WXX000003,26,W92000004,31/03/2018,31/03/2018,1522540799000,,Registered Social Landlord (%),8,4,,
68,68,Dwelling stock estimates percentages,2,2,,South East Wales,WXX000003,26,W92000004,31/03/2018,31/03/2018,1522540799000,,Owner occupied (%),9,7,,
15,15,Dwelling stock estimates percentages,2,2,,South East Wales,WXX000003,26,W92000004,31/03/2018,31/03/2018,1522540799000,,Privately rented (%),10,9,,
4,4,Dwelling stock estimates percentages,2,2,,South East Wales,WXX000003,26,W92000004,31/03/2017,31/03/2017,1491004799000,,Local Authority (%),7,2,,
13,13,Dwelling stock estimates percentages,2,2,,South East Wales,WXX000003,26,W92000004,31/03/2017,31/03/2017,1491004799000,,Registered Social Landlord (%),8,4,,
69,69,Dwelling stock estimates percentages,2,2,,South East Wales,WXX000003,26,W92000004,31/03/2017,31/03/2017,1491004799000,,Owner occupied (%),9,7,,
14,14,Dwelling stock estimates percentages,2,2,,South East Wales,WXX000003,26,W92000004,31/03/2017,31/03/2017,1491004799000,,Privately rented (%),10,9,,
4,4,Dwelling stock estimates percentages,2,2,,South East Wales,WXX000003,26,W92000004,31/03/2016,31/03/2016,1459468799000,,Local Authority (%),7,2,,
13,13,Dwelling stock estimates percentages,2,2,,South East Wales,WXX000003,26,W92000004,31/03/2016,31/03/2016,1459468799000,,Registered Social Landlord (%),8,4,,
69,69,Dwelling stock estimates percentages,2,2,,South East Wales,WXX000003,26,W92000004,31/03/2016,31/03/2016,1459468799000,,Owner occupied (%),9,7,,
14,14,Dwelling stock estimates percentages,2,2,,South East Wales,WXX000003,26,W92000004,31/03/2016,31/03/2016,1459468799000,,Privately rented (%),10,9,,
4,4,Dwelling stock estimates percentages,2,2,,South East Wales,WXX000003,26,W92000004,31/03/2015,31/03/2015,1427846399000,,Local Authority (%),7,2,,
13,13,Dwelling stock estimates percentages,2,2,,South East Wales,WXX000003,26,W92000004,31/03/2015,31/03/2015,1427846399000,,Registered Social Landlord (%),8,4,,
68,68,Dwelling stock estimates percentages,2,2,,South East Wales,WXX000003,26,W92000004,31/03/2015,31/03/2015,1427846399000,,Owner occupied (%),9,7,,
15,15,Dwelling stock estimates percentages,2,2,,South East Wales,WXX000003,26,W92000004,31/03/2015,31/03/2015,1427846399000,,Privately rented (%),10,9,,
4,4,Dwelling stock estimates percentages,2,2,,South East Wales,WXX000003,26,W92000004,31/03/2014,31/03/2014,1396310399000,,Local Authority (%),7,2,,
13,13,Dwelling stock estimates percentages,2,2,,South East Wales,WXX000003,26,W92000004,31/03/2014,31/03/2014,1396310399000,,Registered Social Landlord (%),8,4,,
68,68,Dwelling stock estimates percentages,2,2,,South East Wales,WXX000003,26,W92000004,31/03/2014,31/03/2014,1396310399000,,Owner occupied (%),9,7,,
15,15,Dwelling stock estimates percentages,2,2,,South East Wales,WXX000003,26,W92000004,31/03/2014,31/03/2014,1396310399000,,Privately rented (%),10,9,,
4,4,Dwelling stock estimates percentages,2,2,,South East Wales,WXX000003,26,W92000004,31/03/2013,31/03/2013,1364774399000,,Local Authority (%),7,2,,
13,13,Dwelling stock estimates percentages,2,2,,South East Wales,WXX000003,26,W92000004,31/03/2013,31/03/2013,1364774399000,,Registered Social Landlord (%),8,4,,
69,69,Dwelling stock estimates percentages,2,2,,South East Wales,WXX000003,26,W92000004,31/03/2013,31/03/2013,1364774399000,,Owner occupied (%),9,7,,
14,14,Dwelling stock estimates percentages,2,2,,South East Wales,WXX000003,26,W92000004,31/03/2013,31/03/2013,1364774399000,,Privately rented (%),10,9,,
4,4,Dwelling stock estimates percentages,2,2,,South East Wales,WXX000003,26,W92000004,31/03/2012,31/03/2012,1333238399000,,Local Authority (%),7,2,,
13,13,Dwelling stock estimates percentages,2,2,,South East Wales,WXX000003,26,W92000004,31/03/2012,31/03/2012,1333238399000,,Registered Social Landlord (%),8,4,,
69,69,Dwelling stock estimates percentages,2,2,,South East Wales,WXX000003,26,W92000004,31/03/2012,31/03/2012,1333238399000,,Owner occupied (%),9,7,,
14,14,Dwelling stock estimates percentages,2,2,,South East Wales,WXX000003,26,W92000004,31/03/2012,31/03/2012,1333238399000,,Privately rented (%),10,9,,